employee_id,department,role,privilege_level,security_training_completed,previous_training_score,total_simulations,emails_opened,links_clicked,attachments_opened,credentials_submitted,phishing_emails_reported,simulations_failed,remediation_trainings,targeted_scenarios,average_failure_probability,average_reporting_time_seconds,targeted_attack_failure_rate,email_open_rate,click_rate,attachment_open_rate,credential_submission_rate,reporting_rate,failure_rate,remediation_rate,non_failure_rate,report_to_failure_ratio,privilege_risk_value,training_risk,reporting_quality,privilege_risk_normalized,failure_risk_component,credential_risk_component,click_risk_component,training_risk_component,targeted_risk_component,privilege_risk_component,reporting_reduction,raw_risk_score,risk_score,risk_level,recommended_action,primary_risk_driver
EMP0001,Human Resources,HR Specialist,High,1,85,10,10,2,1,2,7,4,4,2,0.2825,299.5714,1.0,1.0,0.2,0.1,0.2,0.7,0.4,0.4,0.6,1.75,3,0.15,0.7,0.6666666666666666,12.0,4.0,3.0,1.5,10.0,6.666666666666666,3.5,33.666666666666664,35.44,High,Assign targeted phishing awareness training and reassess within 30 days,Phishing Failures
EMP0002,Sales,Sales Representative,Low,1,96,10,8,0,1,0,6,2,2,0,0.2074,272.0,0.0,0.8,0.0,0.1,0.0,0.6,0.2,0.2,0.8,3.0,1,0.04,0.6,0.0,6.0,0.0,0.0,0.4,0.0,0.0,3.0,3.4000000000000004,3.58,Low,Maintain standard awareness training and periodic phishing simulation,Phishing Failures
EMP0003,Human Resources,HR Manager,Medium,1,96,10,8,1,1,1,4,2,2,2,0.2188,174.0,0.5,0.8,0.1,0.1,0.1,0.4,0.2,0.2,0.8,2.0,2,0.04,0.4,0.3333333333333333,6.0,2.0,1.5,0.4,5.0,3.333333333333333,2.0,16.233333333333334,17.09,Low,Maintain standard awareness training and periodic phishing simulation,Phishing Failures
EMP0004,Marketing,Marketing Specialist,Low,1,87,10,8,2,0,1,3,4,4,0,0.2911,301.0,0.0,0.8,0.2,0.0,0.1,0.3,0.4,0.4,0.6,0.75,1,0.13,0.3,0.0,12.0,2.0,3.0,1.3,0.0,0.0,1.5,16.8,17.68,Low,Maintain standard awareness training and periodic phishing simulation,Phishing Failures
EMP0005,Human Resources,HR Specialist,Medium,1,72,10,6,1,0,0,3,3,3,2,0.2703,344.0,0.5,0.6,0.1,0.0,0.0,0.3,0.3,0.3,0.7,1.0,2,0.28,0.3,0.3333333333333333,9.0,0.0,1.5,2.8000000000000003,5.0,3.333333333333333,1.5,20.133333333333333,21.19,Moderate,Provide refresher awareness training and continue behavioral monitoring,Phishing Failures
EMP0006,Finance,Finance Manager,Medium,1,72,10,9,1,1,0,4,2,2,1,0.247,309.0,0.0,0.9,0.1,0.1,0.0,0.4,0.2,0.2,0.8,2.0,2,0.28,0.4,0.3333333333333333,6.0,0.0,1.5,2.8000000000000003,0.0,3.333333333333333,2.0,11.633333333333333,12.25,Low,Maintain standard awareness training and periodic phishing simulation,Phishing Failures
EMP0007,Marketing,Marketing Specialist,Medium,1,65,10,9,3,0,3,5,4,4,0,0.3806,199.2,0.0,0.9,0.3,0.0,0.3,0.5,0.4,0.4,0.6,1.25,2,0.35,0.5,0.3333333333333333,12.0,6.0,4.5,3.5,0.0,3.333333333333333,2.5,26.833333333333332,28.25,Moderate,Provide refresher awareness training and continue behavioral monitoring,Phishing Failures
EMP0008,Operations,Operations Analyst,Low,1,81,10,8,3,0,2,5,3,3,0,0.2874,305.0,0.0,0.8,0.3,0.0,0.2,0.5,0.3,0.3,0.7,1.6667,1,0.19,0.5,0.0,9.0,4.0,4.5,1.9,0.0,0.0,2.5,16.9,17.79,Low,Maintain standard awareness training and periodic phishing simulation,Phishing Failures
EMP0009,Marketing,Digital Marketing Analyst,Medium,1,78,10,7,3,0,1,5,4,4,0,0.2416,314.8,0.0,0.7,0.3,0.0,0.1,0.5,0.4,0.4,0.6,1.25,2,0.22,0.5,0.3333333333333333,12.0,2.0,4.5,2.2,0.0,3.333333333333333,2.5,21.53333333333333,22.67,Moderate,Provide refresher awareness training and continue behavioral monitoring,Phishing Failures
EMP0010,Information Technology,IT Support Analyst,High,0,60,10,8,2,1,1,3,4,4,1,0.5003,348.3333,0.0,0.8,0.2,0.1,0.1,0.3,0.4,0.4,0.6,0.75,3,0.4,0.15,0.6666666666666666,12.0,2.0,3.0,4.0,0.0,6.666666666666666,1.5,26.166666666666664,27.54,Moderate,Provide refresher awareness training and continue behavioral monitoring,Phishing Failures
EMP0011,Human Resources,HR Specialist,High,1,70,10,4,0,0,0,4,1,1,2,0.2518,336.75,0.5,0.4,0.0,0.0,0.0,0.4,0.1,0.1,0.9,3.0,3,0.3,0.4,0.6666666666666666,3.0,0.0,0.0,3.0,5.0,6.666666666666666,2.0,15.666666666666664,16.49,Low,Maintain standard awareness training and periodic phishing simulation,Privilege Exposure
EMP0012,Human Resources,Recruiter,High,1,74,10,8,4,1,2,5,6,6,2,0.3648,272.4,1.0,0.8,0.4,0.1,0.2,0.5,0.6,0.6,0.4,0.8333,3,0.26,0.5,0.6666666666666666,18.0,4.0,6.0,2.6,10.0,6.666666666666666,2.5,44.766666666666666,47.12,High,Assign targeted phishing awareness training and reassess within 30 days,Phishing Failures
EMP0013,Operations,Operations Analyst,Medium,1,87,10,9,0,0,0,10,0,0,0,0.189,336.0,0.0,0.9,0.0,0.0,0.0,1.0,0.0,0.0,1.0,3.0,2,0.13,1.0,0.3333333333333333,0.0,0.0,0.0,1.3,0.0,3.333333333333333,5.0,-0.36666666666666714,0.0,Low,Maintain standard awareness training and periodic phishing simulation,Privilege Exposure
EMP0014,Human Resources,Recruiter,Medium,1,63,10,8,2,0,2,6,4,4,2,0.2725,366.6667,0.5,0.8,0.2,0.0,0.2,0.6,0.4,0.4,0.6,1.5,2,0.37,0.6,0.3333333333333333,12.0,4.0,3.0,3.7,5.0,3.333333333333333,3.0,28.03333333333333,29.51,Moderate,Provide refresher awareness training and continue behavioral monitoring,Phishing Failures
EMP0015,Operations,Operations Manager,Medium,1,86,10,6,0,1,0,6,2,2,0,0.277,407.1667,0.0,0.6,0.0,0.1,0.0,0.6,0.2,0.2,0.8,3.0,2,0.14,0.6,0.3333333333333333,6.0,0.0,0.0,1.4000000000000001,0.0,3.333333333333333,3.0,7.733333333333334,8.14,Low,Maintain standard awareness training and periodic phishing simulation,Phishing Failures
EMP0016,Sales,Sales Manager,Low,1,80,10,9,1,0,1,6,2,2,0,0.3161,265.8333,0.0,0.9,0.1,0.0,0.1,0.6,0.2,0.2,0.8,3.0,1,0.2,0.6,0.0,6.0,2.0,1.5,2.0,0.0,0.0,3.0,8.5,8.95,Low,Maintain standard awareness training and periodic phishing simulation,Phishing Failures
EMP0017,Finance,Finance Manager,Medium,1,60,10,9,3,1,3,5,4,4,1,0.3425,205.0,0.0,0.9,0.3,0.1,0.3,0.5,0.4,0.4,0.6,1.25,2,0.4,0.5,0.3333333333333333,12.0,6.0,4.5,4.0,0.0,3.333333333333333,2.5,27.333333333333332,28.77,Moderate,Provide refresher awareness training and continue behavioral monitoring,Phishing Failures
EMP0018,Operations,Operations Analyst,Low,1,69,10,8,1,0,1,7,2,2,0,0.3385,275.1429,0.0,0.8,0.1,0.0,0.1,0.7,0.2,0.2,0.8,3.0,1,0.31,0.7,0.0,6.0,2.0,1.5,3.1,0.0,0.0,3.5,9.1,9.58,Low,Maintain standard awareness training and periodic phishing simulation,Phishing Failures
EMP0019,Human Resources,Recruiter,High,1,81,10,10,2,0,2,6,2,2,2,0.22,218.3333,0.0,1.0,0.2,0.0,0.2,0.6,0.2,0.2,0.8,3.0,3,0.19,0.6,0.6666666666666666,6.0,4.0,3.0,1.9,0.0,6.666666666666666,3.0,18.566666666666666,19.54,Low,Maintain standard awareness training and periodic phishing simulation,Privilege Exposure
EMP0020,Executive,Chief Officer,Privileged,1,73,10,5,1,1,0,6,2,2,0,0.2876,270.6667,0.0,0.5,0.1,0.1,0.0,0.6,0.2,0.2,0.8,3.0,4,0.27,0.6,1.0,6.0,0.0,1.5,2.7,0.0,10.0,3.0,17.2,18.11,Low,Maintain standard awareness training and periodic phishing simulation,Privilege Exposure
EMP0021,Information Technology,System Administrator,High,1,90,10,7,1,0,0,6,3,3,1,0.2702,421.0,0.0,0.7,0.1,0.0,0.0,0.6,0.3,0.3,0.7,2.0,3,0.1,0.6,0.6666666666666666,9.0,0.0,1.5,1.0,0.0,6.666666666666666,3.0,15.166666666666664,15.96,Low,Maintain standard awareness training and periodic phishing simulation,Phishing Failures
EMP0022,Sales,Sales Manager,Medium,0,89,10,6,1,0,1,5,4,4,0,0.34,444.4,0.0,0.6,0.1,0.0,0.1,0.5,0.4,0.4,0.6,1.25,2,0.11,0.25,0.3333333333333333,12.0,2.0,1.5,1.1,0.0,3.333333333333333,2.5,17.433333333333334,18.35,Low,Maintain standard awareness training and periodic phishing simulation,Phishing Failures
EMP0023,Human Resources,HR Manager,Medium,0,81,10,7,0,1,0,2,3,3,2,0.3287,343.5,0.5,0.7,0.0,0.1,0.0,0.2,0.3,0.3,0.7,0.6667,2,0.19,0.1,0.3333333333333333,9.0,0.0,0.0,1.9,5.0,3.333333333333333,1.0,18.233333333333334,19.19,Low,Maintain standard awareness training and periodic phishing simulation,Phishing Failures
EMP0024,Sales,Sales Representative,Medium,0,89,10,9,0,1,0,4,2,2,0,0.2838,280.5,0.0,0.9,0.0,0.1,0.0,0.4,0.2,0.2,0.8,2.0,2,0.11,0.2,0.3333333333333333,6.0,0.0,0.0,1.1,0.0,3.333333333333333,2.0,8.433333333333334,8.88,Low,Maintain standard awareness training and periodic phishing simulation,Phishing Failures
EMP0025,Marketing,Digital Marketing Analyst,Low,1,87,10,10,3,1,1,7,4,4,0,0.3359,206.5714,0.0,1.0,0.3,0.1,0.1,0.7,0.4,0.4,0.6,1.75,1,0.13,0.7,0.0,12.0,2.0,4.5,1.3,0.0,0.0,3.5,16.3,17.16,Low,Maintain standard awareness training and periodic phishing simulation,Phishing Failures
EMP0026,Legal,Legal Assistant,Medium,1,94,10,9,2,0,1,5,3,3,0,0.2151,250.0,0.0,0.9,0.2,0.0,0.1,0.5,0.3,0.3,0.7,1.6667,2,0.06,0.5,0.3333333333333333,9.0,2.0,3.0,0.6,0.0,3.333333333333333,2.5,15.433333333333334,16.25,Low,Maintain standard awareness training and periodic phishing simulation,Phishing Failures
EMP0027,Finance,Accountant,High,1,82,10,6,0,1,0,7,1,1,1,0.1923,200.1429,0.0,0.6,0.0,0.1,0.0,0.7,0.1,0.1,0.9,3.0,3,0.18,0.7,0.6666666666666666,3.0,0.0,0.0,1.7999999999999998,0.0,6.666666666666666,3.5,7.966666666666665,8.39,Low,Maintain standard awareness training and periodic phishing simulation,Privilege Exposure
EMP0028,Operations,Operations Analyst,Low,1,96,10,8,1,0,0,7,1,1,0,0.186,259.5714,0.0,0.8,0.1,0.0,0.0,0.7,0.1,0.1,0.9,3.0,1,0.04,0.7,0.0,3.0,0.0,1.5,0.4,0.0,0.0,3.5,1.4000000000000004,1.47,Low,Maintain standard awareness training and periodic phishing simulation,Phishing Failures
EMP0029,Legal,Legal Assistant,High,1,79,10,10,1,1,1,5,2,2,0,0.3084,195.6,0.0,1.0,0.1,0.1,0.1,0.5,0.2,0.2,0.8,2.5,3,0.21,0.5,0.6666666666666666,6.0,2.0,1.5,2.1,0.0,6.666666666666666,2.5,15.766666666666666,16.6,Low,Maintain standard awareness training and periodic phishing simulation,Privilege Exposure
EMP0030,Marketing,Marketing Manager,Medium,1,74,10,10,0,0,0,3,0,0,0,0.2126,139.3333,0.0,1.0,0.0,0.0,0.0,0.3,0.0,0.0,1.0,3.0,2,0.26,0.3,0.3333333333333333,0.0,0.0,0.0,2.6,0.0,3.333333333333333,1.5,4.433333333333334,4.67,Low,Maintain standard awareness training and periodic phishing simulation,Privilege Exposure
EMP0031,Information Technology,System Administrator,Medium,1,95,10,10,2,0,1,4,2,2,1,0.1927,233.5,0.0,1.0,0.2,0.0,0.1,0.4,0.2,0.2,0.8,2.0,2,0.05,0.4,0.3333333333333333,6.0,2.0,3.0,0.5,0.0,3.333333333333333,2.0,12.833333333333332,13.51,Low,Maintain standard awareness training and periodic phishing simulation,Phishing Failures
EMP0032,Sales,Sales Manager,Medium,0,71,10,8,1,0,0,0,2,2,0,0.2956,0.0,0.0,0.8,0.1,0.0,0.0,0.0,0.2,0.2,0.8,0.0,2,0.29,0.0,0.3333333333333333,6.0,0.0,1.5,2.9,0.0,3.333333333333333,0.0,13.733333333333334,14.46,Low,Maintain standard awareness training and periodic phishing simulation,Phishing Failures
EMP0033,Marketing,Marketing Manager,Medium,1,88,10,7,1,0,1,6,1,1,0,0.2364,306.1667,0.0,0.7,0.1,0.0,0.1,0.6,0.1,0.1,0.9,3.0,2,0.12,0.6,0.3333333333333333,3.0,2.0,1.5,1.2,0.0,3.333333333333333,3.0,8.033333333333333,8.46,Low,Maintain standard awareness training and periodic phishing simulation,Privilege Exposure
EMP0034,Legal,Legal Assistant,Medium,1,81,10,8,2,2,1,5,5,5,0,0.1374,196.6,0.0,0.8,0.2,0.2,0.1,0.5,0.5,0.5,0.5,1.0,2,0.19,0.5,0.3333333333333333,15.0,2.0,3.0,1.9,0.0,3.333333333333333,2.5,22.73333333333333,23.93,Moderate,Provide refresher awareness training and continue behavioral monitoring,Phishing Failures
EMP0035,Executive,Director,High,1,69,10,8,3,1,1,3,5,5,0,0.3293,315.0,0.0,0.8,0.3,0.1,0.1,0.3,0.5,0.5,0.5,0.6,3,0.31,0.3,0.6666666666666666,15.0,2.0,4.5,3.1,0.0,6.666666666666666,1.5,29.766666666666666,31.33,Moderate,Provide refresher awareness training and continue behavioral monitoring,Phishing Failures
EMP0036,Human Resources,HR Specialist,Medium,1,74,10,8,0,1,0,7,1,1,2,0.2379,283.7143,0.0,0.8,0.0,0.1,0.0,0.7,0.1,0.1,0.9,3.0,2,0.26,0.7,0.3333333333333333,3.0,0.0,0.0,2.6,0.0,3.333333333333333,3.5,5.433333333333334,5.72,Low,Maintain standard awareness training and periodic phishing simulation,Privilege Exposure
EMP0037,Marketing,Marketing Manager,Low,1,78,10,9,2,1,1,3,4,4,0,0.2989,389.6667,0.0,0.9,0.2,0.1,0.1,0.3,0.4,0.4,0.6,0.75,1,0.22,0.3,0.0,12.0,2.0,3.0,2.2,0.0,0.0,1.5,17.7,18.63,Low,Maintain standard awareness training and periodic phishing simulation,Phishing Failures
EMP0038,Marketing,Digital Marketing Analyst,Medium,1,75,10,8,0,0,0,5,1,1,0,0.2434,195.2,0.0,0.8,0.0,0.0,0.0,0.5,0.1,0.1,0.9,3.0,2,0.25,0.5,0.3333333333333333,3.0,0.0,0.0,2.5,0.0,3.333333333333333,2.5,6.333333333333332,6.67,Low,Maintain standard awareness training and periodic phishing simulation,Privilege Exposure
EMP0039,Operations,Operations Manager,Low,1,76,10,8,2,1,1,7,3,3,0,0.2834,339.8571,0.0,0.8,0.2,0.1,0.1,0.7,0.3,0.3,0.7,2.3333,1,0.24,0.7,0.0,9.0,2.0,3.0,2.4,0.0,0.0,3.5,12.899999999999999,13.58,Low,Maintain standard awareness training and periodic phishing simulation,Phishing Failures
EMP0040,Human Resources,HR Manager,High,1,82,10,6,2,0,1,7,2,2,2,0.1791,246.4286,0.5,0.6,0.2,0.0,0.1,0.7,0.2,0.2,0.8,3.0,3,0.18,0.7,0.6666666666666666,6.0,2.0,3.0,1.7999999999999998,5.0,6.666666666666666,3.5,20.96666666666667,22.07,Moderate,Provide refresher awareness training and continue behavioral monitoring,Privilege Exposure
EMP0041,Legal,Legal Assistant,High,1,54,10,8,3,0,1,6,4,4,0,0.3138,233.6667,0.0,0.8,0.3,0.0,0.1,0.6,0.4,0.4,0.6,1.5,3,0.46,0.6,0.6666666666666666,12.0,2.0,4.5,4.6000000000000005,0.0,6.666666666666666,3.0,26.766666666666666,28.18,Moderate,Provide refresher awareness training and continue behavioral monitoring,Phishing Failures
EMP0042,Marketing,Marketing Specialist,Medium,0,77,10,7,1,0,0,2,2,2,0,0.3578,134.5,0.0,0.7,0.1,0.0,0.0,0.2,0.2,0.2,0.8,1.0,2,0.23,0.1,0.3333333333333333,6.0,0.0,1.5,2.3000000000000003,0.0,3.333333333333333,1.0,12.133333333333333,12.77,Low,Maintain standard awareness training and periodic phishing simulation,Phishing Failures
EMP0043,Finance,Finance Manager,High,1,75,10,9,1,1,1,4,3,3,1,0.3062,387.75,1.0,0.9,0.1,0.1,0.1,0.4,0.3,0.3,0.7,1.3333,3,0.25,0.4,0.6666666666666666,9.0,2.0,1.5,2.5,10.0,6.666666666666666,2.0,29.666666666666664,31.23,Moderate,Provide refresher awareness training and continue behavioral monitoring,Targeted Attack Failures
EMP0044,Information Technology,Security Analyst,Medium,1,81,10,10,4,0,2,5,4,4,1,0.2699,471.8,1.0,1.0,0.4,0.0,0.2,0.5,0.4,0.4,0.6,1.25,2,0.19,0.5,0.3333333333333333,12.0,4.0,6.0,1.9,10.0,3.333333333333333,2.5,34.733333333333334,36.56,High,Assign targeted phishing awareness training and reassess within 30 days,Phishing Failures
EMP0045,Operations,Operations Manager,Low,1,91,10,9,2,1,1,5,4,4,0,0.172,174.2,0.0,0.9,0.2,0.1,0.1,0.5,0.4,0.4,0.6,1.25,1,0.09,0.5,0.0,12.0,2.0,3.0,0.8999999999999999,0.0,0.0,2.5,15.399999999999999,16.21,Low,Maintain standard awareness training and periodic phishing simulation,Phishing Failures
EMP0046,Information Technology,System Administrator,Medium,1,87,10,7,2,1,2,5,4,4,1,0.1894,436.0,0.0,0.7,0.2,0.1,0.2,0.5,0.4,0.4,0.6,1.25,2,0.13,0.5,0.3333333333333333,12.0,4.0,3.0,1.3,0.0,3.333333333333333,2.5,21.133333333333333,22.25,Moderate,Provide refresher awareness training and continue behavioral monitoring,Phishing Failures
EMP0047,Finance,Finance Manager,High,1,85,10,9,3,0,3,5,3,3,1,0.3172,274.2,0.0,0.9,0.3,0.0,0.3,0.5,0.3,0.3,0.7,1.6667,3,0.15,0.5,0.6666666666666666,9.0,6.0,4.5,1.5,0.0,6.666666666666666,2.5,25.166666666666664,26.49,Moderate,Provide refresher awareness training and continue behavioral monitoring,Phishing Failures
EMP0048,Executive,Director,High,1,100,10,7,1,0,1,7,1,1,0,0.1735,345.1429,0.0,0.7,0.1,0.0,0.1,0.7,0.1,0.1,0.9,3.0,3,0.0,0.7,0.6666666666666666,3.0,2.0,1.5,0.0,0.0,6.666666666666666,3.5,9.666666666666666,10.18,Low,Maintain standard awareness training and periodic phishing simulation,Privilege Exposure
EMP0049,Legal,Compliance Analyst,Medium,1,79,10,7,0,0,0,8,0,0,0,0.3666,318.375,0.0,0.7,0.0,0.0,0.0,0.8,0.0,0.0,1.0,3.0,2,0.21,0.8,0.3333333333333333,0.0,0.0,0.0,2.1,0.0,3.333333333333333,4.0,1.4333333333333336,1.51,Low,Maintain standard awareness training and periodic phishing simulation,Privilege Exposure
EMP0050,Finance,Financial Analyst,Medium,0,71,10,9,3,1,2,5,4,4,1,0.3593,192.2,0.0,0.9,0.3,0.1,0.2,0.5,0.4,0.4,0.6,1.25,2,0.29,0.25,0.3333333333333333,12.0,4.0,4.5,2.9,0.0,3.333333333333333,2.5,24.23333333333333,25.51,Moderate,Provide refresher awareness training and continue behavioral monitoring,Phishing Failures
EMP0051,Human Resources,HR Manager,High,1,65,10,8,2,0,2,6,3,3,2,0.1891,394.8333,0.5,0.8,0.2,0.0,0.2,0.6,0.3,0.3,0.7,2.0,3,0.35,0.6,0.6666666666666666,9.0,4.0,3.0,3.5,5.0,6.666666666666666,3.0,28.166666666666664,29.65,Moderate,Provide refresher awareness training and continue behavioral monitoring,Phishing Failures
EMP0052,Human Resources,HR Manager,Medium,1,83,10,10,2,0,2,4,3,3,2,0.3754,233.75,0.5,1.0,0.2,0.0,0.2,0.4,0.3,0.3,0.7,1.3333,2,0.17,0.4,0.3333333333333333,9.0,4.0,3.0,1.7000000000000002,5.0,3.333333333333333,2.0,24.03333333333333,25.3,Moderate,Provide refresher awareness training and continue behavioral monitoring,Phishing Failures
EMP0053,Information Technology,Security Analyst,High,0,68,10,8,3,0,3,5,3,3,1,0.4153,314.4,1.0,0.8,0.3,0.0,0.3,0.5,0.3,0.3,0.7,1.6667,3,0.32,0.25,0.6666666666666666,9.0,6.0,4.5,3.2,10.0,6.666666666666666,2.5,36.86666666666667,38.81,High,Assign targeted phishing awareness training and reassess within 30 days,Targeted Attack Failures
EMP0054,Information Technology,System Administrator,Privileged,1,74,10,8,1,1,1,4,3,3,1,0.255,279.75,0.0,0.8,0.1,0.1,0.1,0.4,0.3,0.3,0.7,1.3333,4,0.26,0.4,1.0,9.0,2.0,1.5,2.6,0.0,10.0,2.0,23.1,24.32,Moderate,Provide refresher awareness training and continue behavioral monitoring,Privilege Exposure
EMP0055,Marketing,Marketing Specialist,Low,1,80,10,9,2,0,0,6,2,2,0,0.2455,220.5,0.0,0.9,0.2,0.0,0.0,0.6,0.2,0.2,0.8,3.0,1,0.2,0.6,0.0,6.0,0.0,3.0,2.0,0.0,0.0,3.0,8.0,8.42,Low,Maintain standard awareness training and periodic phishing simulation,Phishing Failures
EMP0056,Operations,Operations Specialist,Medium,1,93,10,9,1,1,1,6,2,2,0,0.2408,370.6667,0.0,0.9,0.1,0.1,0.1,0.6,0.2,0.2,0.8,3.0,2,0.07,0.6,0.3333333333333333,6.0,2.0,1.5,0.7000000000000001,0.0,3.333333333333333,3.0,10.533333333333331,11.09,Low,Maintain standard awareness training and periodic phishing simulation,Phishing Failures
EMP0057,Executive,Chief Officer,Privileged,1,81,10,8,1,0,0,5,2,2,0,0.3066,169.0,0.0,0.8,0.1,0.0,0.0,0.5,0.2,0.2,0.8,2.5,4,0.19,0.5,1.0,6.0,0.0,1.5,1.9,0.0,10.0,2.5,16.9,17.79,Low,Maintain standard awareness training and periodic phishing simulation,Privilege Exposure
EMP0058,Human Resources,HR Specialist,Medium,1,87,10,7,1,1,1,3,2,2,2,0.2639,243.6667,0.0,0.7,0.1,0.1,0.1,0.3,0.2,0.2,0.8,1.5,2,0.13,0.3,0.3333333333333333,6.0,2.0,1.5,1.3,0.0,3.333333333333333,1.5,12.633333333333333,13.3,Low,Maintain standard awareness training and periodic phishing simulation,Phishing Failures
EMP0059,Human Resources,Recruiter,Medium,1,81,10,9,2,1,1,7,3,3,2,0.3075,279.5714,0.5,0.9,0.2,0.1,0.1,0.7,0.3,0.3,0.7,2.3333,2,0.19,0.7,0.3333333333333333,9.0,2.0,3.0,1.9,5.0,3.333333333333333,3.5,20.73333333333333,21.82,Moderate,Provide refresher awareness training and continue behavioral monitoring,Phishing Failures
EMP0060,Sales,Sales Manager,Low,0,82,10,9,2,0,1,8,2,2,0,0.3457,274.75,0.0,0.9,0.2,0.0,0.1,0.8,0.2,0.2,0.8,3.0,1,0.18,0.4,0.0,6.0,2.0,3.0,1.7999999999999998,0.0,0.0,4.0,8.8,9.26,Low,Maintain standard awareness training and periodic phishing simulation,Phishing Failures
EMP0061,Finance,Financial Analyst,Medium,1,81,10,10,1,0,1,7,2,2,1,0.3005,307.8571,1.0,1.0,0.1,0.0,0.1,0.7,0.2,0.2,0.8,3.0,2,0.19,0.7,0.3333333333333333,6.0,2.0,1.5,1.9,10.0,3.333333333333333,3.5,21.23333333333333,22.35,Moderate,Provide refresher awareness training and continue behavioral monitoring,Targeted Attack Failures
EMP0062,Sales,Sales Representative,Low,1,69,10,8,4,0,2,5,6,6,0,0.3389,246.0,0.0,0.8,0.4,0.0,0.2,0.5,0.6,0.6,0.4,0.8333,1,0.31,0.5,0.0,18.0,4.0,6.0,3.1,0.0,0.0,2.5,28.6,30.11,Moderate,Provide refresher awareness training and continue behavioral monitoring,Phishing Failures
EMP0063,Legal,Legal Assistant,Medium,1,63,10,8,1,0,0,5,1,1,0,0.2744,357.4,0.0,0.8,0.1,0.0,0.0,0.5,0.1,0.1,0.9,3.0,2,0.37,0.5,0.3333333333333333,3.0,0.0,1.5,3.7,0.0,3.333333333333333,2.5,9.033333333333331,9.51,Low,Maintain standard awareness training and periodic phishing simulation,Training Weakness
EMP0064,Operations,Operations Manager,Medium,1,85,10,8,1,1,1,8,2,2,0,0.338,301.75,0.0,0.8,0.1,0.1,0.1,0.8,0.2,0.2,0.8,3.0,2,0.15,0.8,0.3333333333333333,6.0,2.0,1.5,1.5,0.0,3.333333333333333,4.0,10.333333333333332,10.88,Low,Maintain standard awareness training and periodic phishing simulation,Phishing Failures
EMP0065,Sales,Sales Manager,Low,1,89,10,8,2,0,0,6,2,2,0,0.2553,229.1667,0.0,0.8,0.2,0.0,0.0,0.6,0.2,0.2,0.8,3.0,1,0.11,0.6,0.0,6.0,0.0,3.0,1.1,0.0,0.0,3.0,7.1,7.47,Low,Maintain standard awareness training and periodic phishing simulation,Phishing Failures
EMP0066,Executive,Director,Privileged,1,82,10,9,1,1,0,6,2,2,0,0.2324,249.1667,0.0,0.9,0.1,0.1,0.0,0.6,0.2,0.2,0.8,3.0,4,0.18,0.6,1.0,6.0,0.0,1.5,1.7999999999999998,0.0,10.0,3.0,16.3,17.16,Low,Maintain standard awareness training and periodic phishing simulation,Privilege Exposure
EMP0067,Marketing,Marketing Specialist,Low,1,67,10,5,3,0,1,4,4,4,0,0.363,151.25,0.0,0.5,0.3,0.0,0.1,0.4,0.4,0.4,0.6,1.0,1,0.33,0.4,0.0,12.0,2.0,4.5,3.3000000000000003,0.0,0.0,2.0,19.8,20.84,Moderate,Provide refresher awareness training and continue behavioral monitoring,Phishing Failures
EMP0068,Human Resources,HR Manager,High,1,68,10,7,0,1,0,6,2,2,2,0.3867,382.5,0.5,0.7,0.0,0.1,0.0,0.6,0.2,0.2,0.8,3.0,3,0.32,0.6,0.6666666666666666,6.0,0.0,0.0,3.2,5.0,6.666666666666666,3.0,17.866666666666667,18.81,Low,Maintain standard awareness training and periodic phishing simulation,Privilege Exposure
EMP0069,Legal,Compliance Analyst,High,1,78,10,7,4,0,1,7,4,4,0,0.2551,229.0,0.0,0.7,0.4,0.0,0.1,0.7,0.4,0.4,0.6,1.75,3,0.22,0.7,0.6666666666666666,12.0,2.0,6.0,2.2,0.0,6.666666666666666,3.5,25.366666666666667,26.7,Moderate,Provide refresher awareness training and continue behavioral monitoring,Phishing Failures
EMP0070,Executive,Chief Officer,High,1,95,10,7,0,1,0,7,1,1,0,0.1532,263.4286,0.0,0.7,0.0,0.1,0.0,0.7,0.1,0.1,0.9,3.0,3,0.05,0.7,0.6666666666666666,3.0,0.0,0.0,0.5,0.0,6.666666666666666,3.5,6.666666666666666,7.02,Low,Maintain standard awareness training and periodic phishing simulation,Privilege Exposure
EMP0071,Human Resources,HR Specialist,High,1,65,10,8,4,1,1,4,5,5,2,0.2749,168.0,1.0,0.8,0.4,0.1,0.1,0.4,0.5,0.5,0.5,0.8,3,0.35,0.4,0.6666666666666666,15.0,2.0,6.0,3.5,10.0,6.666666666666666,2.0,41.166666666666664,43.33,High,Assign targeted phishing awareness training and reassess within 30 days,Phishing Failures
EMP0072,Legal,Legal Assistant,Medium,1,83,10,8,2,1,1,6,3,3,0,0.2377,169.5,0.0,0.8,0.2,0.1,0.1,0.6,0.3,0.3,0.7,2.0,2,0.17,0.6,0.3333333333333333,9.0,2.0,3.0,1.7000000000000002,0.0,3.333333333333333,3.0,16.03333333333333,16.88,Low,Maintain standard awareness training and periodic phishing simulation,Phishing Failures
EMP0073,Sales,Sales Representative,Medium,1,83,10,8,2,0,2,3,3,3,0,0.247,222.6667,0.0,0.8,0.2,0.0,0.2,0.3,0.3,0.3,0.7,1.0,2,0.17,0.3,0.3333333333333333,9.0,4.0,3.0,1.7000000000000002,0.0,3.333333333333333,1.5,19.53333333333333,20.56,Moderate,Provide refresher awareness training and continue behavioral monitoring,Phishing Failures
EMP0074,Information Technology,System Administrator,Medium,1,77,10,9,1,0,0,4,1,1,1,0.3085,152.75,1.0,0.9,0.1,0.0,0.0,0.4,0.1,0.1,0.9,3.0,2,0.23,0.4,0.3333333333333333,3.0,0.0,1.5,2.3000000000000003,10.0,3.333333333333333,2.0,18.133333333333333,19.09,Low,Maintain standard awareness training and periodic phishing simulation,Targeted Attack Failures
EMP0075,Operations,Operations Specialist,Low,1,72,10,6,2,0,1,8,4,4,0,0.3517,268.75,0.0,0.6,0.2,0.0,0.1,0.8,0.4,0.4,0.6,2.0,1,0.28,0.8,0.0,12.0,2.0,3.0,2.8000000000000003,0.0,0.0,4.0,15.8,16.63,Low,Maintain standard awareness training and periodic phishing simulation,Phishing Failures
EMP0076,Human Resources,Recruiter,Medium,1,88,10,8,0,0,0,4,1,1,2,0.2394,168.25,0.0,0.8,0.0,0.0,0.0,0.4,0.1,0.1,0.9,3.0,2,0.12,0.4,0.3333333333333333,3.0,0.0,0.0,1.2,0.0,3.333333333333333,2.0,5.533333333333333,5.82,Low,Maintain standard awareness training and periodic phishing simulation,Privilege Exposure
EMP0077,Finance,Finance Manager,Medium,1,67,10,8,2,1,1,3,4,4,1,0.4198,261.0,1.0,0.8,0.2,0.1,0.1,0.3,0.4,0.4,0.6,0.75,2,0.33,0.3,0.3333333333333333,12.0,2.0,3.0,3.3000000000000003,10.0,3.333333333333333,1.5,32.13333333333333,33.82,Moderate,Provide refresher awareness training and continue behavioral monitoring,Phishing Failures
EMP0078,Human Resources,HR Specialist,Medium,1,79,10,8,3,1,1,8,5,5,2,0.2654,185.25,1.0,0.8,0.3,0.1,0.1,0.8,0.5,0.5,0.5,1.6,2,0.21,0.8,0.3333333333333333,15.0,2.0,4.5,2.1,10.0,3.333333333333333,4.0,32.93333333333334,34.67,Moderate,Provide refresher awareness training and continue behavioral monitoring,Phishing Failures
EMP0079,Marketing,Digital Marketing Analyst,Medium,1,82,10,7,3,1,2,6,5,5,0,0.2244,364.6667,0.0,0.7,0.3,0.1,0.2,0.6,0.5,0.5,0.5,1.2,2,0.18,0.6,0.3333333333333333,15.0,4.0,4.5,1.7999999999999998,0.0,3.333333333333333,3.0,25.633333333333333,26.98,Moderate,Provide refresher awareness training and continue behavioral monitoring,Phishing Failures
EMP0080,Sales,Account Executive,Low,1,84,10,9,0,1,0,5,2,2,0,0.2815,115.2,0.0,0.9,0.0,0.1,0.0,0.5,0.2,0.2,0.8,2.5,1,0.16,0.5,0.0,6.0,0.0,0.0,1.6,0.0,0.0,2.5,5.1,5.37,Low,Maintain standard awareness training and periodic phishing simulation,Phishing Failures
EMP0081,Information Technology,System Administrator,Medium,1,84,10,10,1,0,1,5,1,1,1,0.3087,379.4,1.0,1.0,0.1,0.0,0.1,0.5,0.1,0.1,0.9,3.0,2,0.16,0.5,0.3333333333333333,3.0,2.0,1.5,1.6,10.0,3.333333333333333,2.5,18.933333333333334,19.93,Low,Maintain standard awareness training and periodic phishing simulation,Targeted Attack Failures
EMP0082,Marketing,Digital Marketing Analyst,Medium,1,84,10,9,2,1,1,6,3,3,0,0.2796,489.0,0.0,0.9,0.2,0.1,0.1,0.6,0.3,0.3,0.7,2.0,2,0.16,0.6,0.3333333333333333,9.0,2.0,3.0,1.6,0.0,3.333333333333333,3.0,15.933333333333334,16.77,Low,Maintain standard awareness training and periodic phishing simulation,Phishing Failures
EMP0083,Operations,Operations Specialist,Medium,1,84,10,8,0,2,0,7,2,2,0,0.195,342.4286,0.0,0.8,0.0,0.2,0.0,0.7,0.2,0.2,0.8,3.0,2,0.16,0.7,0.3333333333333333,6.0,0.0,0.0,1.6,0.0,3.333333333333333,3.5,7.433333333333334,7.82,Low,Maintain standard awareness training and periodic phishing simulation,Phishing Failures
EMP0084,Information Technology,IT Support Analyst,High,1,91,10,9,0,0,0,5,0,0,1,0.1824,290.6,0.0,0.9,0.0,0.0,0.0,0.5,0.0,0.0,1.0,3.0,3,0.09,0.5,0.6666666666666666,0.0,0.0,0.0,0.8999999999999999,0.0,6.666666666666666,2.5,5.066666666666666,5.33,Low,Maintain standard awareness training and periodic phishing simulation,Privilege Exposure
EMP0085,Sales,Sales Representative,Low,1,68,10,8,0,0,0,4,0,0,0,0.3202,317.0,0.0,0.8,0.0,0.0,0.0,0.4,0.0,0.0,1.0,3.0,1,0.32,0.4,0.0,0.0,0.0,0.0,3.2,0.0,0.0,2.0,1.2000000000000002,1.26,Low,Maintain standard awareness training and periodic phishing simulation,Training Weakness
EMP0086,Legal,Legal Assistant,Medium,0,75,10,9,5,1,3,3,7,7,0,0.3702,396.0,0.0,0.9,0.5,0.1,0.3,0.3,0.7,0.7,0.3,0.4286,2,0.25,0.15,0.3333333333333333,21.0,6.0,7.5,2.5,0.0,3.333333333333333,1.5,38.833333333333336,40.88,High,Assign targeted phishing awareness training and reassess within 30 days,Phishing Failures
EMP0087,Executive,Chief Officer,High,1,86,10,10,1,1,1,5,3,3,0,0.2029,448.8,0.0,1.0,0.1,0.1,0.1,0.5,0.3,0.3,0.7,1.6667,3,0.14,0.5,0.6666666666666666,9.0,2.0,1.5,1.4000000000000001,0.0,6.666666666666666,2.5,18.066666666666666,19.02,Low,Maintain standard awareness training and periodic phishing simulation,Phishing Failures
EMP0088,Finance,Finance Manager,Medium,0,58,10,10,2,0,1,2,2,2,1,0.4159,306.0,0.0,1.0,0.2,0.0,0.1,0.2,0.2,0.2,0.8,1.0,2,0.42,0.1,0.3333333333333333,6.0,2.0,3.0,4.2,0.0,3.333333333333333,1.0,17.53333333333333,18.46,Low,Maintain standard awareness training and periodic phishing simulation,Phishing Failures
EMP0089,Information Technology,IT Support Analyst,Privileged,1,78,10,10,3,0,1,3,3,3,1,0.2835,220.3333,1.0,1.0,0.3,0.0,0.1,0.3,0.3,0.3,0.7,1.0,4,0.22,0.3,1.0,9.0,2.0,4.5,2.2,10.0,10.0,1.5,36.2,38.11,High,Assign targeted phishing awareness training and reassess within 30 days,Targeted Attack Failures
EMP0090,Human Resources,HR Manager,Medium,1,65,10,9,3,0,2,3,5,5,2,0.3755,299.0,0.5,0.9,0.3,0.0,0.2,0.3,0.5,0.5,0.5,0.6,2,0.35,0.3,0.3333333333333333,15.0,4.0,4.5,3.5,5.0,3.333333333333333,1.5,33.833333333333336,35.61,High,Assign targeted phishing awareness training and reassess within 30 days,Phishing Failures
EMP0091,Marketing,Marketing Specialist,Low,0,78,10,6,2,2,0,1,6,6,0,0.3377,352.0,0.0,0.6,0.2,0.2,0.0,0.1,0.6,0.6,0.4,0.1667,1,0.22,0.05,0.0,18.0,0.0,3.0,2.2,0.0,0.0,0.5,22.7,23.89,Moderate,Provide refresher awareness training and continue behavioral monitoring,Phishing Failures
EMP0092,Finance,Finance Manager,Medium,1,70,10,8,3,1,1,3,6,6,1,0.4703,226.0,1.0,0.8,0.3,0.1,0.1,0.3,0.6,0.6,0.4,0.5,2,0.3,0.3,0.3333333333333333,18.0,2.0,4.5,3.0,10.0,3.333333333333333,1.5,39.333333333333336,41.4,High,Assign targeted phishing awareness training and reassess within 30 days,Phishing Failures
EMP0093,Marketing,Marketing Manager,Medium,1,53,10,8,2,1,1,5,3,3,0,0.3165,174.0,0.0,0.8,0.2,0.1,0.1,0.5,0.3,0.3,0.7,1.6667,2,0.47,0.5,0.3333333333333333,9.0,2.0,3.0,4.699999999999999,0.0,3.333333333333333,2.5,19.53333333333333,20.56,Moderate,Provide refresher awareness training and continue behavioral monitoring,Phishing Failures
EMP0094,Operations,Operations Analyst,Medium,1,80,10,8,2,1,1,8,5,5,0,0.2323,220.375,0.0,0.8,0.2,0.1,0.1,0.8,0.5,0.5,0.5,1.6,2,0.2,0.8,0.3333333333333333,15.0,2.0,3.0,2.0,0.0,3.333333333333333,4.0,21.333333333333332,22.46,Moderate,Provide refresher awareness training and continue behavioral monitoring,Phishing Failures
EMP0095,Sales,Account Executive,Medium,0,84,10,10,2,1,1,7,4,4,0,0.3975,265.5714,0.0,1.0,0.2,0.1,0.1,0.7,0.4,0.4,0.6,1.75,2,0.16,0.35,0.3333333333333333,12.0,2.0,3.0,1.6,0.0,3.333333333333333,3.5,18.433333333333334,19.4,Low,Maintain standard awareness training and periodic phishing simulation,Phishing Failures
EMP0096,Information Technology,Security Analyst,Privileged,1,88,10,6,1,0,1,7,3,3,1,0.2824,161.5714,1.0,0.6,0.1,0.0,0.1,0.7,0.3,0.3,0.7,2.3333,4,0.12,0.7,1.0,9.0,2.0,1.5,1.2,10.0,10.0,3.5,30.200000000000003,31.79,Moderate,Provide refresher awareness training and continue behavioral monitoring,Targeted Attack Failures
EMP0097,Operations,Operations Specialist,Medium,1,99,10,9,1,0,0,6,2,2,0,0.2388,323.3333,0.0,0.9,0.1,0.0,0.0,0.6,0.2,0.2,0.8,3.0,2,0.01,0.6,0.3333333333333333,6.0,0.0,1.5,0.1,0.0,3.333333333333333,3.0,7.933333333333334,8.35,Low,Maintain standard awareness training and periodic phishing simulation,Phishing Failures
EMP0098,Human Resources,HR Specialist,High,1,82,10,8,0,1,0,5,2,2,2,0.2962,222.0,0.5,0.8,0.0,0.1,0.0,0.5,0.2,0.2,0.8,2.5,3,0.18,0.5,0.6666666666666666,6.0,0.0,0.0,1.7999999999999998,5.0,6.666666666666666,2.5,16.96666666666667,17.86,Low,Maintain standard awareness training and periodic phishing simulation,Privilege Exposure
EMP0099,Human Resources,HR Specialist,Medium,1,100,10,7,0,0,0,7,2,2,2,0.186,179.4286,0.0,0.7,0.0,0.0,0.0,0.7,0.2,0.2,0.8,3.0,2,0.0,0.7,0.3333333333333333,6.0,0.0,0.0,0.0,0.0,3.333333333333333,3.5,5.833333333333332,6.14,Low,Maintain standard awareness training and periodic phishing simulation,Phishing Failures
EMP0100,Operations,Operations Analyst,Medium,1,90,10,9,2,0,0,5,2,2,0,0.1987,284.8,0.0,0.9,0.2,0.0,0.0,0.5,0.2,0.2,0.8,2.5,2,0.1,0.5,0.3333333333333333,6.0,0.0,3.0,1.0,0.0,3.333333333333333,2.5,10.833333333333332,11.4,Low,Maintain standard awareness training and periodic phishing simulation,Phishing Failures
EMP0101,Human Resources,HR Specialist,High,1,83,10,8,0,0,0,6,0,0,2,0.2061,174.1667,0.0,0.8,0.0,0.0,0.0,0.6,0.0,0.0,1.0,3.0,3,0.17,0.6,0.6666666666666666,0.0,0.0,0.0,1.7000000000000002,0.0,6.666666666666666,3.0,5.366666666666667,5.65,Low,Maintain standard awareness training and periodic phishing simulation,Privilege Exposure
EMP0102,Operations,Operations Analyst,Medium,0,87,10,9,3,1,1,7,4,4,0,0.3575,297.7143,0.0,0.9,0.3,0.1,0.1,0.7,0.4,0.4,0.6,1.75,2,0.13,0.35,0.3333333333333333,12.0,2.0,4.5,1.3,0.0,3.333333333333333,3.5,19.633333333333333,20.67,Moderate,Provide refresher awareness training and continue behavioral monitoring,Phishing Failures
EMP0103,Operations,Operations Manager,Low,1,74,10,6,2,0,1,8,4,4,0,0.325,201.375,0.0,0.6,0.2,0.0,0.1,0.8,0.4,0.4,0.6,2.0,1,0.26,0.8,0.0,12.0,2.0,3.0,2.6,0.0,0.0,4.0,15.600000000000001,16.42,Low,Maintain standard awareness training and periodic phishing simulation,Phishing Failures
EMP0104,Operations,Operations Manager,Low,1,63,10,8,5,0,3,4,5,5,0,0.3538,207.75,0.0,0.8,0.5,0.0,0.3,0.4,0.5,0.5,0.5,0.8,1,0.37,0.4,0.0,15.0,6.0,7.5,3.7,0.0,0.0,2.0,30.200000000000003,31.79,Moderate,Provide refresher awareness training and continue behavioral monitoring,Phishing Failures
EMP0105,Information Technology,System Administrator,Medium,0,95,10,9,3,2,1,4,5,5,1,0.3097,455.5,1.0,0.9,0.3,0.2,0.1,0.4,0.5,0.5,0.5,0.8,2,0.05,0.2,0.3333333333333333,15.0,2.0,4.5,0.5,10.0,3.333333333333333,2.0,33.333333333333336,35.09,High,Assign targeted phishing awareness training and reassess within 30 days,Phishing Failures
EMP0106,Human Resources,HR Manager,Medium,1,60,10,10,2,1,1,6,3,3,2,0.2641,215.8333,1.0,1.0,0.2,0.1,0.1,0.6,0.3,0.3,0.7,2.0,2,0.4,0.6,0.3333333333333333,9.0,2.0,3.0,4.0,10.0,3.333333333333333,3.0,28.333333333333332,29.82,Moderate,Provide refresher awareness training and continue behavioral monitoring,Targeted Attack Failures
EMP0107,Operations,Operations Specialist,Low,1,80,10,9,1,0,1,5,1,1,0,0.1748,221.0,0.0,0.9,0.1,0.0,0.1,0.5,0.1,0.1,0.9,3.0,1,0.2,0.5,0.0,3.0,2.0,1.5,2.0,0.0,0.0,2.5,6.0,6.32,Low,Maintain standard awareness training and periodic phishing simulation,Phishing Failures
EMP0108,Legal,Legal Assistant,High,1,70,10,9,2,1,0,5,3,3,0,0.3164,256.2,0.0,0.9,0.2,0.1,0.0,0.5,0.3,0.3,0.7,1.6667,3,0.3,0.5,0.6666666666666666,9.0,0.0,3.0,3.0,0.0,6.666666666666666,2.5,19.166666666666664,20.18,Moderate,Provide refresher awareness training and continue behavioral monitoring,Phishing Failures
EMP0109,Executive,Vice President,High,1,97,10,8,0,2,0,7,2,2,0,0.2449,212.7143,0.0,0.8,0.0,0.2,0.0,0.7,0.2,0.2,0.8,3.0,3,0.03,0.7,0.6666666666666666,6.0,0.0,0.0,0.3,0.0,6.666666666666666,3.5,9.466666666666665,9.96,Low,Maintain standard awareness training and periodic phishing simulation,Privilege Exposure
EMP0110,Human Resources,HR Manager,High,1,63,10,9,3,0,2,6,5,5,2,0.2977,391.0,0.5,0.9,0.3,0.0,0.2,0.6,0.5,0.5,0.5,1.2,3,0.37,0.6,0.6666666666666666,15.0,4.0,4.5,3.7,5.0,6.666666666666666,3.0,35.86666666666667,37.75,High,Assign targeted phishing awareness training and reassess within 30 days,Phishing Failures
EMP0111,Operations,Operations Analyst,Low,1,81,10,7,4,1,3,4,7,7,0,0.3016,156.0,0.0,0.7,0.4,0.1,0.3,0.4,0.7,0.7,0.3,0.5714,1,0.19,0.4,0.0,21.0,6.0,6.0,1.9,0.0,0.0,2.0,32.9,34.63,Moderate,Provide refresher awareness training and continue behavioral monitoring,Phishing Failures
EMP0112,Legal,Legal Assistant,High,1,70,10,8,2,1,2,4,4,4,0,0.3289,242.0,0.0,0.8,0.2,0.1,0.2,0.4,0.4,0.4,0.6,1.0,3,0.3,0.4,0.6666666666666666,12.0,4.0,3.0,3.0,0.0,6.666666666666666,2.0,26.666666666666664,28.07,Moderate,Provide refresher awareness training and continue behavioral monitoring,Phishing Failures
EMP0113,Information Technology,Security Analyst,High,0,70,10,5,1,2,1,4,5,5,1,0.3949,268.25,0.0,0.5,0.1,0.2,0.1,0.4,0.5,0.5,0.5,0.8,3,0.3,0.2,0.6666666666666666,15.0,2.0,1.5,3.0,0.0,6.666666666666666,2.0,26.166666666666664,27.54,Moderate,Provide refresher awareness training and continue behavioral monitoring,Phishing Failures
EMP0114,Marketing,Marketing Manager,Low,1,88,10,9,1,1,1,6,3,3,0,0.3374,294.5,0.0,0.9,0.1,0.1,0.1,0.6,0.3,0.3,0.7,2.0,1,0.12,0.6,0.0,9.0,2.0,1.5,1.2,0.0,0.0,3.0,10.7,11.26,Low,Maintain standard awareness training and periodic phishing simulation,Phishing Failures
EMP0115,Human Resources,HR Specialist,Medium,1,87,10,10,2,0,1,6,2,2,2,0.2966,249.3333,0.0,1.0,0.2,0.0,0.1,0.6,0.2,0.2,0.8,3.0,2,0.13,0.6,0.3333333333333333,6.0,2.0,3.0,1.3,0.0,3.333333333333333,3.0,12.633333333333333,13.3,Low,Maintain standard awareness training and periodic phishing simulation,Phishing Failures
EMP0116,Finance,Accountant,Medium,1,85,10,9,3,0,2,6,5,5,1,0.3086,200.5,1.0,0.9,0.3,0.0,0.2,0.6,0.5,0.5,0.5,1.2,2,0.15,0.6,0.3333333333333333,15.0,4.0,4.5,1.5,10.0,3.333333333333333,3.0,35.333333333333336,37.19,High,Assign targeted phishing awareness training and reassess within 30 days,Phishing Failures
EMP0117,Marketing,Marketing Specialist,Low,1,77,10,9,3,1,2,3,6,6,0,0.2937,326.0,0.0,0.9,0.3,0.1,0.2,0.3,0.6,0.6,0.4,0.5,1,0.23,0.3,0.0,18.0,4.0,4.5,2.3000000000000003,0.0,0.0,1.5,27.3,28.74,Moderate,Provide refresher awareness training and continue behavioral monitoring,Phishing Failures
EMP0118,Operations,Operations Specialist,Low,1,79,10,8,1,0,0,6,1,1,0,0.1783,192.3333,0.0,0.8,0.1,0.0,0.0,0.6,0.1,0.1,0.9,3.0,1,0.21,0.6,0.0,3.0,0.0,1.5,2.1,0.0,0.0,3.0,3.5999999999999996,3.79,Low,Maintain standard awareness training and periodic phishing simulation,Phishing Failures
EMP0119,Legal,Legal Assistant,Medium,1,75,10,10,2,0,1,5,3,3,0,0.373,209.8,0.0,1.0,0.2,0.0,0.1,0.5,0.3,0.3,0.7,1.6667,2,0.25,0.5,0.3333333333333333,9.0,2.0,3.0,2.5,0.0,3.333333333333333,2.5,17.333333333333332,18.25,Low,Maintain standard awareness training and periodic phishing simulation,Phishing Failures
EMP0120,Human Resources,Recruiter,High,1,91,10,8,3,1,2,6,6,6,2,0.2322,239.1667,0.5,0.8,0.3,0.1,0.2,0.6,0.6,0.6,0.4,1.0,3,0.09,0.6,0.6666666666666666,18.0,4.0,4.5,0.8999999999999999,5.0,6.666666666666666,3.0,36.06666666666666,37.96,High,Assign targeted phishing awareness training and reassess within 30 days,Phishing Failures
EMP0121,Information Technology,IT Support Analyst,Medium,1,93,10,6,3,0,0,6,4,4,1,0.1743,200.1667,1.0,0.6,0.3,0.0,0.0,0.6,0.4,0.4,0.6,1.5,2,0.07,0.6,0.3333333333333333,12.0,0.0,4.5,0.7000000000000001,10.0,3.333333333333333,3.0,27.53333333333333,28.98,Moderate,Provide refresher awareness training and continue behavioral monitoring,Phishing Failures
EMP0122,Information Technology,System Administrator,Medium,1,78,10,9,1,0,0,3,2,2,1,0.2613,329.0,0.0,0.9,0.1,0.0,0.0,0.3,0.2,0.2,0.8,1.5,2,0.22,0.3,0.3333333333333333,6.0,0.0,1.5,2.2,0.0,3.333333333333333,1.5,11.533333333333331,12.14,Low,Maintain standard awareness training and periodic phishing simulation,Phishing Failures
EMP0123,Information Technology,Security Analyst,High,0,81,10,9,1,0,0,6,2,2,1,0.3705,304.8333,1.0,0.9,0.1,0.0,0.0,0.6,0.2,0.2,0.8,3.0,3,0.19,0.3,0.6666666666666666,6.0,0.0,1.5,1.9,10.0,6.666666666666666,3.0,23.066666666666663,24.28,Moderate,Provide refresher awareness training and continue behavioral monitoring,Targeted Attack Failures
EMP0124,Marketing,Marketing Manager,Low,1,76,10,9,1,1,1,7,3,3,0,0.3849,275.7143,0.0,0.9,0.1,0.1,0.1,0.7,0.3,0.3,0.7,2.3333,1,0.24,0.7,0.0,9.0,2.0,1.5,2.4,0.0,0.0,3.5,11.4,12.0,Low,Maintain standard awareness training and periodic phishing simulation,Phishing Failures
EMP0125,Operations,Operations Analyst,Low,1,65,10,6,0,0,0,6,0,0,0,0.3285,278.1667,0.0,0.6,0.0,0.0,0.0,0.6,0.0,0.0,1.0,3.0,1,0.35,0.6,0.0,0.0,0.0,0.0,3.5,0.0,0.0,3.0,0.5,0.53,Low,Maintain standard awareness training and periodic phishing simulation,Training Weakness
EMP0126,Marketing,Marketing Specialist,Medium,1,63,10,9,2,0,1,3,2,2,0,0.2542,194.0,0.0,0.9,0.2,0.0,0.1,0.3,0.2,0.2,0.8,1.5,2,0.37,0.3,0.3333333333333333,6.0,2.0,3.0,3.7,0.0,3.333333333333333,1.5,16.53333333333333,17.4,Low,Maintain standard awareness training and periodic phishing simulation,Phishing Failures
EMP0127,Sales,Sales Representative,Medium,1,77,10,8,2,1,0,8,5,5,0,0.2876,258.0,0.0,0.8,0.2,0.1,0.0,0.8,0.5,0.5,0.5,1.6,2,0.23,0.8,0.3333333333333333,15.0,0.0,3.0,2.3000000000000003,0.0,3.333333333333333,4.0,19.633333333333333,20.67,Moderate,Provide refresher awareness training and continue behavioral monitoring,Phishing Failures
EMP0128,Legal,Compliance Analyst,Medium,1,67,10,9,2,1,0,6,4,4,0,0.3128,344.5,0.0,0.9,0.2,0.1,0.0,0.6,0.4,0.4,0.6,1.5,2,0.33,0.6,0.3333333333333333,12.0,0.0,3.0,3.3000000000000003,0.0,3.333333333333333,3.0,18.633333333333333,19.61,Low,Maintain standard awareness training and periodic phishing simulation,Phishing Failures
EMP0129,Sales,Sales Representative,Low,1,68,10,9,1,1,1,5,3,3,0,0.2948,180.8,0.0,0.9,0.1,0.1,0.1,0.5,0.3,0.3,0.7,1.6667,1,0.32,0.5,0.0,9.0,2.0,1.5,3.2,0.0,0.0,2.5,13.2,13.89,Low,Maintain standard awareness training and periodic phishing simulation,Phishing Failures
EMP0130,Marketing,Digital Marketing Analyst,Medium,1,74,10,9,1,2,0,6,4,4,0,0.3086,250.6667,0.0,0.9,0.1,0.2,0.0,0.6,0.4,0.4,0.6,1.5,2,0.26,0.6,0.3333333333333333,12.0,0.0,1.5,2.6,0.0,3.333333333333333,3.0,16.433333333333334,17.3,Low,Maintain standard awareness training and periodic phishing simulation,Phishing Failures
EMP0131,Human Resources,Recruiter,High,0,80,10,8,4,0,2,3,5,5,2,0.4065,244.3333,0.5,0.8,0.4,0.0,0.2,0.3,0.5,0.5,0.5,0.6,3,0.2,0.15,0.6666666666666666,15.0,4.0,6.0,2.0,5.0,6.666666666666666,1.5,37.166666666666664,39.12,High,Assign targeted phishing awareness training and reassess within 30 days,Phishing Failures
EMP0132,Marketing,Marketing Manager,Medium,1,71,10,8,2,0,1,5,4,4,0,0.2967,265.2,0.0,0.8,0.2,0.0,0.1,0.5,0.4,0.4,0.6,1.25,2,0.29,0.5,0.3333333333333333,12.0,2.0,3.0,2.9,0.0,3.333333333333333,2.5,20.73333333333333,21.82,Moderate,Provide refresher awareness training and continue behavioral monitoring,Phishing Failures
EMP0133,Finance,Financial Analyst,High,0,60,10,8,4,0,3,1,5,5,1,0.4011,146.0,1.0,0.8,0.4,0.0,0.3,0.1,0.5,0.5,0.5,0.2,3,0.4,0.05,0.6666666666666666,15.0,6.0,6.0,4.0,10.0,6.666666666666666,0.5,47.166666666666664,49.65,High,Assign targeted phishing awareness training and reassess within 30 days,Phishing Failures
EMP0134,Information Technology,Security Analyst,High,1,61,10,6,0,1,0,7,4,4,1,0.3243,193.5714,0.0,0.6,0.0,0.1,0.0,0.7,0.4,0.4,0.6,1.75,3,0.39,0.7,0.6666666666666666,12.0,0.0,0.0,3.9000000000000004,0.0,6.666666666666666,3.5,19.066666666666666,20.07,Moderate,Provide refresher awareness training and continue behavioral monitoring,Phishing Failures
EMP0135,Finance,Financial Analyst,High,1,69,10,8,1,0,0,8,2,2,1,0.274,256.375,1.0,0.8,0.1,0.0,0.0,0.8,0.2,0.2,0.8,3.0,3,0.31,0.8,0.6666666666666666,6.0,0.0,1.5,3.1,10.0,6.666666666666666,4.0,23.266666666666666,24.49,Moderate,Provide refresher awareness training and continue behavioral monitoring,Targeted Attack Failures
EMP0136,Legal,Legal Manager,High,1,75,10,9,2,0,0,6,2,2,0,0.316,213.0,0.0,0.9,0.2,0.0,0.0,0.6,0.2,0.2,0.8,3.0,3,0.25,0.6,0.6666666666666666,6.0,0.0,3.0,2.5,0.0,6.666666666666666,3.0,15.166666666666664,15.96,Low,Maintain standard awareness training and periodic phishing simulation,Privilege Exposure
EMP0137,Marketing,Marketing Manager,Low,1,77,10,10,1,0,1,3,1,1,0,0.1823,298.3333,0.0,1.0,0.1,0.0,0.1,0.3,0.1,0.1,0.9,3.0,1,0.23,0.3,0.0,3.0,2.0,1.5,2.3000000000000003,0.0,0.0,1.5,7.300000000000001,7.68,Low,Maintain standard awareness training and periodic phishing simulation,Phishing Failures
EMP0138,Marketing,Marketing Manager,Low,1,65,10,8,2,0,2,5,3,3,0,0.3475,346.4,0.0,0.8,0.2,0.0,0.2,0.5,0.3,0.3,0.7,1.6667,1,0.35,0.5,0.0,9.0,4.0,3.0,3.5,0.0,0.0,2.5,17.0,17.89,Low,Maintain standard awareness training and periodic phishing simulation,Phishing Failures
EMP0139,Operations,Operations Analyst,Medium,0,81,10,8,1,2,0,5,3,3,0,0.3717,255.8,0.0,0.8,0.1,0.2,0.0,0.5,0.3,0.3,0.7,1.6667,2,0.19,0.25,0.3333333333333333,9.0,0.0,1.5,1.9,0.0,3.333333333333333,2.5,13.233333333333334,13.93,Low,Maintain standard awareness training and periodic phishing simulation,Phishing Failures
EMP0140,Finance,Finance Manager,Medium,1,68,10,5,1,1,0,4,5,5,1,0.374,323.5,1.0,0.5,0.1,0.1,0.0,0.4,0.5,0.5,0.5,0.8,2,0.32,0.4,0.3333333333333333,15.0,0.0,1.5,3.2,10.0,3.333333333333333,2.0,31.03333333333333,32.67,Moderate,Provide refresher awareness training and continue behavioral monitoring,Phishing Failures
EMP0141,Legal,Compliance Analyst,Medium,1,86,10,7,0,1,0,7,2,2,0,0.1662,224.2857,0.0,0.7,0.0,0.1,0.0,0.7,0.2,0.2,0.8,3.0,2,0.14,0.7,0.3333333333333333,6.0,0.0,0.0,1.4000000000000001,0.0,3.333333333333333,3.5,7.233333333333334,7.61,Low,Maintain standard awareness training and periodic phishing simulation,Phishing Failures
EMP0142,Legal,Legal Manager,High,1,73,10,7,2,1,2,7,3,3,0,0.2654,183.2857,0.0,0.7,0.2,0.1,0.2,0.7,0.3,0.3,0.7,2.3333,3,0.27,0.7,0.6666666666666666,9.0,4.0,3.0,2.7,0.0,6.666666666666666,3.5,21.866666666666667,23.02,Moderate,Provide refresher awareness training and continue behavioral monitoring,Phishing Failures
EMP0143,Human Resources,HR Manager,High,1,80,10,9,2,0,2,3,3,3,2,0.2246,149.3333,0.5,0.9,0.2,0.0,0.2,0.3,0.3,0.3,0.7,1.0,3,0.2,0.3,0.6666666666666666,9.0,4.0,3.0,2.0,5.0,6.666666666666666,1.5,28.166666666666664,29.65,Moderate,Provide refresher awareness training and continue behavioral monitoring,Phishing Failures
EMP0144,Operations,Operations Manager,Medium,1,78,10,8,1,1,0,5,3,3,0,0.3104,263.8,0.0,0.8,0.1,0.1,0.0,0.5,0.3,0.3,0.7,1.6667,2,0.22,0.5,0.3333333333333333,9.0,0.0,1.5,2.2,0.0,3.333333333333333,2.5,13.533333333333331,14.25,Low,Maintain standard awareness training and periodic phishing simulation,Phishing Failures
EMP0145,Legal,Compliance Analyst,High,1,95,10,9,2,2,1,6,4,4,0,0.2958,139.6667,0.0,0.9,0.2,0.2,0.1,0.6,0.4,0.4,0.6,1.5,3,0.05,0.6,0.6666666666666666,12.0,2.0,3.0,0.5,0.0,6.666666666666666,3.0,21.166666666666664,22.28,Moderate,Provide refresher awareness training and continue behavioral monitoring,Phishing Failures
EMP0146,Information Technology,IT Support Analyst,High,1,89,10,10,0,0,0,7,0,0,1,0.1714,292.5714,0.0,1.0,0.0,0.0,0.0,0.7,0.0,0.0,1.0,3.0,3,0.11,0.7,0.6666666666666666,0.0,0.0,0.0,1.1,0.0,6.666666666666666,3.5,4.266666666666666,4.49,Low,Maintain standard awareness training and periodic phishing simulation,Privilege Exposure
EMP0147,Marketing,Marketing Manager,Low,1,100,10,9,1,1,0,8,2,2,0,0.1928,305.875,0.0,0.9,0.1,0.1,0.0,0.8,0.2,0.2,0.8,3.0,1,0.0,0.8,0.0,6.0,0.0,1.5,0.0,0.0,0.0,4.0,3.5,3.68,Low,Maintain standard awareness training and periodic phishing simulation,Phishing Failures
EMP0148,Operations,Operations Specialist,Low,1,68,10,7,1,0,1,5,2,2,0,0.2881,615.6,0.0,0.7,0.1,0.0,0.1,0.5,0.2,0.2,0.8,2.5,1,0.32,0.5,0.0,6.0,2.0,1.5,3.2,0.0,0.0,2.5,10.2,10.74,Low,Maintain standard awareness training and periodic phishing simulation,Phishing Failures
EMP0149,Operations,Operations Specialist,Low,1,68,10,8,1,1,0,7,2,2,0,0.2817,188.8571,0.0,0.8,0.1,0.1,0.0,0.7,0.2,0.2,0.8,3.0,1,0.32,0.7,0.0,6.0,0.0,1.5,3.2,0.0,0.0,3.5,7.199999999999999,7.58,Low,Maintain standard awareness training and periodic phishing simulation,Phishing Failures
EMP0150,Marketing,Marketing Manager,Medium,1,79,10,6,1,0,0,6,1,1,0,0.303,233.5,0.0,0.6,0.1,0.0,0.0,0.6,0.1,0.1,0.9,3.0,2,0.21,0.6,0.3333333333333333,3.0,0.0,1.5,2.1,0.0,3.333333333333333,3.0,6.933333333333334,7.3,Low,Maintain standard awareness training and periodic phishing simulation,Privilege Exposure
EMP0151,Executive,Vice President,Privileged,1,89,10,8,2,0,1,5,3,3,0,0.2176,227.2,0.0,0.8,0.2,0.0,0.1,0.5,0.3,0.3,0.7,1.6667,4,0.11,0.5,1.0,9.0,2.0,3.0,1.1,0.0,10.0,2.5,22.6,23.79,Moderate,Provide refresher awareness training and continue behavioral monitoring,Privilege Exposure
EMP0152,Sales,Sales Manager,Medium,1,71,10,9,2,1,1,4,5,5,0,0.2454,183.5,0.0,0.9,0.2,0.1,0.1,0.4,0.5,0.5,0.5,0.8,2,0.29,0.4,0.3333333333333333,15.0,2.0,3.0,2.9,0.0,3.333333333333333,2.0,24.23333333333333,25.51,Moderate,Provide refresher awareness training and continue behavioral monitoring,Phishing Failures
EMP0153,Information Technology,Security Analyst,Medium,1,62,10,10,4,1,1,3,6,6,1,0.3428,324.0,1.0,1.0,0.4,0.1,0.1,0.3,0.6,0.6,0.4,0.5,2,0.38,0.3,0.3333333333333333,18.0,2.0,6.0,3.8,10.0,3.333333333333333,1.5,41.63333333333333,43.82,High,Assign targeted phishing awareness training and reassess within 30 days,Phishing Failures
EMP0154,Operations,Operations Manager,Medium,1,99,10,9,2,0,0,7,2,2,0,0.349,221.4286,0.0,0.9,0.2,0.0,0.0,0.7,0.2,0.2,0.8,3.0,2,0.01,0.7,0.3333333333333333,6.0,0.0,3.0,0.1,0.0,3.333333333333333,3.5,8.933333333333334,9.4,Low,Maintain standard awareness training and periodic phishing simulation,Phishing Failures
EMP0155,Human Resources,HR Specialist,High,0,92,10,6,2,1,1,5,5,5,2,0.2589,185.2,0.5,0.6,0.2,0.1,0.1,0.5,0.5,0.5,0.5,1.0,3,0.08,0.25,0.6666666666666666,15.0,2.0,3.0,0.8,5.0,6.666666666666666,2.5,29.96666666666667,31.54,Moderate,Provide refresher awareness training and continue behavioral monitoring,Phishing Failures
EMP0156,Sales,Sales Representative,Low,1,72,10,9,1,2,0,5,5,5,0,0.3572,274.0,0.0,0.9,0.1,0.2,0.0,0.5,0.5,0.5,0.5,1.0,1,0.28,0.5,0.0,15.0,0.0,1.5,2.8000000000000003,0.0,0.0,2.5,16.8,17.68,Low,Maintain standard awareness training and periodic phishing simulation,Phishing Failures
EMP0157,Finance,Financial Analyst,Medium,1,76,10,9,2,1,0,3,3,3,1,0.3136,668.0,0.0,0.9,0.2,0.1,0.0,0.3,0.3,0.3,0.7,1.0,2,0.24,0.3,0.3333333333333333,9.0,0.0,3.0,2.4,0.0,3.333333333333333,1.5,16.233333333333334,17.09,Low,Maintain standard awareness training and periodic phishing simulation,Phishing Failures
EMP0158,Executive,Chief Officer,High,1,92,10,7,1,0,1,6,1,1,0,0.312,279.5,0.0,0.7,0.1,0.0,0.1,0.6,0.1,0.1,0.9,3.0,3,0.08,0.6,0.6666666666666666,3.0,2.0,1.5,0.8,0.0,6.666666666666666,3.0,10.966666666666665,11.54,Low,Maintain standard awareness training and periodic phishing simulation,Privilege Exposure
EMP0159,Executive,Vice President,High,1,78,10,9,1,1,0,7,2,2,0,0.2529,161.4286,0.0,0.9,0.1,0.1,0.0,0.7,0.2,0.2,0.8,3.0,3,0.22,0.7,0.6666666666666666,6.0,0.0,1.5,2.2,0.0,6.666666666666666,3.5,12.866666666666667,13.54,Low,Maintain standard awareness training and periodic phishing simulation,Privilege Exposure
EMP0160,Marketing,Digital Marketing Analyst,Medium,1,78,10,10,3,0,1,5,3,3,0,0.1938,266.2,0.0,1.0,0.3,0.0,0.1,0.5,0.3,0.3,0.7,1.6667,2,0.22,0.5,0.3333333333333333,9.0,2.0,4.5,2.2,0.0,3.333333333333333,2.5,18.53333333333333,19.51,Low,Maintain standard awareness training and periodic phishing simulation,Phishing Failures
EMP0161,Sales,Sales Representative,Low,1,65,10,8,3,0,0,7,5,5,0,0.4035,396.1429,0.0,0.8,0.3,0.0,0.0,0.7,0.5,0.5,0.5,1.4,1,0.35,0.7,0.0,15.0,0.0,4.5,3.5,0.0,0.0,3.5,19.5,20.53,Moderate,Provide refresher awareness training and continue behavioral monitoring,Phishing Failures
EMP0162,Human Resources,Recruiter,Medium,1,76,10,9,4,0,3,6,5,5,2,0.386,410.6667,0.5,0.9,0.4,0.0,0.3,0.6,0.5,0.5,0.5,1.2,2,0.24,0.6,0.3333333333333333,15.0,6.0,6.0,2.4,5.0,3.333333333333333,3.0,34.733333333333334,36.56,High,Assign targeted phishing awareness training and reassess within 30 days,Phishing Failures
EMP0163,Information Technology,Security Analyst,Privileged,1,59,10,10,3,1,2,4,4,4,1,0.3827,421.75,0.0,1.0,0.3,0.1,0.2,0.4,0.4,0.4,0.6,1.0,4,0.41,0.4,1.0,12.0,4.0,4.5,4.1,0.0,10.0,2.0,32.6,34.32,Moderate,Provide refresher awareness training and continue behavioral monitoring,Phishing Failures
EMP0164,Executive,Director,High,1,93,10,10,3,1,2,5,4,4,0,0.2278,202.2,0.0,1.0,0.3,0.1,0.2,0.5,0.4,0.4,0.6,1.25,3,0.07,0.5,0.6666666666666666,12.0,4.0,4.5,0.7000000000000001,0.0,6.666666666666666,2.5,25.366666666666667,26.7,Moderate,Provide refresher awareness training and continue behavioral monitoring,Phishing Failures
EMP0165,Human Resources,Recruiter,Medium,1,92,10,9,2,1,0,7,4,4,2,0.2889,299.0,0.0,0.9,0.2,0.1,0.0,0.7,0.4,0.4,0.6,1.75,2,0.08,0.7,0.3333333333333333,12.0,0.0,3.0,0.8,0.0,3.333333333333333,3.5,15.633333333333333,16.46,Low,Maintain standard awareness training and periodic phishing simulation,Phishing Failures
EMP0166,Executive,Chief Officer,Privileged,1,78,10,9,1,0,1,4,2,2,0,0.3039,220.5,0.0,0.9,0.1,0.0,0.1,0.4,0.2,0.2,0.8,2.0,4,0.22,0.4,1.0,6.0,2.0,1.5,2.2,0.0,10.0,2.0,19.7,20.74,Moderate,Provide refresher awareness training and continue behavioral monitoring,Privilege Exposure
EMP0167,Executive,Chief Officer,Privileged,1,85,10,8,2,0,2,6,2,2,0,0.2685,386.1667,0.0,0.8,0.2,0.0,0.2,0.6,0.2,0.2,0.8,3.0,4,0.15,0.6,1.0,6.0,4.0,3.0,1.5,0.0,10.0,3.0,21.5,22.63,Moderate,Provide refresher awareness training and continue behavioral monitoring,Privilege Exposure
EMP0168,Executive,Director,Privileged,1,94,10,9,2,0,0,8,3,3,0,0.256,154.0,0.0,0.9,0.2,0.0,0.0,0.8,0.3,0.3,0.7,2.6667,4,0.06,0.8,1.0,9.0,0.0,3.0,0.6,0.0,10.0,4.0,18.6,19.58,Low,Maintain standard awareness training and periodic phishing simulation,Privilege Exposure
EMP0169,Executive,Vice President,High,0,90,10,10,2,1,2,7,3,3,0,0.2924,208.0,0.0,1.0,0.2,0.1,0.2,0.7,0.3,0.3,0.7,2.3333,3,0.1,0.35,0.6666666666666666,9.0,4.0,3.0,1.0,0.0,6.666666666666666,3.5,20.166666666666664,21.23,Moderate,Provide refresher awareness training and continue behavioral monitoring,Phishing Failures
EMP0170,Operations,Operations Manager,Medium,1,56,10,8,3,0,2,4,6,6,0,0.3593,160.25,0.0,0.8,0.3,0.0,0.2,0.4,0.6,0.6,0.4,0.6667,2,0.44,0.4,0.3333333333333333,18.0,4.0,4.5,4.4,0.0,3.333333333333333,2.0,32.233333333333334,33.93,Moderate,Provide refresher awareness training and continue behavioral monitoring,Phishing Failures
EMP0171,Sales,Account Executive,Medium,1,96,10,8,0,0,0,8,1,1,0,0.2816,260.125,0.0,0.8,0.0,0.0,0.0,0.8,0.1,0.1,0.9,3.0,2,0.04,0.8,0.3333333333333333,3.0,0.0,0.0,0.4,0.0,3.333333333333333,4.0,2.7333333333333325,2.88,Low,Maintain standard awareness training and periodic phishing simulation,Privilege Exposure
EMP0172,Human Resources,HR Manager,High,1,78,10,9,3,0,1,5,5,5,2,0.3486,326.6,0.5,0.9,0.3,0.0,0.1,0.5,0.5,0.5,0.5,1.0,3,0.22,0.5,0.6666666666666666,15.0,2.0,4.5,2.2,5.0,6.666666666666666,2.5,32.86666666666667,34.6,Moderate,Provide refresher awareness training and continue behavioral monitoring,Phishing Failures
EMP0173,Sales,Account Executive,Medium,1,57,10,10,3,0,2,2,3,3,0,0.3105,375.0,0.0,1.0,0.3,0.0,0.2,0.2,0.3,0.3,0.7,0.6667,2,0.43,0.2,0.3333333333333333,9.0,4.0,4.5,4.3,0.0,3.333333333333333,1.0,24.133333333333333,25.4,Moderate,Provide refresher awareness training and continue behavioral monitoring,Phishing Failures
EMP0174,Legal,Legal Manager,Medium,1,77,10,9,3,1,1,2,4,4,0,0.2629,325.5,0.0,0.9,0.3,0.1,0.1,0.2,0.4,0.4,0.6,0.5,2,0.23,0.2,0.3333333333333333,12.0,2.0,4.5,2.3000000000000003,0.0,3.333333333333333,1.0,23.133333333333333,24.35,Moderate,Provide refresher awareness training and continue behavioral monitoring,Phishing Failures
EMP0175,Information Technology,IT Support Analyst,Medium,1,62,10,8,3,0,3,5,3,3,1,0.2926,155.4,1.0,0.8,0.3,0.0,0.3,0.5,0.3,0.3,0.7,1.6667,2,0.38,0.5,0.3333333333333333,9.0,6.0,4.5,3.8,10.0,3.333333333333333,2.5,34.13333333333333,35.93,High,Assign targeted phishing awareness training and reassess within 30 days,Targeted Attack Failures
EMP0176,Marketing,Marketing Manager,Low,0,86,10,7,1,0,0,4,2,2,0,0.2602,180.0,0.0,0.7,0.1,0.0,0.0,0.4,0.2,0.2,0.8,2.0,1,0.14,0.2,0.0,6.0,0.0,1.5,1.4000000000000001,0.0,0.0,2.0,6.9,7.26,Low,Maintain standard awareness training and periodic phishing simulation,Phishing Failures
EMP0177,Sales,Sales Representative,Medium,1,82,10,9,1,0,0,4,1,1,0,0.2255,268.75,0.0,0.9,0.1,0.0,0.0,0.4,0.1,0.1,0.9,3.0,2,0.18,0.4,0.3333333333333333,3.0,0.0,1.5,1.7999999999999998,0.0,3.333333333333333,2.0,7.633333333333333,8.04,Low,Maintain standard awareness training and periodic phishing simulation,Privilege Exposure
EMP0178,Marketing,Digital Marketing Analyst,Medium,1,66,10,8,1,0,0,5,2,2,0,0.2467,309.4,0.0,0.8,0.1,0.0,0.0,0.5,0.2,0.2,0.8,2.5,2,0.34,0.5,0.3333333333333333,6.0,0.0,1.5,3.4000000000000004,0.0,3.333333333333333,2.5,11.733333333333334,12.35,Low,Maintain standard awareness training and periodic phishing simulation,Phishing Failures
EMP0179,Marketing,Marketing Specialist,Low,1,66,10,9,2,1,1,4,4,4,0,0.3773,283.75,0.0,0.9,0.2,0.1,0.1,0.4,0.4,0.4,0.6,1.0,1,0.34,0.4,0.0,12.0,2.0,3.0,3.4000000000000004,0.0,0.0,2.0,18.4,19.37,Low,Maintain standard awareness training and periodic phishing simulation,Phishing Failures
EMP0180,Marketing,Digital Marketing Analyst,Low,0,84,10,10,3,1,2,5,5,5,0,0.36,248.6,0.0,1.0,0.3,0.1,0.2,0.5,0.5,0.5,0.5,1.0,1,0.16,0.25,0.0,15.0,4.0,4.5,1.6,0.0,0.0,2.5,22.6,23.79,Moderate,Provide refresher awareness training and continue behavioral monitoring,Phishing Failures
EMP0181,Marketing,Digital Marketing Analyst,Low,1,76,10,8,1,0,0,7,2,2,0,0.3536,237.7143,0.0,0.8,0.1,0.0,0.0,0.7,0.2,0.2,0.8,3.0,1,0.24,0.7,0.0,6.0,0.0,1.5,2.4,0.0,0.0,3.5,6.4,6.74,Low,Maintain standard awareness training and periodic phishing simulation,Phishing Failures
EMP0182,Legal,Compliance Analyst,High,1,65,10,9,0,1,0,4,1,1,0,0.2882,382.5,0.0,0.9,0.0,0.1,0.0,0.4,0.1,0.1,0.9,3.0,3,0.35,0.4,0.6666666666666666,3.0,0.0,0.0,3.5,0.0,6.666666666666666,2.0,11.166666666666666,11.75,Low,Maintain standard awareness training and periodic phishing simulation,Privilege Exposure
EMP0183,Marketing,Marketing Manager,Low,1,69,10,9,2,1,1,5,3,3,0,0.2997,144.2,0.0,0.9,0.2,0.1,0.1,0.5,0.3,0.3,0.7,1.6667,1,0.31,0.5,0.0,9.0,2.0,3.0,3.1,0.0,0.0,2.5,14.600000000000001,15.37,Low,Maintain standard awareness training and periodic phishing simulation,Phishing Failures
EMP0184,Executive,Director,Privileged,1,80,10,8,1,0,1,5,1,1,0,0.2416,299.6,0.0,0.8,0.1,0.0,0.1,0.5,0.1,0.1,0.9,3.0,4,0.2,0.5,1.0,3.0,2.0,1.5,2.0,0.0,10.0,2.5,16.0,16.84,Low,Maintain standard awareness training and periodic phishing simulation,Privilege Exposure
EMP0185,Marketing,Digital Marketing Analyst,Low,1,85,10,7,1,1,1,6,5,5,0,0.3565,216.8333,0.0,0.7,0.1,0.1,0.1,0.6,0.5,0.5,0.5,1.2,1,0.15,0.6,0.0,15.0,2.0,1.5,1.5,0.0,0.0,3.0,17.0,17.89,Low,Maintain standard awareness training and periodic phishing simulation,Phishing Failures
EMP0186,Marketing,Digital Marketing Analyst,Medium,1,87,10,9,2,0,0,7,2,2,0,0.2418,295.5714,0.0,0.9,0.2,0.0,0.0,0.7,0.2,0.2,0.8,3.0,2,0.13,0.7,0.3333333333333333,6.0,0.0,3.0,1.3,0.0,3.333333333333333,3.5,10.133333333333333,10.67,Low,Maintain standard awareness training and periodic phishing simulation,Phishing Failures
EMP0187,Information Technology,System Administrator,Medium,1,59,10,10,2,1,0,8,3,3,1,0.3743,261.625,0.0,1.0,0.2,0.1,0.0,0.8,0.3,0.3,0.7,2.6667,2,0.41,0.8,0.3333333333333333,9.0,0.0,3.0,4.1,0.0,3.333333333333333,4.0,15.433333333333334,16.25,Low,Maintain standard awareness training and periodic phishing simulation,Phishing Failures
EMP0188,Finance,Accountant,Medium,1,94,10,8,0,1,0,5,3,3,1,0.2413,207.6,1.0,0.8,0.0,0.1,0.0,0.5,0.3,0.3,0.7,1.6667,2,0.06,0.5,0.3333333333333333,9.0,0.0,0.0,0.6,10.0,3.333333333333333,2.5,20.433333333333334,21.51,Moderate,Provide refresher awareness training and continue behavioral monitoring,Targeted Attack Failures
EMP0189,Human Resources,HR Manager,High,1,84,10,8,3,1,0,3,5,5,2,0.2457,311.6667,0.5,0.8,0.3,0.1,0.0,0.3,0.5,0.5,0.5,0.6,3,0.16,0.3,0.6666666666666666,15.0,0.0,4.5,1.6,5.0,6.666666666666666,1.5,31.266666666666666,32.91,Moderate,Provide refresher awareness training and continue behavioral monitoring,Phishing Failures
EMP0190,Information Technology,System Administrator,Medium,1,81,10,8,1,0,1,6,1,1,1,0.2649,248.8333,1.0,0.8,0.1,0.0,0.1,0.6,0.1,0.1,0.9,3.0,2,0.19,0.6,0.3333333333333333,3.0,2.0,1.5,1.9,10.0,3.333333333333333,3.0,18.73333333333333,19.72,Low,Maintain standard awareness training and periodic phishing simulation,Targeted Attack Failures
EMP0191,Finance,Accountant,High,1,58,10,7,1,1,1,2,4,4,1,0.4142,517.0,0.0,0.7,0.1,0.1,0.1,0.2,0.4,0.4,0.6,0.5,3,0.42,0.2,0.6666666666666666,12.0,2.0,1.5,4.2,0.0,6.666666666666666,1.0,25.366666666666667,26.7,Moderate,Provide refresher awareness training and continue behavioral monitoring,Phishing Failures
EMP0192,Legal,Legal Assistant,High,1,80,10,9,3,1,1,6,4,4,0,0.2254,163.5,0.0,0.9,0.3,0.1,0.1,0.6,0.4,0.4,0.6,1.5,3,0.2,0.6,0.6666666666666666,12.0,2.0,4.5,2.0,0.0,6.666666666666666,3.0,24.166666666666664,25.44,Moderate,Provide refresher awareness training and continue behavioral monitoring,Phishing Failures
EMP0193,Legal,Compliance Analyst,High,1,70,10,8,1,1,1,3,2,2,0,0.2802,128.0,0.0,0.8,0.1,0.1,0.1,0.3,0.2,0.2,0.8,1.5,3,0.3,0.3,0.6666666666666666,6.0,2.0,1.5,3.0,0.0,6.666666666666666,1.5,17.666666666666664,18.6,Low,Maintain standard awareness training and periodic phishing simulation,Privilege Exposure
EMP0194,Operations,Operations Specialist,Medium,1,65,10,7,3,1,1,4,5,5,0,0.2852,193.0,0.0,0.7,0.3,0.1,0.1,0.4,0.5,0.5,0.5,0.8,2,0.35,0.4,0.3333333333333333,15.0,2.0,4.5,3.5,0.0,3.333333333333333,2.0,26.333333333333332,27.72,Moderate,Provide refresher awareness training and continue behavioral monitoring,Phishing Failures
EMP0195,Human Resources,Recruiter,Medium,1,77,10,8,1,0,0,7,1,1,2,0.2514,287.1429,0.0,0.8,0.1,0.0,0.0,0.7,0.1,0.1,0.9,3.0,2,0.23,0.7,0.3333333333333333,3.0,0.0,1.5,2.3000000000000003,0.0,3.333333333333333,3.5,6.633333333333333,6.98,Low,Maintain standard awareness training and periodic phishing simulation,Privilege Exposure
EMP0196,Finance,Accountant,Medium,1,95,10,8,1,1,1,7,4,4,1,0.2091,235.7143,1.0,0.8,0.1,0.1,0.1,0.7,0.4,0.4,0.6,1.75,2,0.05,0.7,0.3333333333333333,12.0,2.0,1.5,0.5,10.0,3.333333333333333,3.5,25.833333333333332,27.19,Moderate,Provide refresher awareness training and continue behavioral monitoring,Phishing Failures
EMP0197,Human Resources,HR Manager,Medium,1,65,10,9,4,1,3,1,6,6,2,0.3126,348.0,0.0,0.9,0.4,0.1,0.3,0.1,0.6,0.6,0.4,0.1667,2,0.35,0.1,0.3333333333333333,18.0,6.0,6.0,3.5,0.0,3.333333333333333,0.5,36.333333333333336,38.25,High,Assign targeted phishing awareness training and reassess within 30 days,Phishing Failures
EMP0198,Finance,Financial Analyst,Medium,1,75,10,8,3,0,2,5,4,4,1,0.3723,193.2,1.0,0.8,0.3,0.0,0.2,0.5,0.4,0.4,0.6,1.25,2,0.25,0.5,0.3333333333333333,12.0,4.0,4.5,2.5,10.0,3.333333333333333,2.5,33.833333333333336,35.61,High,Assign targeted phishing awareness training and reassess within 30 days,Phishing Failures
EMP0199,Finance,Finance Manager,Medium,1,61,10,6,2,0,1,3,4,4,1,0.3433,183.6667,1.0,0.6,0.2,0.0,0.1,0.3,0.4,0.4,0.6,0.75,2,0.39,0.3,0.3333333333333333,12.0,2.0,3.0,3.9000000000000004,10.0,3.333333333333333,1.5,32.733333333333334,34.46,Moderate,Provide refresher awareness training and continue behavioral monitoring,Phishing Failures
EMP0200,Sales,Sales Representative,Medium,1,84,10,8,1,0,0,6,1,1,0,0.3078,219.5,0.0,0.8,0.1,0.0,0.0,0.6,0.1,0.1,0.9,3.0,2,0.16,0.6,0.3333333333333333,3.0,0.0,1.5,1.6,0.0,3.333333333333333,3.0,6.433333333333334,6.77,Low,Maintain standard awareness training and periodic phishing simulation,Privilege Exposure
EMP0201,Human Resources,HR Manager,Medium,1,70,10,5,1,0,0,3,3,3,2,0.3413,181.3333,1.0,0.5,0.1,0.0,0.0,0.3,0.3,0.3,0.7,1.0,2,0.3,0.3,0.3333333333333333,9.0,0.0,1.5,3.0,10.0,3.333333333333333,1.5,25.333333333333332,26.67,Moderate,Provide refresher awareness training and continue behavioral monitoring,Targeted Attack Failures
EMP0202,Executive,Chief Officer,Privileged,1,67,10,8,4,0,2,6,4,4,0,0.2432,331.6667,0.0,0.8,0.4,0.0,0.2,0.6,0.4,0.4,0.6,1.5,4,0.33,0.6,1.0,12.0,4.0,6.0,3.3000000000000003,0.0,10.0,3.0,32.3,34.0,Moderate,Provide refresher awareness training and continue behavioral monitoring,Phishing Failures
EMP0203,Legal,Legal Assistant,Medium,1,81,10,7,1,0,1,5,1,1,0,0.2288,286.8,0.0,0.7,0.1,0.0,0.1,0.5,0.1,0.1,0.9,3.0,2,0.19,0.5,0.3333333333333333,3.0,2.0,1.5,1.9,0.0,3.333333333333333,2.5,9.233333333333334,9.72,Low,Maintain standard awareness training and periodic phishing simulation,Privilege Exposure
EMP0204,Information Technology,System Administrator,Medium,1,77,10,10,3,0,1,7,3,3,1,0.2423,281.4286,0.0,1.0,0.3,0.0,0.1,0.7,0.3,0.3,0.7,2.3333,2,0.23,0.7,0.3333333333333333,9.0,2.0,4.5,2.3000000000000003,0.0,3.333333333333333,3.5,17.633333333333333,18.56,Low,Maintain standard awareness training and periodic phishing simulation,Phishing Failures
EMP0205,Finance,Accountant,High,1,71,10,3,1,0,0,4,2,2,1,0.3188,333.25,1.0,0.3,0.1,0.0,0.0,0.4,0.2,0.2,0.8,2.0,3,0.29,0.4,0.6666666666666666,6.0,0.0,1.5,2.9,10.0,6.666666666666666,2.0,25.066666666666663,26.39,Moderate,Provide refresher awareness training and continue behavioral monitoring,Targeted Attack Failures
EMP0206,Marketing,Marketing Manager,Low,1,87,10,7,2,0,1,6,2,2,0,0.3284,263.5,0.0,0.7,0.2,0.0,0.1,0.6,0.2,0.2,0.8,3.0,1,0.13,0.6,0.0,6.0,2.0,3.0,1.3,0.0,0.0,3.0,9.3,9.79,Low,Maintain standard awareness training and periodic phishing simulation,Phishing Failures
EMP0207,Human Resources,HR Manager,Medium,1,57,10,5,2,0,0,5,5,5,2,0.3796,290.0,0.0,0.5,0.2,0.0,0.0,0.5,0.5,0.5,0.5,1.0,2,0.43,0.5,0.3333333333333333,15.0,0.0,3.0,4.3,0.0,3.333333333333333,2.5,23.133333333333333,24.35,Moderate,Provide refresher awareness training and continue behavioral monitoring,Phishing Failures
EMP0208,Human Resources,HR Manager,High,1,84,10,9,1,0,0,8,1,1,2,0.2614,317.5,0.0,0.9,0.1,0.0,0.0,0.8,0.1,0.1,0.9,3.0,3,0.16,0.8,0.6666666666666666,3.0,0.0,1.5,1.6,0.0,6.666666666666666,4.0,8.766666666666666,9.23,Low,Maintain standard awareness training and periodic phishing simulation,Privilege Exposure
EMP0209,Human Resources,HR Manager,Medium,1,58,10,9,3,1,2,2,5,5,2,0.3771,547.5,0.5,0.9,0.3,0.1,0.2,0.2,0.5,0.5,0.5,0.4,2,0.42,0.2,0.3333333333333333,15.0,4.0,4.5,4.2,5.0,3.333333333333333,1.0,35.03333333333334,36.88,High,Assign targeted phishing awareness training and reassess within 30 days,Phishing Failures
EMP0210,Legal,Legal Manager,High,1,78,10,5,2,0,1,5,3,3,0,0.2759,194.2,0.0,0.5,0.2,0.0,0.1,0.5,0.3,0.3,0.7,1.6667,3,0.22,0.5,0.6666666666666666,9.0,2.0,3.0,2.2,0.0,6.666666666666666,2.5,20.366666666666667,21.44,Moderate,Provide refresher awareness training and continue behavioral monitoring,Phishing Failures
EMP0211,Legal,Legal Assistant,High,1,77,10,10,3,0,2,5,3,3,0,0.3072,292.8,0.0,1.0,0.3,0.0,0.2,0.5,0.3,0.3,0.7,1.6667,3,0.23,0.5,0.6666666666666666,9.0,4.0,4.5,2.3000000000000003,0.0,6.666666666666666,2.5,23.96666666666667,25.23,Moderate,Provide refresher awareness training and continue behavioral monitoring,Phishing Failures
EMP0212,Finance,Accountant,High,0,63,10,8,4,1,0,2,6,6,1,0.4794,172.5,1.0,0.8,0.4,0.1,0.0,0.2,0.6,0.6,0.4,0.3333,3,0.37,0.1,0.6666666666666666,18.0,0.0,6.0,3.7,10.0,6.666666666666666,1.0,43.36666666666667,45.65,High,Assign targeted phishing awareness training and reassess within 30 days,Phishing Failures
EMP0213,Human Resources,Recruiter,High,0,90,10,6,0,1,0,5,1,1,2,0.3233,402.2,0.5,0.6,0.0,0.1,0.0,0.5,0.1,0.1,0.9,3.0,3,0.1,0.25,0.6666666666666666,3.0,0.0,0.0,1.0,5.0,6.666666666666666,2.5,13.166666666666666,13.86,Low,Maintain standard awareness training and periodic phishing simulation,Privilege Exposure
EMP0214,Executive,Chief Officer,High,1,71,10,5,1,1,0,5,3,3,0,0.2862,200.4,0.0,0.5,0.1,0.1,0.0,0.5,0.3,0.3,0.7,1.6667,3,0.29,0.5,0.6666666666666666,9.0,0.0,1.5,2.9,0.0,6.666666666666666,2.5,17.566666666666666,18.49,Low,Maintain standard awareness training and periodic phishing simulation,Phishing Failures
EMP0215,Marketing,Marketing Specialist,Medium,1,48,10,8,3,1,1,3,5,5,0,0.3972,130.6667,0.0,0.8,0.3,0.1,0.1,0.3,0.5,0.5,0.5,0.6,2,0.52,0.3,0.3333333333333333,15.0,2.0,4.5,5.2,0.0,3.333333333333333,1.5,28.53333333333333,30.04,Moderate,Provide refresher awareness training and continue behavioral monitoring,Phishing Failures
EMP0216,Executive,Vice President,Privileged,1,68,10,7,2,1,0,4,4,4,0,0.3435,233.75,0.0,0.7,0.2,0.1,0.0,0.4,0.4,0.4,0.6,1.0,4,0.32,0.4,1.0,12.0,0.0,3.0,3.2,0.0,10.0,2.0,26.2,27.58,Moderate,Provide refresher awareness training and continue behavioral monitoring,Phishing Failures
EMP0217,Operations,Operations Specialist,Low,1,82,10,9,2,1,0,2,4,4,0,0.3106,343.5,0.0,0.9,0.2,0.1,0.0,0.2,0.4,0.4,0.6,0.5,1,0.18,0.2,0.0,12.0,0.0,3.0,1.7999999999999998,0.0,0.0,1.0,15.8,16.63,Low,Maintain standard awareness training and periodic phishing simulation,Phishing Failures
EMP0218,Human Resources,Recruiter,High,1,70,10,7,1,0,1,7,2,2,2,0.2798,198.5714,0.0,0.7,0.1,0.0,0.1,0.7,0.2,0.2,0.8,3.0,3,0.3,0.7,0.6666666666666666,6.0,2.0,1.5,3.0,0.0,6.666666666666666,3.5,15.666666666666664,16.49,Low,Maintain standard awareness training and periodic phishing simulation,Privilege Exposure
EMP0219,Sales,Account Executive,Medium,1,92,10,10,4,1,0,6,5,5,0,0.2665,188.1667,0.0,1.0,0.4,0.1,0.0,0.6,0.5,0.5,0.5,1.2,2,0.08,0.6,0.3333333333333333,15.0,0.0,6.0,0.8,0.0,3.333333333333333,3.0,22.133333333333333,23.3,Moderate,Provide refresher awareness training and continue behavioral monitoring,Phishing Failures
EMP0220,Legal,Legal Assistant,High,1,81,10,8,1,1,1,5,2,2,0,0.2634,298.4,0.0,0.8,0.1,0.1,0.1,0.5,0.2,0.2,0.8,2.5,3,0.19,0.5,0.6666666666666666,6.0,2.0,1.5,1.9,0.0,6.666666666666666,2.5,15.566666666666666,16.39,Low,Maintain standard awareness training and periodic phishing simulation,Privilege Exposure
EMP0221,Legal,Legal Assistant,High,1,82,10,9,1,0,1,3,2,2,0,0.3219,235.0,0.0,0.9,0.1,0.0,0.1,0.3,0.2,0.2,0.8,1.5,3,0.18,0.3,0.6666666666666666,6.0,2.0,1.5,1.7999999999999998,0.0,6.666666666666666,1.5,16.46666666666667,17.33,Low,Maintain standard awareness training and periodic phishing simulation,Privilege Exposure
EMP0222,Sales,Account Executive,Medium,1,72,10,6,1,0,1,7,2,2,0,0.1839,201.4286,0.0,0.6,0.1,0.0,0.1,0.7,0.2,0.2,0.8,3.0,2,0.28,0.7,0.3333333333333333,6.0,2.0,1.5,2.8000000000000003,0.0,3.333333333333333,3.5,12.133333333333333,12.77,Low,Maintain standard awareness training and periodic phishing simulation,Phishing Failures
EMP0223,Legal,Compliance Analyst,High,1,92,10,9,0,0,0,9,1,1,0,0.2267,350.6667,0.0,0.9,0.0,0.0,0.0,0.9,0.1,0.1,0.9,3.0,3,0.08,0.9,0.6666666666666666,3.0,0.0,0.0,0.8,0.0,6.666666666666666,4.5,5.966666666666665,6.28,Low,Maintain standard awareness training and periodic phishing simulation,Privilege Exposure
EMP0224,Finance,Finance Manager,Medium,1,73,10,5,1,0,1,4,4,4,1,0.3345,344.25,0.0,0.5,0.1,0.0,0.1,0.4,0.4,0.4,0.6,1.0,2,0.27,0.4,0.3333333333333333,12.0,2.0,1.5,2.7,0.0,3.333333333333333,2.0,19.53333333333333,20.56,Moderate,Provide refresher awareness training and continue behavioral monitoring,Phishing Failures
EMP0225,Human Resources,HR Specialist,High,1,78,10,9,2,1,0,5,3,3,2,0.3311,339.0,0.5,0.9,0.2,0.1,0.0,0.5,0.3,0.3,0.7,1.6667,3,0.22,0.5,0.6666666666666666,9.0,0.0,3.0,2.2,5.0,6.666666666666666,2.5,23.366666666666667,24.6,Moderate,Provide refresher awareness training and continue behavioral monitoring,Phishing Failures
EMP0226,Executive,Chief Officer,High,1,98,10,7,4,0,3,5,4,4,0,0.2274,232.4,0.0,0.7,0.4,0.0,0.3,0.5,0.4,0.4,0.6,1.25,3,0.02,0.5,0.6666666666666666,12.0,6.0,6.0,0.2,0.0,6.666666666666666,2.5,28.366666666666667,29.86,Moderate,Provide refresher awareness training and continue behavioral monitoring,Phishing Failures
EMP0227,Executive,Chief Officer,Privileged,1,80,10,8,2,1,1,6,4,4,0,0.2378,237.1667,0.0,0.8,0.2,0.1,0.1,0.6,0.4,0.4,0.6,1.5,4,0.2,0.6,1.0,12.0,2.0,3.0,2.0,0.0,10.0,3.0,26.0,27.37,Moderate,Provide refresher awareness training and continue behavioral monitoring,Phishing Failures
EMP0228,Executive,Director,High,1,87,10,7,1,0,1,8,1,1,0,0.1656,237.625,0.0,0.7,0.1,0.0,0.1,0.8,0.1,0.1,0.9,3.0,3,0.13,0.8,0.6666666666666666,3.0,2.0,1.5,1.3,0.0,6.666666666666666,4.0,10.466666666666665,11.02,Low,Maintain standard awareness training and periodic phishing simulation,Privilege Exposure
EMP0229,Operations,Operations Analyst,Medium,1,82,10,9,2,0,1,4,2,2,0,0.2845,166.75,0.0,0.9,0.2,0.0,0.1,0.4,0.2,0.2,0.8,2.0,2,0.18,0.4,0.3333333333333333,6.0,2.0,3.0,1.7999999999999998,0.0,3.333333333333333,2.0,14.133333333333333,14.88,Low,Maintain standard awareness training and periodic phishing simulation,Phishing Failures
EMP0230,Sales,Account Executive,Medium,1,73,10,7,1,1,1,3,2,2,0,0.231,301.3333,0.0,0.7,0.1,0.1,0.1,0.3,0.2,0.2,0.8,1.5,2,0.27,0.3,0.3333333333333333,6.0,2.0,1.5,2.7,0.0,3.333333333333333,1.5,14.033333333333331,14.77,Low,Maintain standard awareness training and periodic phishing simulation,Phishing Failures
EMP0231,Executive,Chief Officer,Privileged,1,72,10,7,4,1,2,5,7,7,0,0.348,187.8,0.0,0.7,0.4,0.1,0.2,0.5,0.7,0.7,0.3,0.7143,4,0.28,0.5,1.0,21.0,4.0,6.0,2.8000000000000003,0.0,10.0,2.5,41.3,43.47,High,Assign targeted phishing awareness training and reassess within 30 days,Phishing Failures
EMP0232,Marketing,Marketing Manager,Medium,1,67,10,8,2,1,0,4,3,3,0,0.2556,182.5,0.0,0.8,0.2,0.1,0.0,0.4,0.3,0.3,0.7,1.3333,2,0.33,0.4,0.3333333333333333,9.0,0.0,3.0,3.3000000000000003,0.0,3.333333333333333,2.0,16.633333333333333,17.51,Low,Maintain standard awareness training and periodic phishing simulation,Phishing Failures
EMP0233,Legal,Legal Manager,High,1,83,10,6,1,0,1,4,3,3,0,0.3062,190.5,0.0,0.6,0.1,0.0,0.1,0.4,0.3,0.3,0.7,1.3333,3,0.17,0.4,0.6666666666666666,9.0,2.0,1.5,1.7000000000000002,0.0,6.666666666666666,2.0,18.866666666666667,19.86,Low,Maintain standard awareness training and periodic phishing simulation,Phishing Failures
EMP0234,Operations,Operations Specialist,Medium,1,82,10,7,1,0,0,4,2,2,0,0.2953,189.25,0.0,0.7,0.1,0.0,0.0,0.4,0.2,0.2,0.8,2.0,2,0.18,0.4,0.3333333333333333,6.0,0.0,1.5,1.7999999999999998,0.0,3.333333333333333,2.0,10.633333333333333,11.19,Low,Maintain standard awareness training and periodic phishing simulation,Phishing Failures
EMP0235,Sales,Sales Representative,Low,1,74,10,8,1,0,0,6,1,1,0,0.2721,247.1667,0.0,0.8,0.1,0.0,0.0,0.6,0.1,0.1,0.9,3.0,1,0.26,0.6,0.0,3.0,0.0,1.5,2.6,0.0,0.0,3.0,4.1,4.32,Low,Maintain standard awareness training and periodic phishing simulation,Phishing Failures
EMP0236,Legal,Legal Assistant,Medium,0,66,10,9,2,1,1,5,4,4,0,0.4529,265.4,0.0,0.9,0.2,0.1,0.1,0.5,0.4,0.4,0.6,1.25,2,0.34,0.25,0.3333333333333333,12.0,2.0,3.0,3.4000000000000004,0.0,3.333333333333333,2.5,21.23333333333333,22.35,Moderate,Provide refresher awareness training and continue behavioral monitoring,Phishing Failures
EMP0237,Sales,Sales Representative,Medium,1,88,10,9,3,0,1,7,4,4,0,0.3177,183.0,0.0,0.9,0.3,0.0,0.1,0.7,0.4,0.4,0.6,1.75,2,0.12,0.7,0.3333333333333333,12.0,2.0,4.5,1.2,0.0,3.333333333333333,3.5,19.53333333333333,20.56,Moderate,Provide refresher awareness training and continue behavioral monitoring,Phishing Failures
EMP0238,Operations,Operations Manager,Medium,1,94,10,8,2,0,1,6,3,3,0,0.263,352.1667,0.0,0.8,0.2,0.0,0.1,0.6,0.3,0.3,0.7,2.0,2,0.06,0.6,0.3333333333333333,9.0,2.0,3.0,0.6,0.0,3.333333333333333,3.0,14.933333333333334,15.72,Low,Maintain standard awareness training and periodic phishing simulation,Phishing Failures
EMP0239,Human Resources,HR Specialist,High,1,56,10,9,2,1,0,3,3,3,2,0.3502,245.0,0.5,0.9,0.2,0.1,0.0,0.3,0.3,0.3,0.7,1.0,3,0.44,0.3,0.6666666666666666,9.0,0.0,3.0,4.4,5.0,6.666666666666666,1.5,26.566666666666663,27.96,Moderate,Provide refresher awareness training and continue behavioral monitoring,Phishing Failures
EMP0240,Sales,Account Executive,Low,1,95,10,9,1,0,0,5,1,1,0,0.1635,219.6,0.0,0.9,0.1,0.0,0.0,0.5,0.1,0.1,0.9,3.0,1,0.05,0.5,0.0,3.0,0.0,1.5,0.5,0.0,0.0,2.5,2.5,2.63,Low,Maintain standard awareness training and periodic phishing simulation,Phishing Failures
EMP0241,Operations,Operations Analyst,Low,1,100,10,4,1,1,1,7,4,4,0,0.2182,249.0,0.0,0.4,0.1,0.1,0.1,0.7,0.4,0.4,0.6,1.75,1,0.0,0.7,0.0,12.0,2.0,1.5,0.0,0.0,0.0,3.5,12.0,12.63,Low,Maintain standard awareness training and periodic phishing simulation,Phishing Failures
EMP0242,Operations,Operations Analyst,Low,1,79,10,8,1,0,0,5,2,2,0,0.2073,276.8,0.0,0.8,0.1,0.0,0.0,0.5,0.2,0.2,0.8,2.5,1,0.21,0.5,0.0,6.0,0.0,1.5,2.1,0.0,0.0,2.5,7.1,7.47,Low,Maintain standard awareness training and periodic phishing simulation,Phishing Failures
EMP0243,Operations,Operations Manager,Low,1,83,10,7,2,0,2,9,2,2,0,0.1992,334.8889,0.0,0.7,0.2,0.0,0.2,0.9,0.2,0.2,0.8,3.0,1,0.17,0.9,0.0,6.0,4.0,3.0,1.7000000000000002,0.0,0.0,4.5,10.2,10.74,Low,Maintain standard awareness training and periodic phishing simulation,Phishing Failures
EMP0244,Executive,Director,High,1,80,10,9,3,0,2,5,3,3,0,0.3368,214.4,0.0,0.9,0.3,0.0,0.2,0.5,0.3,0.3,0.7,1.6667,3,0.2,0.5,0.6666666666666666,9.0,4.0,4.5,2.0,0.0,6.666666666666666,2.5,23.666666666666664,24.91,Moderate,Provide refresher awareness training and continue behavioral monitoring,Phishing Failures
EMP0245,Operations,Operations Specialist,Medium,1,97,10,7,3,0,0,6,3,3,0,0.2323,170.8333,0.0,0.7,0.3,0.0,0.0,0.6,0.3,0.3,0.7,2.0,2,0.03,0.6,0.3333333333333333,9.0,0.0,4.5,0.3,0.0,3.333333333333333,3.0,14.133333333333333,14.88,Low,Maintain standard awareness training and periodic phishing simulation,Phishing Failures
EMP0246,Executive,Vice President,High,1,71,10,10,0,2,0,5,3,3,0,0.3834,256.2,0.0,1.0,0.0,0.2,0.0,0.5,0.3,0.3,0.7,1.6667,3,0.29,0.5,0.6666666666666666,9.0,0.0,0.0,2.9,0.0,6.666666666666666,2.5,16.066666666666666,16.91,Low,Maintain standard awareness training and periodic phishing simulation,Phishing Failures
EMP0247,Finance,Accountant,High,0,78,10,9,1,0,1,6,2,2,1,0.3568,303.8333,0.0,0.9,0.1,0.0,0.1,0.6,0.2,0.2,0.8,3.0,3,0.22,0.3,0.6666666666666666,6.0,2.0,1.5,2.2,0.0,6.666666666666666,3.0,15.366666666666667,16.18,Low,Maintain standard awareness training and periodic phishing simulation,Privilege Exposure
EMP0248,Human Resources,HR Specialist,High,1,91,10,7,0,0,0,7,0,0,2,0.2043,241.4286,0.0,0.7,0.0,0.0,0.0,0.7,0.0,0.0,1.0,3.0,3,0.09,0.7,0.6666666666666666,0.0,0.0,0.0,0.8999999999999999,0.0,6.666666666666666,3.5,4.066666666666666,4.28,Low,Maintain standard awareness training and periodic phishing simulation,Privilege Exposure
EMP0249,Executive,Director,High,1,65,10,10,1,0,1,5,2,2,0,0.2902,187.8,0.0,1.0,0.1,0.0,0.1,0.5,0.2,0.2,0.8,2.5,3,0.35,0.5,0.6666666666666666,6.0,2.0,1.5,3.5,0.0,6.666666666666666,2.5,17.166666666666664,18.07,Low,Maintain standard awareness training and periodic phishing simulation,Privilege Exposure
EMP0250,Information Technology,IT Support Analyst,Privileged,1,58,10,6,2,0,1,3,4,4,1,0.3661,195.6667,1.0,0.6,0.2,0.0,0.1,0.3,0.4,0.4,0.6,0.75,4,0.42,0.3,1.0,12.0,2.0,3.0,4.2,10.0,10.0,1.5,39.7,41.79,High,Assign targeted phishing awareness training and reassess within 30 days,Phishing Failures
EMP0251,Operations,Operations Analyst,Low,1,73,10,9,1,0,1,7,1,1,0,0.2715,237.4286,0.0,0.9,0.1,0.0,0.1,0.7,0.1,0.1,0.9,3.0,1,0.27,0.7,0.0,3.0,2.0,1.5,2.7,0.0,0.0,3.5,5.699999999999999,6.0,Low,Maintain standard awareness training and periodic phishing simulation,Phishing Failures
EMP0252,Human Resources,HR Manager,High,1,98,10,6,0,0,0,5,1,1,2,0.2402,211.6,0.0,0.6,0.0,0.0,0.0,0.5,0.1,0.1,0.9,3.0,3,0.02,0.5,0.6666666666666666,3.0,0.0,0.0,0.2,0.0,6.666666666666666,2.5,7.366666666666667,7.75,Low,Maintain standard awareness training and periodic phishing simulation,Privilege Exposure
EMP0253,Sales,Sales Manager,Medium,1,45,10,10,2,1,1,2,3,3,0,0.4163,297.0,0.0,1.0,0.2,0.1,0.1,0.2,0.3,0.3,0.7,0.6667,2,0.55,0.2,0.3333333333333333,9.0,2.0,3.0,5.5,0.0,3.333333333333333,1.0,21.833333333333332,22.98,Moderate,Provide refresher awareness training and continue behavioral monitoring,Phishing Failures
EMP0254,Executive,Vice President,Privileged,1,77,10,6,2,0,1,4,3,3,0,0.256,221.75,0.0,0.6,0.2,0.0,0.1,0.4,0.3,0.3,0.7,1.3333,4,0.23,0.4,1.0,9.0,2.0,3.0,2.3000000000000003,0.0,10.0,2.0,24.3,25.58,Moderate,Provide refresher awareness training and continue behavioral monitoring,Privilege Exposure
EMP0255,Marketing,Digital Marketing Analyst,Low,1,74,10,8,3,2,2,5,6,6,0,0.4334,219.2,0.0,0.8,0.3,0.2,0.2,0.5,0.6,0.6,0.4,0.8333,1,0.26,0.5,0.0,18.0,4.0,4.5,2.6,0.0,0.0,2.5,26.6,28.0,Moderate,Provide refresher awareness training and continue behavioral monitoring,Phishing Failures
EMP0256,Human Resources,HR Specialist,Medium,1,64,10,6,2,2,1,3,6,6,2,0.4264,194.0,0.5,0.6,0.2,0.2,0.1,0.3,0.6,0.6,0.4,0.5,2,0.36,0.3,0.3333333333333333,18.0,2.0,3.0,3.5999999999999996,5.0,3.333333333333333,1.5,33.43333333333334,35.19,High,Assign targeted phishing awareness training and reassess within 30 days,Phishing Failures
EMP0257,Operations,Operations Manager,Low,1,78,10,8,2,0,0,5,2,2,0,0.2496,169.0,0.0,0.8,0.2,0.0,0.0,0.5,0.2,0.2,0.8,2.5,1,0.22,0.5,0.0,6.0,0.0,3.0,2.2,0.0,0.0,2.5,8.7,9.16,Low,Maintain standard awareness training and periodic phishing simulation,Phishing Failures
EMP0258,Information Technology,IT Support Analyst,Medium,1,77,10,9,2,0,2,6,3,3,1,0.3024,193.3333,1.0,0.9,0.2,0.0,0.2,0.6,0.3,0.3,0.7,2.0,2,0.23,0.6,0.3333333333333333,9.0,4.0,3.0,2.3000000000000003,10.0,3.333333333333333,3.0,28.633333333333333,30.14,Moderate,Provide refresher awareness training and continue behavioral monitoring,Targeted Attack Failures
EMP0259,Human Resources,HR Specialist,Medium,1,77,10,8,3,0,1,3,3,3,2,0.2899,215.0,0.0,0.8,0.3,0.0,0.1,0.3,0.3,0.3,0.7,1.0,2,0.23,0.3,0.3333333333333333,9.0,2.0,4.5,2.3000000000000003,0.0,3.333333333333333,1.5,19.633333333333333,20.67,Moderate,Provide refresher awareness training and continue behavioral monitoring,Phishing Failures
EMP0260,Marketing,Digital Marketing Analyst,Medium,0,71,10,7,2,1,1,5,4,4,0,0.3604,169.0,0.0,0.7,0.2,0.1,0.1,0.5,0.4,0.4,0.6,1.25,2,0.29,0.25,0.3333333333333333,12.0,2.0,3.0,2.9,0.0,3.333333333333333,2.5,20.73333333333333,21.82,Moderate,Provide refresher awareness training and continue behavioral monitoring,Phishing Failures
EMP0261,Operations,Operations Analyst,Low,1,46,10,9,3,0,1,3,3,3,0,0.3412,279.0,0.0,0.9,0.3,0.0,0.1,0.3,0.3,0.3,0.7,1.0,1,0.54,0.3,0.0,9.0,2.0,4.5,5.4,0.0,0.0,1.5,19.4,20.42,Moderate,Provide refresher awareness training and continue behavioral monitoring,Phishing Failures
EMP0262,Operations,Operations Manager,Medium,1,91,10,7,1,0,1,6,2,2,0,0.2358,297.8333,0.0,0.7,0.1,0.0,0.1,0.6,0.2,0.2,0.8,3.0,2,0.09,0.6,0.3333333333333333,6.0,2.0,1.5,0.8999999999999999,0.0,3.333333333333333,3.0,10.733333333333334,11.3,Low,Maintain standard awareness training and periodic phishing simulation,Phishing Failures
EMP0263,Executive,Director,High,1,61,10,7,1,0,1,7,2,2,0,0.2395,301.0,0.0,0.7,0.1,0.0,0.1,0.7,0.2,0.2,0.8,3.0,3,0.39,0.7,0.6666666666666666,6.0,2.0,1.5,3.9000000000000004,0.0,6.666666666666666,3.5,16.566666666666666,17.44,Low,Maintain standard awareness training and periodic phishing simulation,Privilege Exposure
EMP0264,Operations,Operations Manager,Low,1,68,10,7,1,1,0,7,3,3,0,0.2454,243.5714,0.0,0.7,0.1,0.1,0.0,0.7,0.3,0.3,0.7,2.3333,1,0.32,0.7,0.0,9.0,0.0,1.5,3.2,0.0,0.0,3.5,10.2,10.74,Low,Maintain standard awareness training and periodic phishing simulation,Phishing Failures
EMP0265,Marketing,Marketing Specialist,Low,1,89,10,6,1,0,1,7,1,1,0,0.3063,284.4286,0.0,0.6,0.1,0.0,0.1,0.7,0.1,0.1,0.9,3.0,1,0.11,0.7,0.0,3.0,2.0,1.5,1.1,0.0,0.0,3.5,4.1,4.32,Low,Maintain standard awareness training and periodic phishing simulation,Phishing Failures
EMP0266,Information Technology,System Administrator,Medium,1,93,10,9,4,0,3,7,5,5,1,0.301,237.2857,1.0,0.9,0.4,0.0,0.3,0.7,0.5,0.5,0.5,1.4,2,0.07,0.7,0.3333333333333333,15.0,6.0,6.0,0.7000000000000001,10.0,3.333333333333333,3.5,37.53333333333334,39.51,High,Assign targeted phishing awareness training and reassess within 30 days,Phishing Failures
EMP0267,Human Resources,HR Specialist,Medium,1,71,10,7,2,0,1,2,3,3,2,0.2524,348.5,0.5,0.7,0.2,0.0,0.1,0.2,0.3,0.3,0.7,0.6667,2,0.29,0.2,0.3333333333333333,9.0,2.0,3.0,2.9,5.0,3.333333333333333,1.0,24.23333333333333,25.51,Moderate,Provide refresher awareness training and continue behavioral monitoring,Phishing Failures
EMP0268,Operations,Operations Manager,Medium,1,83,10,10,2,1,0,9,3,3,0,0.2539,220.2222,0.0,1.0,0.2,0.1,0.0,0.9,0.3,0.3,0.7,3.0,2,0.17,0.9,0.3333333333333333,9.0,0.0,3.0,1.7000000000000002,0.0,3.333333333333333,4.5,12.533333333333331,13.19,Low,Maintain standard awareness training and periodic phishing simulation,Phishing Failures
EMP0269,Executive,Director,Privileged,1,86,10,9,1,0,0,4,1,1,0,0.2719,201.0,0.0,0.9,0.1,0.0,0.0,0.4,0.1,0.1,0.9,3.0,4,0.14,0.4,1.0,3.0,0.0,1.5,1.4000000000000001,0.0,10.0,2.0,13.9,14.63,Low,Maintain standard awareness training and periodic phishing simulation,Privilege Exposure
EMP0270,Operations,Operations Manager,Medium,1,83,10,7,0,0,0,5,2,2,0,0.2211,312.0,0.0,0.7,0.0,0.0,0.0,0.5,0.2,0.2,0.8,2.5,2,0.17,0.5,0.3333333333333333,6.0,0.0,0.0,1.7000000000000002,0.0,3.333333333333333,2.5,8.533333333333333,8.98,Low,Maintain standard awareness training and periodic phishing simulation,Phishing Failures
EMP0271,Operations,Operations Manager,Medium,1,85,10,8,2,1,1,4,3,3,0,0.1608,289.0,0.0,0.8,0.2,0.1,0.1,0.4,0.3,0.3,0.7,1.3333,2,0.15,0.4,0.3333333333333333,9.0,2.0,3.0,1.5,0.0,3.333333333333333,2.0,16.833333333333332,17.72,Low,Maintain standard awareness training and periodic phishing simulation,Phishing Failures
EMP0272,Executive,Director,High,0,74,10,8,2,0,1,5,3,3,0,0.4108,391.2,0.0,0.8,0.2,0.0,0.1,0.5,0.3,0.3,0.7,1.6667,3,0.26,0.25,0.6666666666666666,9.0,2.0,3.0,2.6,0.0,6.666666666666666,2.5,20.766666666666666,21.86,Moderate,Provide refresher awareness training and continue behavioral monitoring,Phishing Failures
EMP0273,Marketing,Marketing Manager,Medium,0,81,10,8,2,0,2,3,3,3,0,0.4407,257.6667,0.0,0.8,0.2,0.0,0.2,0.3,0.3,0.3,0.7,1.0,2,0.19,0.15,0.3333333333333333,9.0,4.0,3.0,1.9,0.0,3.333333333333333,1.5,19.73333333333333,20.77,Moderate,Provide refresher awareness training and continue behavioral monitoring,Phishing Failures
EMP0274,Operations,Operations Analyst,Low,1,62,10,10,0,0,0,5,0,0,0,0.2713,208.0,0.0,1.0,0.0,0.0,0.0,0.5,0.0,0.0,1.0,3.0,1,0.38,0.5,0.0,0.0,0.0,0.0,3.8,0.0,0.0,2.5,1.2999999999999998,1.37,Low,Maintain standard awareness training and periodic phishing simulation,Training Weakness
EMP0275,Sales,Sales Manager,Low,1,69,10,8,3,1,1,9,4,4,0,0.3448,242.1111,0.0,0.8,0.3,0.1,0.1,0.9,0.4,0.4,0.6,2.25,1,0.31,0.9,0.0,12.0,2.0,4.5,3.1,0.0,0.0,4.5,17.1,18.0,Low,Maintain standard awareness training and periodic phishing simulation,Phishing Failures
EMP0276,Operations,Operations Manager,Low,1,61,10,7,3,1,3,3,4,4,0,0.467,171.6667,0.0,0.7,0.3,0.1,0.3,0.3,0.4,0.4,0.6,0.75,1,0.39,0.3,0.0,12.0,6.0,4.5,3.9000000000000004,0.0,0.0,1.5,24.9,26.21,Moderate,Provide refresher awareness training and continue behavioral monitoring,Phishing Failures
EMP0277,Information Technology,System Administrator,Privileged,1,53,10,8,4,0,3,5,5,5,1,0.3897,405.6,1.0,0.8,0.4,0.0,0.3,0.5,0.5,0.5,0.5,1.0,4,0.47,0.5,1.0,15.0,6.0,6.0,4.699999999999999,10.0,10.0,2.5,49.2,51.79,Critical,"Immediate security review, targeted awareness training, and follow-up phishing simulation",Phishing Failures
EMP0278,Executive,Vice President,High,1,98,10,7,2,0,0,3,3,3,0,0.1656,108.0,0.0,0.7,0.2,0.0,0.0,0.3,0.3,0.3,0.7,1.0,3,0.02,0.3,0.6666666666666666,9.0,0.0,3.0,0.2,0.0,6.666666666666666,1.5,17.366666666666667,18.28,Low,Maintain standard awareness training and periodic phishing simulation,Phishing Failures
EMP0279,Marketing,Marketing Manager,Medium,0,77,10,9,4,1,2,3,7,7,0,0.3993,250.6667,0.0,0.9,0.4,0.1,0.2,0.3,0.7,0.7,0.3,0.4286,2,0.23,0.15,0.3333333333333333,21.0,4.0,6.0,2.3000000000000003,0.0,3.333333333333333,1.5,35.13333333333333,36.98,High,Assign targeted phishing awareness training and reassess within 30 days,Phishing Failures
EMP0280,Human Resources,Recruiter,High,1,91,10,9,0,0,0,6,0,0,2,0.1679,180.6667,0.0,0.9,0.0,0.0,0.0,0.6,0.0,0.0,1.0,3.0,3,0.09,0.6,0.6666666666666666,0.0,0.0,0.0,0.8999999999999999,0.0,6.666666666666666,3.0,4.566666666666666,4.81,Low,Maintain standard awareness training and periodic phishing simulation,Privilege Exposure
EMP0281,Marketing,Digital Marketing Analyst,Medium,0,81,10,7,1,1,1,4,4,4,0,0.3198,188.5,0.0,0.7,0.1,0.1,0.1,0.4,0.4,0.4,0.6,1.0,2,0.19,0.2,0.3333333333333333,12.0,2.0,1.5,1.9,0.0,3.333333333333333,2.0,18.73333333333333,19.72,Low,Maintain standard awareness training and periodic phishing simulation,Phishing Failures
EMP0282,Human Resources,HR Specialist,High,1,57,10,9,4,0,1,4,4,4,2,0.4314,161.75,0.0,0.9,0.4,0.0,0.1,0.4,0.4,0.4,0.6,1.0,3,0.43,0.4,0.6666666666666666,12.0,2.0,6.0,4.3,0.0,6.666666666666666,2.0,28.96666666666667,30.49,Moderate,Provide refresher awareness training and continue behavioral monitoring,Phishing Failures
EMP0283,Marketing,Marketing Manager,Medium,1,78,10,7,2,1,1,4,3,3,0,0.2302,313.25,0.0,0.7,0.2,0.1,0.1,0.4,0.3,0.3,0.7,1.3333,2,0.22,0.4,0.3333333333333333,9.0,2.0,3.0,2.2,0.0,3.333333333333333,2.0,17.53333333333333,18.46,Low,Maintain standard awareness training and periodic phishing simulation,Phishing Failures
EMP0284,Operations,Operations Manager,Medium,1,82,10,8,1,0,0,6,1,1,0,0.3071,300.5,0.0,0.8,0.1,0.0,0.0,0.6,0.1,0.1,0.9,3.0,2,0.18,0.6,0.3333333333333333,3.0,0.0,1.5,1.7999999999999998,0.0,3.333333333333333,3.0,6.633333333333333,6.98,Low,Maintain standard awareness training and periodic phishing simulation,Privilege Exposure
EMP0285,Finance,Accountant,Medium,1,80,10,9,1,1,1,6,4,4,1,0.2538,193.0,1.0,0.9,0.1,0.1,0.1,0.6,0.4,0.4,0.6,1.5,2,0.2,0.6,0.3333333333333333,12.0,2.0,1.5,2.0,10.0,3.333333333333333,3.0,27.833333333333332,29.3,Moderate,Provide refresher awareness training and continue behavioral monitoring,Phishing Failures
EMP0286,Legal,Compliance Analyst,High,1,66,10,6,1,0,0,4,2,2,0,0.3391,201.5,0.0,0.6,0.1,0.0,0.0,0.4,0.2,0.2,0.8,2.0,3,0.34,0.4,0.6666666666666666,6.0,0.0,1.5,3.4000000000000004,0.0,6.666666666666666,2.0,15.566666666666666,16.39,Low,Maintain standard awareness training and periodic phishing simulation,Privilege Exposure
EMP0287,Human Resources,Recruiter,Medium,1,81,10,9,1,0,0,5,1,1,2,0.2793,316.8,0.5,0.9,0.1,0.0,0.0,0.5,0.1,0.1,0.9,3.0,2,0.19,0.5,0.3333333333333333,3.0,0.0,1.5,1.9,5.0,3.333333333333333,2.5,12.233333333333334,12.88,Low,Maintain standard awareness training and periodic phishing simulation,Targeted Attack Failures
EMP0288,Executive,Vice President,High,1,89,10,8,1,0,0,7,1,1,0,0.2259,328.4286,0.0,0.8,0.1,0.0,0.0,0.7,0.1,0.1,0.9,3.0,3,0.11,0.7,0.6666666666666666,3.0,0.0,1.5,1.1,0.0,6.666666666666666,3.5,8.766666666666666,9.23,Low,Maintain standard awareness training and periodic phishing simulation,Privilege Exposure
EMP0289,Sales,Sales Manager,Medium,1,55,10,9,1,0,1,6,2,2,0,0.3743,238.3333,0.0,0.9,0.1,0.0,0.1,0.6,0.2,0.2,0.8,3.0,2,0.45,0.6,0.3333333333333333,6.0,2.0,1.5,4.5,0.0,3.333333333333333,3.0,14.333333333333332,15.09,Low,Maintain standard awareness training and periodic phishing simulation,Phishing Failures
EMP0290,Executive,Chief Officer,Privileged,0,62,10,9,1,0,0,2,1,1,0,0.3361,376.0,0.0,0.9,0.1,0.0,0.0,0.2,0.1,0.1,0.9,2.0,4,0.38,0.1,1.0,3.0,0.0,1.5,3.8,0.0,10.0,1.0,17.3,18.21,Low,Maintain standard awareness training and periodic phishing simulation,Privilege Exposure
EMP0291,Finance,Financial Analyst,High,1,80,10,9,0,1,0,6,2,2,1,0.2976,328.0,0.0,0.9,0.0,0.1,0.0,0.6,0.2,0.2,0.8,3.0,3,0.2,0.6,0.6666666666666666,6.0,0.0,0.0,2.0,0.0,6.666666666666666,3.0,11.666666666666666,12.28,Low,Maintain standard awareness training and periodic phishing simulation,Privilege Exposure
EMP0292,Information Technology,System Administrator,High,1,68,10,8,1,0,1,3,4,4,1,0.2889,349.3333,1.0,0.8,0.1,0.0,0.1,0.3,0.4,0.4,0.6,0.75,3,0.32,0.3,0.6666666666666666,12.0,2.0,1.5,3.2,10.0,6.666666666666666,1.5,33.86666666666667,35.65,High,Assign targeted phishing awareness training and reassess within 30 days,Phishing Failures
EMP0293,Executive,Director,High,1,66,10,9,1,1,0,6,3,3,0,0.238,234.0,0.0,0.9,0.1,0.1,0.0,0.6,0.3,0.3,0.7,2.0,3,0.34,0.6,0.6666666666666666,9.0,0.0,1.5,3.4000000000000004,0.0,6.666666666666666,3.0,17.566666666666666,18.49,Low,Maintain standard awareness training and periodic phishing simulation,Phishing Failures
EMP0294,Sales,Sales Manager,Low,1,90,10,8,1,1,0,7,2,2,0,0.2536,250.5714,0.0,0.8,0.1,0.1,0.0,0.7,0.2,0.2,0.8,3.0,1,0.1,0.7,0.0,6.0,0.0,1.5,1.0,0.0,0.0,3.5,5.0,5.26,Low,Maintain standard awareness training and periodic phishing simulation,Phishing Failures
EMP0295,Operations,Operations Manager,Low,1,67,10,7,0,1,0,5,1,1,0,0.3413,436.0,0.0,0.7,0.0,0.1,0.0,0.5,0.1,0.1,0.9,3.0,1,0.33,0.5,0.0,3.0,0.0,0.0,3.3000000000000003,0.0,0.0,2.5,3.8000000000000007,4.0,Low,Maintain standard awareness training and periodic phishing simulation,Training Weakness
EMP0296,Marketing,Marketing Specialist,Low,1,86,10,7,0,0,0,4,0,0,0,0.2267,477.5,0.0,0.7,0.0,0.0,0.0,0.4,0.0,0.0,1.0,3.0,1,0.14,0.4,0.0,0.0,0.0,0.0,1.4000000000000001,0.0,0.0,2.0,-0.5999999999999999,0.0,Low,Maintain standard awareness training and periodic phishing simulation,Training Weakness
EMP0297,Human Resources,Recruiter,Medium,0,100,10,9,1,1,0,4,3,3,2,0.2129,429.5,0.5,0.9,0.1,0.1,0.0,0.4,0.3,0.3,0.7,1.3333,2,0.0,0.2,0.3333333333333333,9.0,0.0,1.5,0.0,5.0,3.333333333333333,2.0,16.833333333333332,17.72,Low,Maintain standard awareness training and periodic phishing simulation,Phishing Failures
EMP0298,Information Technology,System Administrator,Privileged,1,76,10,7,0,0,0,3,2,2,1,0.2757,215.6667,1.0,0.7,0.0,0.0,0.0,0.3,0.2,0.2,0.8,1.5,4,0.24,0.3,1.0,6.0,0.0,0.0,2.4,10.0,10.0,1.5,26.9,28.32,Moderate,Provide refresher awareness training and continue behavioral monitoring,Targeted Attack Failures
EMP0299,Operations,Operations Manager,Medium,0,77,10,8,1,0,1,2,3,3,0,0.3418,263.0,0.0,0.8,0.1,0.0,0.1,0.2,0.3,0.3,0.7,0.6667,2,0.23,0.1,0.3333333333333333,9.0,2.0,1.5,2.3000000000000003,0.0,3.333333333333333,1.0,17.133333333333333,18.04,Low,Maintain standard awareness training and periodic phishing simulation,Phishing Failures
EMP0300,Marketing,Digital Marketing Analyst,Medium,1,99,10,9,1,0,0,4,1,1,0,0.1908,163.5,0.0,0.9,0.1,0.0,0.0,0.4,0.1,0.1,0.9,3.0,2,0.01,0.4,0.3333333333333333,3.0,0.0,1.5,0.1,0.0,3.333333333333333,2.0,5.933333333333333,6.25,Low,Maintain standard awareness training and periodic phishing simulation,Privilege Exposure
EMP0301,Sales,Account Executive,Low,1,85,10,9,0,1,0,5,1,1,0,0.2328,211.2,0.0,0.9,0.0,0.1,0.0,0.5,0.1,0.1,0.9,3.0,1,0.15,0.5,0.0,3.0,0.0,0.0,1.5,0.0,0.0,2.5,2.0,2.11,Low,Maintain standard awareness training and periodic phishing simulation,Phishing Failures
EMP0302,Marketing,Marketing Specialist,Low,1,89,10,7,2,0,1,3,4,4,0,0.2176,163.3333,0.0,0.7,0.2,0.0,0.1,0.3,0.4,0.4,0.6,0.75,1,0.11,0.3,0.0,12.0,2.0,3.0,1.1,0.0,0.0,1.5,16.6,17.47,Low,Maintain standard awareness training and periodic phishing simulation,Phishing Failures
EMP0303,Human Resources,Recruiter,High,0,77,10,7,2,0,0,2,2,2,2,0.339,327.5,0.5,0.7,0.2,0.0,0.0,0.2,0.2,0.2,0.8,1.0,3,0.23,0.1,0.6666666666666666,6.0,0.0,3.0,2.3000000000000003,5.0,6.666666666666666,1.0,21.96666666666667,23.12,Moderate,Provide refresher awareness training and continue behavioral monitoring,Privilege Exposure
EMP0304,Legal,Legal Manager,High,1,85,10,9,1,1,1,7,3,3,0,0.2994,277.4286,0.0,0.9,0.1,0.1,0.1,0.7,0.3,0.3,0.7,2.3333,3,0.15,0.7,0.6666666666666666,9.0,2.0,1.5,1.5,0.0,6.666666666666666,3.5,17.166666666666664,18.07,Low,Maintain standard awareness training and periodic phishing simulation,Phishing Failures
EMP0305,Finance,Accountant,High,1,84,10,9,1,1,1,4,3,3,1,0.2319,319.0,0.0,0.9,0.1,0.1,0.1,0.4,0.3,0.3,0.7,1.3333,3,0.16,0.4,0.6666666666666666,9.0,2.0,1.5,1.6,0.0,6.666666666666666,2.0,18.766666666666666,19.75,Low,Maintain standard awareness training and periodic phishing simulation,Phishing Failures
EMP0306,Executive,Director,Privileged,1,90,10,5,1,1,1,5,4,4,0,0.2546,139.0,0.0,0.5,0.1,0.1,0.1,0.5,0.4,0.4,0.6,1.25,4,0.1,0.5,1.0,12.0,2.0,1.5,1.0,0.0,10.0,2.5,24.0,25.26,Moderate,Provide refresher awareness training and continue behavioral monitoring,Phishing Failures
EMP0307,Executive,Vice President,Privileged,1,83,10,8,2,0,0,8,4,4,0,0.2635,277.875,0.0,0.8,0.2,0.0,0.0,0.8,0.4,0.4,0.6,2.0,4,0.17,0.8,1.0,12.0,0.0,3.0,1.7000000000000002,0.0,10.0,4.0,22.7,23.89,Moderate,Provide refresher awareness training and continue behavioral monitoring,Phishing Failures
EMP0308,Marketing,Digital Marketing Analyst,Medium,1,80,10,7,2,1,1,5,3,3,0,0.1864,219.8,0.0,0.7,0.2,0.1,0.1,0.5,0.3,0.3,0.7,1.6667,2,0.2,0.5,0.3333333333333333,9.0,2.0,3.0,2.0,0.0,3.333333333333333,2.5,16.833333333333332,17.72,Low,Maintain standard awareness training and periodic phishing simulation,Phishing Failures
EMP0309,Sales,Sales Manager,Low,0,65,10,8,2,0,2,4,3,3,0,0.3154,221.0,0.0,0.8,0.2,0.0,0.2,0.4,0.3,0.3,0.7,1.3333,1,0.35,0.2,0.0,9.0,4.0,3.0,3.5,0.0,0.0,2.0,17.5,18.42,Low,Maintain standard awareness training and periodic phishing simulation,Phishing Failures
EMP0310,Marketing,Marketing Specialist,Medium,1,90,10,8,0,0,0,8,1,1,0,0.2793,280.625,0.0,0.8,0.0,0.0,0.0,0.8,0.1,0.1,0.9,3.0,2,0.1,0.8,0.3333333333333333,3.0,0.0,0.0,1.0,0.0,3.333333333333333,4.0,3.333333333333333,3.51,Low,Maintain standard awareness training and periodic phishing simulation,Privilege Exposure
EMP0311,Finance,Accountant,High,1,78,10,9,1,1,1,6,3,3,1,0.313,279.8333,1.0,0.9,0.1,0.1,0.1,0.6,0.3,0.3,0.7,2.0,3,0.22,0.6,0.6666666666666666,9.0,2.0,1.5,2.2,10.0,6.666666666666666,3.0,28.366666666666667,29.86,Moderate,Provide refresher awareness training and continue behavioral monitoring,Targeted Attack Failures
EMP0312,Marketing,Digital Marketing Analyst,Low,1,78,10,6,1,1,1,5,2,2,0,0.1677,198.2,0.0,0.6,0.1,0.1,0.1,0.5,0.2,0.2,0.8,2.5,1,0.22,0.5,0.0,6.0,2.0,1.5,2.2,0.0,0.0,2.5,9.2,9.68,Low,Maintain standard awareness training and periodic phishing simulation,Phishing Failures
EMP0313,Executive,Director,High,1,72,10,7,0,0,0,6,0,0,0,0.164,181.1667,0.0,0.7,0.0,0.0,0.0,0.6,0.0,0.0,1.0,3.0,3,0.28,0.6,0.6666666666666666,0.0,0.0,0.0,2.8000000000000003,0.0,6.666666666666666,3.0,6.466666666666667,6.81,Low,Maintain standard awareness training and periodic phishing simulation,Privilege Exposure
EMP0314,Legal,Legal Assistant,High,1,74,10,5,0,0,0,3,5,5,0,0.3593,138.3333,0.0,0.5,0.0,0.0,0.0,0.3,0.5,0.5,0.5,0.6,3,0.26,0.3,0.6666666666666666,15.0,0.0,0.0,2.6,0.0,6.666666666666666,1.5,22.766666666666666,23.96,Moderate,Provide refresher awareness training and continue behavioral monitoring,Phishing Failures
EMP0315,Human Resources,HR Manager,High,1,75,10,9,3,0,2,5,3,3,2,0.3313,231.0,0.5,0.9,0.3,0.0,0.2,0.5,0.3,0.3,0.7,1.6667,3,0.25,0.5,0.6666666666666666,9.0,4.0,4.5,2.5,5.0,6.666666666666666,2.5,29.166666666666664,30.7,Moderate,Provide refresher awareness training and continue behavioral monitoring,Phishing Failures
EMP0316,Finance,Finance Manager,Medium,1,72,10,6,2,0,0,5,2,2,1,0.2589,225.8,0.0,0.6,0.2,0.0,0.0,0.5,0.2,0.2,0.8,2.5,2,0.28,0.5,0.3333333333333333,6.0,0.0,3.0,2.8000000000000003,0.0,3.333333333333333,2.5,12.633333333333333,13.3,Low,Maintain standard awareness training and periodic phishing simulation,Phishing Failures
EMP0317,Marketing,Marketing Manager,Low,1,81,10,8,0,0,0,7,1,1,0,0.2963,345.8571,0.0,0.8,0.0,0.0,0.0,0.7,0.1,0.1,0.9,3.0,1,0.19,0.7,0.0,3.0,0.0,0.0,1.9,0.0,0.0,3.5,1.4000000000000004,1.47,Low,Maintain standard awareness training and periodic phishing simulation,Phishing Failures
EMP0318,Human Resources,Recruiter,High,0,88,10,8,0,2,0,5,3,3,2,0.3107,319.4,0.5,0.8,0.0,0.2,0.0,0.5,0.3,0.3,0.7,1.6667,3,0.12,0.25,0.6666666666666666,9.0,0.0,0.0,1.2,5.0,6.666666666666666,2.5,19.366666666666667,20.39,Moderate,Provide refresher awareness training and continue behavioral monitoring,Phishing Failures
EMP0319,Legal,Legal Manager,High,0,78,10,8,2,2,1,4,6,6,0,0.3758,109.75,0.0,0.8,0.2,0.2,0.1,0.4,0.6,0.6,0.4,0.6667,3,0.22,0.2,0.6666666666666666,18.0,2.0,3.0,2.2,0.0,6.666666666666666,2.0,29.866666666666667,31.44,Moderate,Provide refresher awareness training and continue behavioral monitoring,Phishing Failures
EMP0320,Human Resources,Recruiter,High,1,90,10,9,0,0,0,7,0,0,2,0.1801,364.4286,0.0,0.9,0.0,0.0,0.0,0.7,0.0,0.0,1.0,3.0,3,0.1,0.7,0.6666666666666666,0.0,0.0,0.0,1.0,0.0,6.666666666666666,3.5,4.166666666666666,4.39,Low,Maintain standard awareness training and periodic phishing simulation,Privilege Exposure
EMP0321,Legal,Legal Manager,High,1,71,10,9,2,2,0,3,4,4,0,0.2913,281.3333,0.0,0.9,0.2,0.2,0.0,0.3,0.4,0.4,0.6,0.75,3,0.29,0.3,0.6666666666666666,12.0,0.0,3.0,2.9,0.0,6.666666666666666,1.5,23.066666666666663,24.28,Moderate,Provide refresher awareness training and continue behavioral monitoring,Phishing Failures
EMP0322,Finance,Finance Manager,Medium,1,94,10,8,1,0,1,6,1,1,1,0.263,456.5,0.0,0.8,0.1,0.0,0.1,0.6,0.1,0.1,0.9,3.0,2,0.06,0.6,0.3333333333333333,3.0,2.0,1.5,0.6,0.0,3.333333333333333,3.0,7.433333333333334,7.82,Low,Maintain standard awareness training and periodic phishing simulation,Privilege Exposure
EMP0323,Sales,Sales Manager,Medium,1,72,10,9,3,1,1,5,4,4,0,0.3699,206.2,0.0,0.9,0.3,0.1,0.1,0.5,0.4,0.4,0.6,1.25,2,0.28,0.5,0.3333333333333333,12.0,2.0,4.5,2.8000000000000003,0.0,3.333333333333333,2.5,22.133333333333333,23.3,Moderate,Provide refresher awareness training and continue behavioral monitoring,Phishing Failures
EMP0324,Sales,Sales Manager,Low,1,95,10,8,0,2,0,2,3,3,0,0.248,209.0,0.0,0.8,0.0,0.2,0.0,0.2,0.3,0.3,0.7,0.6667,1,0.05,0.2,0.0,9.0,0.0,0.0,0.5,0.0,0.0,1.0,8.5,8.95,Low,Maintain standard awareness training and periodic phishing simulation,Phishing Failures
EMP0325,Marketing,Marketing Specialist,Low,0,61,10,10,2,0,0,1,2,2,0,0.3486,109.0,0.0,1.0,0.2,0.0,0.0,0.1,0.2,0.2,0.8,0.5,1,0.39,0.05,0.0,6.0,0.0,3.0,3.9000000000000004,0.0,0.0,0.5,12.4,13.05,Low,Maintain standard awareness training and periodic phishing simulation,Phishing Failures
EMP0326,Executive,Director,Privileged,1,66,10,7,1,0,0,7,2,2,0,0.228,221.2857,0.0,0.7,0.1,0.0,0.0,0.7,0.2,0.2,0.8,3.0,4,0.34,0.7,1.0,6.0,0.0,1.5,3.4000000000000004,0.0,10.0,3.5,17.4,18.32,Low,Maintain standard awareness training and periodic phishing simulation,Privilege Exposure
EMP0327,Finance,Financial Analyst,High,0,77,10,8,1,0,0,5,1,1,1,0.4094,253.4,0.0,0.8,0.1,0.0,0.0,0.5,0.1,0.1,0.9,3.0,3,0.23,0.25,0.6666666666666666,3.0,0.0,1.5,2.3000000000000003,0.0,6.666666666666666,2.5,10.966666666666667,11.54,Low,Maintain standard awareness training and periodic phishing simulation,Privilege Exposure
EMP0328,Finance,Accountant,High,1,80,10,8,2,1,1,4,3,3,1,0.2488,194.25,0.0,0.8,0.2,0.1,0.1,0.4,0.3,0.3,0.7,1.3333,3,0.2,0.4,0.6666666666666666,9.0,2.0,3.0,2.0,0.0,6.666666666666666,2.0,20.666666666666664,21.75,Moderate,Provide refresher awareness training and continue behavioral monitoring,Phishing Failures
EMP0329,Legal,Compliance Analyst,Medium,1,89,10,9,1,1,0,3,3,3,0,0.2451,272.6667,0.0,0.9,0.1,0.1,0.0,0.3,0.3,0.3,0.7,1.0,2,0.11,0.3,0.3333333333333333,9.0,0.0,1.5,1.1,0.0,3.333333333333333,1.5,13.433333333333334,14.14,Low,Maintain standard awareness training and periodic phishing simulation,Phishing Failures
EMP0330,Sales,Sales Manager,Medium,1,75,10,7,1,0,0,7,1,1,0,0.2722,310.2857,0.0,0.7,0.1,0.0,0.0,0.7,0.1,0.1,0.9,3.0,2,0.25,0.7,0.3333333333333333,3.0,0.0,1.5,2.5,0.0,3.333333333333333,3.5,6.833333333333332,7.19,Low,Maintain standard awareness training and periodic phishing simulation,Privilege Exposure
EMP0331,Information Technology,IT Support Analyst,Medium,1,79,10,7,3,1,0,5,4,4,1,0.3648,167.4,1.0,0.7,0.3,0.1,0.0,0.5,0.4,0.4,0.6,1.25,2,0.21,0.5,0.3333333333333333,12.0,0.0,4.5,2.1,10.0,3.333333333333333,2.5,29.433333333333334,30.98,Moderate,Provide refresher awareness training and continue behavioral monitoring,Phishing Failures
EMP0332,Human Resources,HR Manager,High,1,83,10,8,1,2,0,3,3,3,2,0.2995,215.0,0.5,0.8,0.1,0.2,0.0,0.3,0.3,0.3,0.7,1.0,3,0.17,0.3,0.6666666666666666,9.0,0.0,1.5,1.7000000000000002,5.0,6.666666666666666,1.5,22.366666666666667,23.54,Moderate,Provide refresher awareness training and continue behavioral monitoring,Phishing Failures
EMP0333,Sales,Account Executive,Low,1,70,10,6,2,0,1,2,2,2,0,0.2847,92.5,0.0,0.6,0.2,0.0,0.1,0.2,0.2,0.2,0.8,1.0,1,0.3,0.2,0.0,6.0,2.0,3.0,3.0,0.0,0.0,1.0,13.0,13.68,Low,Maintain standard awareness training and periodic phishing simulation,Phishing Failures
EMP0334,Sales,Account Executive,Medium,1,71,10,8,1,0,1,5,1,1,0,0.2876,229.6,0.0,0.8,0.1,0.0,0.1,0.5,0.1,0.1,0.9,3.0,2,0.29,0.5,0.3333333333333333,3.0,2.0,1.5,2.9,0.0,3.333333333333333,2.5,10.233333333333334,10.77,Low,Maintain standard awareness training and periodic phishing simulation,Privilege Exposure
EMP0335,Executive,Vice President,High,1,95,10,10,1,1,0,8,2,2,0,0.2347,247.0,0.0,1.0,0.1,0.1,0.0,0.8,0.2,0.2,0.8,3.0,3,0.05,0.8,0.6666666666666666,6.0,0.0,1.5,0.5,0.0,6.666666666666666,4.0,10.666666666666666,11.23,Low,Maintain standard awareness training and periodic phishing simulation,Privilege Exposure
EMP0336,Executive,Vice President,High,1,71,10,9,1,2,1,4,4,4,0,0.3736,384.75,0.0,0.9,0.1,0.2,0.1,0.4,0.4,0.4,0.6,1.0,3,0.29,0.4,0.6666666666666666,12.0,2.0,1.5,2.9,0.0,6.666666666666666,2.0,23.066666666666663,24.28,Moderate,Provide refresher awareness training and continue behavioral monitoring,Phishing Failures
EMP0337,Human Resources,Recruiter,High,1,80,10,9,4,0,2,6,6,6,2,0.302,238.8333,0.0,0.9,0.4,0.0,0.2,0.6,0.6,0.6,0.4,1.0,3,0.2,0.6,0.6666666666666666,18.0,4.0,6.0,2.0,0.0,6.666666666666666,3.0,33.666666666666664,35.44,High,Assign targeted phishing awareness training and reassess within 30 days,Phishing Failures
EMP0338,Operations,Operations Manager,Medium,1,59,10,7,3,0,2,0,6,6,0,0.3353,0.0,0.0,0.7,0.3,0.0,0.2,0.0,0.6,0.6,0.4,0.0,2,0.41,0.0,0.3333333333333333,18.0,4.0,4.5,4.1,0.0,3.333333333333333,0.0,33.93333333333334,35.72,High,Assign targeted phishing awareness training and reassess within 30 days,Phishing Failures
EMP0339,Operations,Operations Specialist,Medium,1,70,10,8,2,2,1,3,5,5,0,0.2873,143.0,0.0,0.8,0.2,0.2,0.1,0.3,0.5,0.5,0.5,0.6,2,0.3,0.3,0.3333333333333333,15.0,2.0,3.0,3.0,0.0,3.333333333333333,1.5,24.833333333333332,26.14,Moderate,Provide refresher awareness training and continue behavioral monitoring,Phishing Failures
EMP0340,Sales,Account Executive,Medium,1,73,10,7,1,0,0,1,2,2,0,0.3054,143.0,0.0,0.7,0.1,0.0,0.0,0.1,0.2,0.2,0.8,0.5,2,0.27,0.1,0.3333333333333333,6.0,0.0,1.5,2.7,0.0,3.333333333333333,0.5,13.033333333333331,13.72,Low,Maintain standard awareness training and periodic phishing simulation,Phishing Failures
EMP0341,Human Resources,HR Specialist,High,1,85,10,9,0,0,0,4,0,0,2,0.1943,336.25,0.0,0.9,0.0,0.0,0.0,0.4,0.0,0.0,1.0,3.0,3,0.15,0.4,0.6666666666666666,0.0,0.0,0.0,1.5,0.0,6.666666666666666,2.0,6.166666666666666,6.49,Low,Maintain standard awareness training and periodic phishing simulation,Privilege Exposure
EMP0342,Legal,Legal Manager,High,1,100,10,10,3,1,1,5,4,4,0,0.1875,153.0,0.0,1.0,0.3,0.1,0.1,0.5,0.4,0.4,0.6,1.25,3,0.0,0.5,0.6666666666666666,12.0,2.0,4.5,0.0,0.0,6.666666666666666,2.5,22.666666666666664,23.86,Moderate,Provide refresher awareness training and continue behavioral monitoring,Phishing Failures
EMP0343,Operations,Operations Analyst,Medium,1,77,10,8,3,2,2,3,5,5,0,0.2826,241.6667,0.0,0.8,0.3,0.2,0.2,0.3,0.5,0.5,0.5,0.6,2,0.23,0.3,0.3333333333333333,15.0,4.0,4.5,2.3000000000000003,0.0,3.333333333333333,1.5,27.633333333333333,29.09,Moderate,Provide refresher awareness training and continue behavioral monitoring,Phishing Failures
EMP0344,Operations,Operations Analyst,Low,1,99,10,6,1,0,0,7,3,3,0,0.2108,284.1429,0.0,0.6,0.1,0.0,0.0,0.7,0.3,0.3,0.7,2.3333,1,0.01,0.7,0.0,9.0,0.0,1.5,0.1,0.0,0.0,3.5,7.1,7.47,Low,Maintain standard awareness training and periodic phishing simulation,Phishing Failures
EMP0345,Executive,Vice President,High,0,77,10,9,4,0,2,5,4,4,0,0.371,184.4,0.0,0.9,0.4,0.0,0.2,0.5,0.4,0.4,0.6,1.25,3,0.23,0.25,0.6666666666666666,12.0,4.0,6.0,2.3000000000000003,0.0,6.666666666666666,2.5,28.46666666666667,29.96,Moderate,Provide refresher awareness training and continue behavioral monitoring,Phishing Failures
EMP0346,Legal,Legal Assistant,Medium,1,92,10,9,2,0,1,8,2,2,0,0.1926,245.125,0.0,0.9,0.2,0.0,0.1,0.8,0.2,0.2,0.8,3.0,2,0.08,0.8,0.3333333333333333,6.0,2.0,3.0,0.8,0.0,3.333333333333333,4.0,11.133333333333333,11.72,Low,Maintain standard awareness training and periodic phishing simulation,Phishing Failures
EMP0347,Operations,Operations Manager,Low,1,86,10,8,1,0,1,5,2,2,0,0.1963,304.2,0.0,0.8,0.1,0.0,0.1,0.5,0.2,0.2,0.8,2.5,1,0.14,0.5,0.0,6.0,2.0,1.5,1.4000000000000001,0.0,0.0,2.5,8.4,8.84,Low,Maintain standard awareness training and periodic phishing simulation,Phishing Failures
EMP0348,Human Resources,HR Manager,Medium,1,100,10,8,1,0,1,7,1,1,2,0.264,194.5714,0.0,0.8,0.1,0.0,0.1,0.7,0.1,0.1,0.9,3.0,2,0.0,0.7,0.3333333333333333,3.0,2.0,1.5,0.0,0.0,3.333333333333333,3.5,6.333333333333332,6.67,Low,Maintain standard awareness training and periodic phishing simulation,Privilege Exposure
EMP0349,Operations,Operations Specialist,Low,1,87,10,10,2,1,1,5,3,3,0,0.3116,182.4,0.0,1.0,0.2,0.1,0.1,0.5,0.3,0.3,0.7,1.6667,1,0.13,0.5,0.0,9.0,2.0,3.0,1.3,0.0,0.0,2.5,12.8,13.47,Low,Maintain standard awareness training and periodic phishing simulation,Phishing Failures
EMP0350,Legal,Legal Manager,Medium,1,84,10,10,1,1,0,4,2,2,0,0.3051,404.5,0.0,1.0,0.1,0.1,0.0,0.4,0.2,0.2,0.8,2.0,2,0.16,0.4,0.3333333333333333,6.0,0.0,1.5,1.6,0.0,3.333333333333333,2.0,10.433333333333334,10.98,Low,Maintain standard awareness training and periodic phishing simulation,Phishing Failures
EMP0351,Human Resources,Recruiter,High,1,75,10,9,2,0,1,4,2,2,2,0.331,352.75,0.5,0.9,0.2,0.0,0.1,0.4,0.2,0.2,0.8,2.0,3,0.25,0.4,0.6666666666666666,6.0,2.0,3.0,2.5,5.0,6.666666666666666,2.0,23.166666666666664,24.39,Moderate,Provide refresher awareness training and continue behavioral monitoring,Privilege Exposure
EMP0352,Marketing,Marketing Specialist,Low,1,79,10,10,1,1,1,3,2,2,0,0.222,113.0,0.0,1.0,0.1,0.1,0.1,0.3,0.2,0.2,0.8,1.5,1,0.21,0.3,0.0,6.0,2.0,1.5,2.1,0.0,0.0,1.5,10.1,10.63,Low,Maintain standard awareness training and periodic phishing simulation,Phishing Failures
EMP0353,Information Technology,Security Analyst,High,1,78,10,10,2,0,1,3,2,2,1,0.3241,390.6667,1.0,1.0,0.2,0.0,0.1,0.3,0.2,0.2,0.8,1.5,3,0.22,0.3,0.6666666666666666,6.0,2.0,3.0,2.2,10.0,6.666666666666666,1.5,28.366666666666667,29.86,Moderate,Provide refresher awareness training and continue behavioral monitoring,Targeted Attack Failures
EMP0354,Operations,Operations Analyst,Medium,1,93,10,9,3,1,3,5,4,4,0,0.2677,160.4,0.0,0.9,0.3,0.1,0.3,0.5,0.4,0.4,0.6,1.25,2,0.07,0.5,0.3333333333333333,12.0,6.0,4.5,0.7000000000000001,0.0,3.333333333333333,2.5,24.03333333333333,25.3,Moderate,Provide refresher awareness training and continue behavioral monitoring,Phishing Failures
EMP0355,Executive,Vice President,Privileged,1,61,10,7,0,1,0,5,2,2,0,0.3123,243.4,0.0,0.7,0.0,0.1,0.0,0.5,0.2,0.2,0.8,2.5,4,0.39,0.5,1.0,6.0,0.0,0.0,3.9000000000000004,0.0,10.0,2.5,17.4,18.32,Low,Maintain standard awareness training and periodic phishing simulation,Privilege Exposure
EMP0356,Human Resources,Recruiter,Medium,1,86,10,10,2,1,1,4,3,3,2,0.2131,299.25,0.5,1.0,0.2,0.1,0.1,0.4,0.3,0.3,0.7,1.3333,2,0.14,0.4,0.3333333333333333,9.0,2.0,3.0,1.4000000000000001,5.0,3.333333333333333,2.0,21.73333333333333,22.88,Moderate,Provide refresher awareness training and continue behavioral monitoring,Phishing Failures
EMP0357,Information Technology,IT Support Analyst,Privileged,0,80,10,9,1,1,0,3,2,2,1,0.2971,386.3333,0.0,0.9,0.1,0.1,0.0,0.3,0.2,0.2,0.8,1.5,4,0.2,0.15,1.0,6.0,0.0,1.5,2.0,0.0,10.0,1.5,18.0,18.95,Low,Maintain standard awareness training and periodic phishing simulation,Privilege Exposure
EMP0358,Marketing,Marketing Manager,Medium,1,96,10,8,2,0,2,7,3,3,0,0.2614,173.2857,0.0,0.8,0.2,0.0,0.2,0.7,0.3,0.3,0.7,2.3333,2,0.04,0.7,0.3333333333333333,9.0,4.0,3.0,0.4,0.0,3.333333333333333,3.5,16.23333333333333,17.09,Low,Maintain standard awareness training and periodic phishing simulation,Phishing Failures
EMP0359,Human Resources,Recruiter,Medium,1,72,10,8,1,1,0,5,3,3,2,0.3542,537.4,0.0,0.8,0.1,0.1,0.0,0.5,0.3,0.3,0.7,1.6667,2,0.28,0.5,0.3333333333333333,9.0,0.0,1.5,2.8000000000000003,0.0,3.333333333333333,2.5,14.133333333333333,14.88,Low,Maintain standard awareness training and periodic phishing simulation,Phishing Failures
EMP0360,Operations,Operations Manager,Low,1,80,10,6,2,0,1,5,4,4,0,0.2612,337.4,0.0,0.6,0.2,0.0,0.1,0.5,0.4,0.4,0.6,1.25,1,0.2,0.5,0.0,12.0,2.0,3.0,2.0,0.0,0.0,2.5,16.5,17.37,Low,Maintain standard awareness training and periodic phishing simulation,Phishing Failures
EMP0361,Executive,Vice President,Privileged,1,92,10,8,2,0,1,5,4,4,0,0.308,256.2,0.0,0.8,0.2,0.0,0.1,0.5,0.4,0.4,0.6,1.25,4,0.08,0.5,1.0,12.0,2.0,3.0,0.8,0.0,10.0,2.5,25.3,26.63,Moderate,Provide refresher awareness training and continue behavioral monitoring,Phishing Failures
EMP0362,Marketing,Marketing Manager,Medium,1,59,10,9,3,1,0,1,4,4,0,0.3983,786.0,0.0,0.9,0.3,0.1,0.0,0.1,0.4,0.4,0.6,0.25,2,0.41,0.1,0.3333333333333333,12.0,0.0,4.5,4.1,0.0,3.333333333333333,0.5,23.433333333333334,24.67,Moderate,Provide refresher awareness training and continue behavioral monitoring,Phishing Failures
EMP0363,Human Resources,HR Manager,Medium,1,71,10,8,2,0,1,3,2,2,2,0.3469,322.3333,0.5,0.8,0.2,0.0,0.1,0.3,0.2,0.2,0.8,1.5,2,0.29,0.3,0.3333333333333333,6.0,2.0,3.0,2.9,5.0,3.333333333333333,1.5,20.73333333333333,21.82,Moderate,Provide refresher awareness training and continue behavioral monitoring,Phishing Failures
EMP0364,Executive,Director,Privileged,0,82,10,6,2,0,1,2,3,3,0,0.3796,157.0,0.0,0.6,0.2,0.0,0.1,0.2,0.3,0.3,0.7,0.6667,4,0.18,0.1,1.0,9.0,2.0,3.0,1.7999999999999998,0.0,10.0,1.0,24.8,26.11,Moderate,Provide refresher awareness training and continue behavioral monitoring,Privilege Exposure
EMP0365,Sales,Sales Manager,Low,1,96,10,10,1,0,1,6,1,1,0,0.2041,314.0,0.0,1.0,0.1,0.0,0.1,0.6,0.1,0.1,0.9,3.0,1,0.04,0.6,0.0,3.0,2.0,1.5,0.4,0.0,0.0,3.0,3.9000000000000004,4.11,Low,Maintain standard awareness training and periodic phishing simulation,Phishing Failures
EMP0366,Executive,Chief Officer,Privileged,1,77,10,8,1,1,0,5,2,2,0,0.3078,161.6,0.0,0.8,0.1,0.1,0.0,0.5,0.2,0.2,0.8,2.5,4,0.23,0.5,1.0,6.0,0.0,1.5,2.3000000000000003,0.0,10.0,2.5,17.3,18.21,Low,Maintain standard awareness training and periodic phishing simulation,Privilege Exposure
EMP0367,Marketing,Marketing Specialist,Low,1,60,10,8,1,0,1,3,2,2,0,0.2841,563.6667,0.0,0.8,0.1,0.0,0.1,0.3,0.2,0.2,0.8,1.5,1,0.4,0.3,0.0,6.0,2.0,1.5,4.0,0.0,0.0,1.5,12.0,12.63,Low,Maintain standard awareness training and periodic phishing simulation,Phishing Failures
EMP0368,Finance,Financial Analyst,High,1,51,10,6,1,0,0,5,2,2,1,0.273,314.6,0.0,0.6,0.1,0.0,0.0,0.5,0.2,0.2,0.8,2.5,3,0.49,0.5,0.6666666666666666,6.0,0.0,1.5,4.9,0.0,6.666666666666666,2.5,16.566666666666666,17.44,Low,Maintain standard awareness training and periodic phishing simulation,Privilege Exposure
EMP0369,Executive,Director,High,1,80,10,7,1,0,0,5,2,2,0,0.2099,290.6,0.0,0.7,0.1,0.0,0.0,0.5,0.2,0.2,0.8,2.5,3,0.2,0.5,0.6666666666666666,6.0,0.0,1.5,2.0,0.0,6.666666666666666,2.5,13.666666666666664,14.39,Low,Maintain standard awareness training and periodic phishing simulation,Privilege Exposure
EMP0370,Sales,Sales Manager,Low,1,71,10,10,3,0,1,5,4,4,0,0.2729,195.4,0.0,1.0,0.3,0.0,0.1,0.5,0.4,0.4,0.6,1.25,1,0.29,0.5,0.0,12.0,2.0,4.5,2.9,0.0,0.0,2.5,18.9,19.89,Low,Maintain standard awareness training and periodic phishing simulation,Phishing Failures
EMP0371,Marketing,Digital Marketing Analyst,Medium,1,85,10,7,1,0,0,6,1,1,0,0.1356,311.1667,0.0,0.7,0.1,0.0,0.0,0.6,0.1,0.1,0.9,3.0,2,0.15,0.6,0.3333333333333333,3.0,0.0,1.5,1.5,0.0,3.333333333333333,3.0,6.333333333333332,6.67,Low,Maintain standard awareness training and periodic phishing simulation,Privilege Exposure
EMP0372,Marketing,Marketing Manager,Low,1,76,10,9,3,1,2,5,5,5,0,0.2565,384.6,0.0,0.9,0.3,0.1,0.2,0.5,0.5,0.5,0.5,1.0,1,0.24,0.5,0.0,15.0,4.0,4.5,2.4,0.0,0.0,2.5,23.4,24.63,Moderate,Provide refresher awareness training and continue behavioral monitoring,Phishing Failures
EMP0373,Marketing,Marketing Manager,Low,1,77,10,6,3,0,1,4,3,3,0,0.3138,264.0,0.0,0.6,0.3,0.0,0.1,0.4,0.3,0.3,0.7,1.3333,1,0.23,0.4,0.0,9.0,2.0,4.5,2.3000000000000003,0.0,0.0,2.0,15.8,16.63,Low,Maintain standard awareness training and periodic phishing simulation,Phishing Failures
EMP0374,Executive,Chief Officer,Privileged,1,80,10,6,0,0,0,5,1,1,0,0.2009,289.0,0.0,0.6,0.0,0.0,0.0,0.5,0.1,0.1,0.9,3.0,4,0.2,0.5,1.0,3.0,0.0,0.0,2.0,0.0,10.0,2.5,12.5,13.16,Low,Maintain standard awareness training and periodic phishing simulation,Privilege Exposure
EMP0375,Operations,Operations Analyst,Medium,0,62,10,9,1,1,0,3,2,2,0,0.3273,223.0,0.0,0.9,0.1,0.1,0.0,0.3,0.2,0.2,0.8,1.5,2,0.38,0.15,0.3333333333333333,6.0,0.0,1.5,3.8,0.0,3.333333333333333,1.5,13.133333333333333,13.82,Low,Maintain standard awareness training and periodic phishing simulation,Phishing Failures
EMP0376,Sales,Account Executive,Medium,1,95,10,8,1,0,1,4,3,3,0,0.37,285.75,0.0,0.8,0.1,0.0,0.1,0.4,0.3,0.3,0.7,1.3333,2,0.05,0.4,0.3333333333333333,9.0,2.0,1.5,0.5,0.0,3.333333333333333,2.0,14.333333333333332,15.09,Low,Maintain standard awareness training and periodic phishing simulation,Phishing Failures
EMP0377,Sales,Account Executive,Low,1,82,10,9,1,1,0,7,2,2,0,0.2611,247.5714,0.0,0.9,0.1,0.1,0.0,0.7,0.2,0.2,0.8,3.0,1,0.18,0.7,0.0,6.0,0.0,1.5,1.7999999999999998,0.0,0.0,3.5,5.800000000000001,6.11,Low,Maintain standard awareness training and periodic phishing simulation,Phishing Failures
EMP0378,Legal,Legal Manager,High,1,83,10,9,3,1,1,5,5,5,0,0.2948,299.4,0.0,0.9,0.3,0.1,0.1,0.5,0.5,0.5,0.5,1.0,3,0.17,0.5,0.6666666666666666,15.0,2.0,4.5,1.7000000000000002,0.0,6.666666666666666,2.5,27.366666666666667,28.81,Moderate,Provide refresher awareness training and continue behavioral monitoring,Phishing Failures
EMP0379,Finance,Accountant,High,1,80,10,8,0,1,0,3,1,1,1,0.2348,246.0,0.0,0.8,0.0,0.1,0.0,0.3,0.1,0.1,0.9,3.0,3,0.2,0.3,0.6666666666666666,3.0,0.0,0.0,2.0,0.0,6.666666666666666,1.5,10.166666666666666,10.7,Low,Maintain standard awareness training and periodic phishing simulation,Privilege Exposure
EMP0380,Sales,Sales Representative,Medium,1,86,10,8,2,0,0,4,3,3,0,0.3006,287.75,0.0,0.8,0.2,0.0,0.0,0.4,0.3,0.3,0.7,1.3333,2,0.14,0.4,0.3333333333333333,9.0,0.0,3.0,1.4000000000000001,0.0,3.333333333333333,2.0,14.733333333333334,15.51,Low,Maintain standard awareness training and periodic phishing simulation,Phishing Failures
EMP0381,Human Resources,HR Manager,Medium,0,69,10,9,4,2,3,3,6,6,2,0.3974,292.6667,1.0,0.9,0.4,0.2,0.3,0.3,0.6,0.6,0.4,0.5,2,0.31,0.15,0.3333333333333333,18.0,6.0,6.0,3.1,10.0,3.333333333333333,1.5,44.93333333333334,47.3,High,Assign targeted phishing awareness training and reassess within 30 days,Phishing Failures
EMP0382,Finance,Financial Analyst,High,1,99,10,10,2,0,1,4,3,3,1,0.2122,287.25,1.0,1.0,0.2,0.0,0.1,0.4,0.3,0.3,0.7,1.3333,3,0.01,0.4,0.6666666666666666,9.0,2.0,3.0,0.1,10.0,6.666666666666666,2.0,28.766666666666666,30.28,Moderate,Provide refresher awareness training and continue behavioral monitoring,Targeted Attack Failures
EMP0383,Sales,Sales Representative,Low,1,88,10,9,1,0,0,6,1,1,0,0.173,256.5,0.0,0.9,0.1,0.0,0.0,0.6,0.1,0.1,0.9,3.0,1,0.12,0.6,0.0,3.0,0.0,1.5,1.2,0.0,0.0,3.0,2.7,2.84,Low,Maintain standard awareness training and periodic phishing simulation,Phishing Failures
EMP0384,Human Resources,HR Manager,Medium,1,70,10,9,1,1,0,4,2,2,2,0.3326,332.5,0.5,0.9,0.1,0.1,0.0,0.4,0.2,0.2,0.8,2.0,2,0.3,0.4,0.3333333333333333,6.0,0.0,1.5,3.0,5.0,3.333333333333333,2.0,16.833333333333332,17.72,Low,Maintain standard awareness training and periodic phishing simulation,Phishing Failures
EMP0385,Sales,Sales Representative,Medium,0,72,10,9,0,0,0,3,2,2,0,0.3625,487.0,0.0,0.9,0.0,0.0,0.0,0.3,0.2,0.2,0.8,1.5,2,0.28,0.15,0.3333333333333333,6.0,0.0,0.0,2.8000000000000003,0.0,3.333333333333333,1.5,10.633333333333333,11.19,Low,Maintain standard awareness training and periodic phishing simulation,Phishing Failures
EMP0386,Information Technology,Security Analyst,Medium,1,48,10,9,2,2,1,4,5,5,1,0.3974,308.5,0.0,0.9,0.2,0.2,0.1,0.4,0.5,0.5,0.5,0.8,2,0.52,0.4,0.3333333333333333,15.0,2.0,3.0,5.2,0.0,3.333333333333333,2.0,26.53333333333333,27.93,Moderate,Provide refresher awareness training and continue behavioral monitoring,Phishing Failures
EMP0387,Operations,Operations Analyst,Low,1,66,10,8,2,1,1,4,4,4,0,0.3172,183.25,0.0,0.8,0.2,0.1,0.1,0.4,0.4,0.4,0.6,1.0,1,0.34,0.4,0.0,12.0,2.0,3.0,3.4000000000000004,0.0,0.0,2.0,18.4,19.37,Low,Maintain standard awareness training and periodic phishing simulation,Phishing Failures
EMP0388,Operations,Operations Analyst,Low,1,77,10,8,1,0,1,3,2,2,0,0.2389,232.6667,0.0,0.8,0.1,0.0,0.1,0.3,0.2,0.2,0.8,1.5,1,0.23,0.3,0.0,6.0,2.0,1.5,2.3000000000000003,0.0,0.0,1.5,10.3,10.84,Low,Maintain standard awareness training and periodic phishing simulation,Phishing Failures
EMP0389,Finance,Financial Analyst,Medium,1,96,10,8,0,2,0,6,3,3,1,0.2064,223.1667,1.0,0.8,0.0,0.2,0.0,0.6,0.3,0.3,0.7,2.0,2,0.04,0.6,0.3333333333333333,9.0,0.0,0.0,0.4,10.0,3.333333333333333,3.0,19.73333333333333,20.77,Moderate,Provide refresher awareness training and continue behavioral monitoring,Targeted Attack Failures
EMP0390,Legal,Legal Assistant,High,0,88,10,9,1,1,0,6,2,2,0,0.3605,388.8333,0.0,0.9,0.1,0.1,0.0,0.6,0.2,0.2,0.8,3.0,3,0.12,0.3,0.6666666666666666,6.0,0.0,1.5,1.2,0.0,6.666666666666666,3.0,12.366666666666665,13.02,Low,Maintain standard awareness training and periodic phishing simulation,Privilege Exposure
EMP0391,Finance,Financial Analyst,High,1,75,10,9,2,0,1,5,3,3,1,0.2447,368.2,0.0,0.9,0.2,0.0,0.1,0.5,0.3,0.3,0.7,1.6667,3,0.25,0.5,0.6666666666666666,9.0,2.0,3.0,2.5,0.0,6.666666666666666,2.5,20.666666666666664,21.75,Moderate,Provide refresher awareness training and continue behavioral monitoring,Phishing Failures
EMP0392,Finance,Financial Analyst,High,0,69,10,9,2,0,1,3,3,3,1,0.3812,229.0,1.0,0.9,0.2,0.0,0.1,0.3,0.3,0.3,0.7,1.0,3,0.31,0.15,0.6666666666666666,9.0,2.0,3.0,3.1,10.0,6.666666666666666,1.5,32.266666666666666,33.96,Moderate,Provide refresher awareness training and continue behavioral monitoring,Targeted Attack Failures
EMP0393,Human Resources,HR Manager,Medium,0,99,10,7,3,0,1,6,4,4,2,0.3672,256.1667,0.0,0.7,0.3,0.0,0.1,0.6,0.4,0.4,0.6,1.5,2,0.01,0.3,0.3333333333333333,12.0,2.0,4.5,0.1,0.0,3.333333333333333,3.0,18.933333333333334,19.93,Low,Maintain standard awareness training and periodic phishing simulation,Phishing Failures
EMP0394,Executive,Vice President,Privileged,1,85,10,5,1,0,0,4,2,2,0,0.274,346.0,0.0,0.5,0.1,0.0,0.0,0.4,0.2,0.2,0.8,2.0,4,0.15,0.4,1.0,6.0,0.0,1.5,1.5,0.0,10.0,2.0,17.0,17.89,Low,Maintain standard awareness training and periodic phishing simulation,Privilege Exposure
EMP0395,Human Resources,Recruiter,Medium,0,94,10,7,2,0,1,4,5,5,2,0.2707,180.75,1.0,0.7,0.2,0.0,0.1,0.4,0.5,0.5,0.5,0.8,2,0.06,0.2,0.3333333333333333,15.0,2.0,3.0,0.6,10.0,3.333333333333333,2.0,31.933333333333337,33.61,Moderate,Provide refresher awareness training and continue behavioral monitoring,Phishing Failures
EMP0396,Finance,Finance Manager,High,1,89,10,9,1,1,1,6,2,2,1,0.1912,249.1667,0.0,0.9,0.1,0.1,0.1,0.6,0.2,0.2,0.8,3.0,3,0.11,0.6,0.6666666666666666,6.0,2.0,1.5,1.1,0.0,6.666666666666666,3.0,14.266666666666666,15.02,Low,Maintain standard awareness training and periodic phishing simulation,Privilege Exposure
EMP0397,Executive,Chief Officer,High,1,86,10,9,3,1,1,7,4,4,0,0.2971,317.7143,0.0,0.9,0.3,0.1,0.1,0.7,0.4,0.4,0.6,1.75,3,0.14,0.7,0.6666666666666666,12.0,2.0,4.5,1.4000000000000001,0.0,6.666666666666666,3.5,23.066666666666663,24.28,Moderate,Provide refresher awareness training and continue behavioral monitoring,Phishing Failures
EMP0398,Finance,Accountant,High,1,82,10,7,1,0,0,9,3,3,1,0.2716,293.1111,0.0,0.7,0.1,0.0,0.0,0.9,0.3,0.3,0.7,3.0,3,0.18,0.9,0.6666666666666666,9.0,0.0,1.5,1.7999999999999998,0.0,6.666666666666666,4.5,14.466666666666669,15.23,Low,Maintain standard awareness training and periodic phishing simulation,Phishing Failures
EMP0399,Marketing,Marketing Manager,Low,1,93,10,7,0,0,0,6,1,1,0,0.2026,256.6667,0.0,0.7,0.0,0.0,0.0,0.6,0.1,0.1,0.9,3.0,1,0.07,0.6,0.0,3.0,0.0,0.0,0.7000000000000001,0.0,0.0,3.0,0.7000000000000002,0.74,Low,Maintain standard awareness training and periodic phishing simulation,Phishing Failures
EMP0400,Executive,Chief Officer,Privileged,1,80,10,9,2,1,1,5,3,3,0,0.347,259.0,0.0,0.9,0.2,0.1,0.1,0.5,0.3,0.3,0.7,1.6667,4,0.2,0.5,1.0,9.0,2.0,3.0,2.0,0.0,10.0,2.5,23.5,24.74,Moderate,Provide refresher awareness training and continue behavioral monitoring,Privilege Exposure
EMP0401,Human Resources,HR Specialist,High,1,70,10,8,3,0,1,7,4,4,2,0.3578,290.8571,0.5,0.8,0.3,0.0,0.1,0.7,0.4,0.4,0.6,1.75,3,0.3,0.7,0.6666666666666666,12.0,2.0,4.5,3.0,5.0,6.666666666666666,3.5,29.666666666666664,31.23,Moderate,Provide refresher awareness training and continue behavioral monitoring,Phishing Failures
EMP0402,Information Technology,IT Support Analyst,Medium,1,72,10,8,1,0,0,8,2,2,1,0.3039,215.5,0.0,0.8,0.1,0.0,0.0,0.8,0.2,0.2,0.8,3.0,2,0.28,0.8,0.3333333333333333,6.0,0.0,1.5,2.8000000000000003,0.0,3.333333333333333,4.0,9.633333333333333,10.14,Low,Maintain standard awareness training and periodic phishing simulation,Phishing Failures
EMP0403,Operations,Operations Manager,Medium,1,84,10,9,0,1,0,7,2,2,0,0.2574,200.7143,0.0,0.9,0.0,0.1,0.0,0.7,0.2,0.2,0.8,3.0,2,0.16,0.7,0.3333333333333333,6.0,0.0,0.0,1.6,0.0,3.333333333333333,3.5,7.433333333333334,7.82,Low,Maintain standard awareness training and periodic phishing simulation,Phishing Failures
EMP0404,Marketing,Marketing Manager,Medium,1,71,10,7,2,0,1,4,3,3,0,0.2328,456.5,0.0,0.7,0.2,0.0,0.1,0.4,0.3,0.3,0.7,1.3333,2,0.29,0.4,0.3333333333333333,9.0,2.0,3.0,2.9,0.0,3.333333333333333,2.0,18.23333333333333,19.19,Low,Maintain standard awareness training and periodic phishing simulation,Phishing Failures
EMP0405,Executive,Chief Officer,Privileged,1,78,10,8,0,0,0,9,0,0,0,0.2353,342.5556,0.0,0.8,0.0,0.0,0.0,0.9,0.0,0.0,1.0,3.0,4,0.22,0.9,1.0,0.0,0.0,0.0,2.2,0.0,10.0,4.5,7.699999999999999,8.11,Low,Maintain standard awareness training and periodic phishing simulation,Privilege Exposure
EMP0406,Human Resources,HR Manager,Medium,1,79,10,5,1,0,1,4,2,2,2,0.2504,491.25,0.0,0.5,0.1,0.0,0.1,0.4,0.2,0.2,0.8,2.0,2,0.21,0.4,0.3333333333333333,6.0,2.0,1.5,2.1,0.0,3.333333333333333,2.0,12.933333333333334,13.61,Low,Maintain standard awareness training and periodic phishing simulation,Phishing Failures
EMP0407,Sales,Account Executive,Medium,0,74,10,8,2,1,1,2,5,5,0,0.4138,165.5,0.0,0.8,0.2,0.1,0.1,0.2,0.5,0.5,0.5,0.4,2,0.26,0.1,0.3333333333333333,15.0,2.0,3.0,2.6,0.0,3.333333333333333,1.0,24.933333333333334,26.25,Moderate,Provide refresher awareness training and continue behavioral monitoring,Phishing Failures
EMP0408,Sales,Account Executive,Medium,1,57,10,9,2,0,1,5,3,3,0,0.2941,237.6,0.0,0.9,0.2,0.0,0.1,0.5,0.3,0.3,0.7,1.6667,2,0.43,0.5,0.3333333333333333,9.0,2.0,3.0,4.3,0.0,3.333333333333333,2.5,19.133333333333333,20.14,Moderate,Provide refresher awareness training and continue behavioral monitoring,Phishing Failures
EMP0409,Executive,Vice President,Privileged,1,63,10,6,1,0,0,5,2,2,0,0.3824,302.8,0.0,0.6,0.1,0.0,0.0,0.5,0.2,0.2,0.8,2.5,4,0.37,0.5,1.0,6.0,0.0,1.5,3.7,0.0,10.0,2.5,18.7,19.68,Low,Maintain standard awareness training and periodic phishing simulation,Privilege Exposure
EMP0410,Human Resources,Recruiter,High,0,60,10,10,4,2,3,5,6,6,2,0.4452,407.2,1.0,1.0,0.4,0.2,0.3,0.5,0.6,0.6,0.4,0.8333,3,0.4,0.25,0.6666666666666666,18.0,6.0,6.0,4.0,10.0,6.666666666666666,2.5,48.166666666666664,50.7,Critical,"Immediate security review, targeted awareness training, and follow-up phishing simulation",Phishing Failures
EMP0411,Legal,Legal Manager,High,1,98,10,7,2,0,0,6,3,3,0,0.264,267.8333,0.0,0.7,0.2,0.0,0.0,0.6,0.3,0.3,0.7,2.0,3,0.02,0.6,0.6666666666666666,9.0,0.0,3.0,0.2,0.0,6.666666666666666,3.0,15.866666666666667,16.7,Low,Maintain standard awareness training and periodic phishing simulation,Phishing Failures
EMP0412,Legal,Legal Assistant,High,1,72,10,9,1,1,1,6,3,3,0,0.3276,258.5,0.0,0.9,0.1,0.1,0.1,0.6,0.3,0.3,0.7,2.0,3,0.28,0.6,0.6666666666666666,9.0,2.0,1.5,2.8000000000000003,0.0,6.666666666666666,3.0,18.96666666666667,19.96,Low,Maintain standard awareness training and periodic phishing simulation,Phishing Failures
EMP0413,Human Resources,HR Specialist,Medium,1,85,10,9,3,1,2,6,4,4,2,0.2671,193.0,0.5,0.9,0.3,0.1,0.2,0.6,0.4,0.4,0.6,1.5,2,0.15,0.6,0.3333333333333333,12.0,4.0,4.5,1.5,5.0,3.333333333333333,3.0,27.333333333333332,28.77,Moderate,Provide refresher awareness training and continue behavioral monitoring,Phishing Failures
EMP0414,Human Resources,Recruiter,Medium,1,59,10,7,1,0,1,4,3,3,2,0.3485,170.0,0.5,0.7,0.1,0.0,0.1,0.4,0.3,0.3,0.7,1.3333,2,0.41,0.4,0.3333333333333333,9.0,2.0,1.5,4.1,5.0,3.333333333333333,2.0,22.933333333333334,24.14,Moderate,Provide refresher awareness training and continue behavioral monitoring,Phishing Failures
EMP0415,Legal,Legal Assistant,Medium,1,70,10,9,2,1,0,5,3,3,0,0.3219,291.2,0.0,0.9,0.2,0.1,0.0,0.5,0.3,0.3,0.7,1.6667,2,0.3,0.5,0.3333333333333333,9.0,0.0,3.0,3.0,0.0,3.333333333333333,2.5,15.833333333333332,16.67,Low,Maintain standard awareness training and periodic phishing simulation,Phishing Failures
EMP0416,Legal,Legal Manager,Medium,1,82,10,7,3,1,3,4,5,5,0,0.3698,236.0,0.0,0.7,0.3,0.1,0.3,0.4,0.5,0.5,0.5,0.8,2,0.18,0.4,0.3333333333333333,15.0,6.0,4.5,1.7999999999999998,0.0,3.333333333333333,2.0,28.633333333333333,30.14,Moderate,Provide refresher awareness training and continue behavioral monitoring,Phishing Failures
EMP0417,Marketing,Digital Marketing Analyst,Medium,1,77,10,7,0,0,0,7,2,2,0,0.3236,276.7143,0.0,0.7,0.0,0.0,0.0,0.7,0.2,0.2,0.8,3.0,2,0.23,0.7,0.3333333333333333,6.0,0.0,0.0,2.3000000000000003,0.0,3.333333333333333,3.5,8.133333333333333,8.56,Low,Maintain standard awareness training and periodic phishing simulation,Phishing Failures
EMP0418,Finance,Accountant,High,1,92,10,7,1,1,1,7,5,5,1,0.1788,231.4286,0.0,0.7,0.1,0.1,0.1,0.7,0.5,0.5,0.5,1.4,3,0.08,0.7,0.6666666666666666,15.0,2.0,1.5,0.8,0.0,6.666666666666666,3.5,22.46666666666667,23.65,Moderate,Provide refresher awareness training and continue behavioral monitoring,Phishing Failures
EMP0419,Legal,Legal Assistant,Medium,1,91,10,9,3,1,1,7,5,5,0,0.2744,240.1429,0.0,0.9,0.3,0.1,0.1,0.7,0.5,0.5,0.5,1.4,2,0.09,0.7,0.3333333333333333,15.0,2.0,4.5,0.8999999999999999,0.0,3.333333333333333,3.5,22.23333333333333,23.4,Moderate,Provide refresher awareness training and continue behavioral monitoring,Phishing Failures
EMP0420,Information Technology,Security Analyst,High,1,57,10,5,2,0,1,5,4,4,1,0.3764,199.4,1.0,0.5,0.2,0.0,0.1,0.5,0.4,0.4,0.6,1.25,3,0.43,0.5,0.6666666666666666,12.0,2.0,3.0,4.3,10.0,6.666666666666666,2.5,35.46666666666667,37.33,High,Assign targeted phishing awareness training and reassess within 30 days,Phishing Failures
EMP0421,Sales,Sales Representative,Medium,1,62,10,6,4,0,2,2,7,7,0,0.3237,360.5,0.0,0.6,0.4,0.0,0.2,0.2,0.7,0.7,0.3,0.2857,2,0.38,0.2,0.3333333333333333,21.0,4.0,6.0,3.8,0.0,3.333333333333333,1.0,37.13333333333333,39.09,High,Assign targeted phishing awareness training and reassess within 30 days,Phishing Failures
EMP0422,Legal,Legal Assistant,High,0,91,10,8,0,0,0,2,0,0,0,0.2629,192.5,0.0,0.8,0.0,0.0,0.0,0.2,0.0,0.0,1.0,2.0,3,0.09,0.1,0.6666666666666666,0.0,0.0,0.0,0.8999999999999999,0.0,6.666666666666666,1.0,6.566666666666666,6.91,Low,Maintain standard awareness training and periodic phishing simulation,Privilege Exposure
EMP0423,Sales,Account Executive,Low,1,78,10,8,1,0,1,4,2,2,0,0.3016,233.5,0.0,0.8,0.1,0.0,0.1,0.4,0.2,0.2,0.8,2.0,1,0.22,0.4,0.0,6.0,2.0,1.5,2.2,0.0,0.0,2.0,9.7,10.21,Low,Maintain standard awareness training and periodic phishing simulation,Phishing Failures
EMP0424,Operations,Operations Analyst,Low,1,62,10,8,4,1,3,6,6,6,0,0.44,313.8333,0.0,0.8,0.4,0.1,0.3,0.6,0.6,0.6,0.4,1.0,1,0.38,0.6,0.0,18.0,6.0,6.0,3.8,0.0,0.0,3.0,30.799999999999997,32.42,Moderate,Provide refresher awareness training and continue behavioral monitoring,Phishing Failures
EMP0425,Operations,Operations Manager,Medium,1,96,10,6,4,0,4,7,5,5,0,0.2682,425.2857,0.0,0.6,0.4,0.0,0.4,0.7,0.5,0.5,0.5,1.4,2,0.04,0.7,0.3333333333333333,15.0,8.0,6.0,0.4,0.0,3.333333333333333,3.5,29.233333333333334,30.77,Moderate,Provide refresher awareness training and continue behavioral monitoring,Phishing Failures
EMP0426,Legal,Compliance Analyst,Medium,1,88,10,8,1,0,0,7,1,1,0,0.266,240.8571,0.0,0.8,0.1,0.0,0.0,0.7,0.1,0.1,0.9,3.0,2,0.12,0.7,0.3333333333333333,3.0,0.0,1.5,1.2,0.0,3.333333333333333,3.5,5.533333333333333,5.82,Low,Maintain standard awareness training and periodic phishing simulation,Privilege Exposure
EMP0427,Information Technology,IT Support Analyst,Privileged,1,74,10,8,2,1,1,5,4,4,1,0.3406,128.6,1.0,0.8,0.2,0.1,0.1,0.5,0.4,0.4,0.6,1.25,4,0.26,0.5,1.0,12.0,2.0,3.0,2.6,10.0,10.0,2.5,37.1,39.05,High,Assign targeted phishing awareness training and reassess within 30 days,Phishing Failures
EMP0428,Marketing,Marketing Specialist,Low,1,100,10,10,1,0,0,5,2,2,0,0.2721,327.0,0.0,1.0,0.1,0.0,0.0,0.5,0.2,0.2,0.8,2.5,1,0.0,0.5,0.0,6.0,0.0,1.5,0.0,0.0,0.0,2.5,5.0,5.26,Low,Maintain standard awareness training and periodic phishing simulation,Phishing Failures
EMP0429,Finance,Financial Analyst,Medium,1,74,10,9,2,0,1,6,2,2,1,0.3415,354.0,0.0,0.9,0.2,0.0,0.1,0.6,0.2,0.2,0.8,3.0,2,0.26,0.6,0.3333333333333333,6.0,2.0,3.0,2.6,0.0,3.333333333333333,3.0,13.933333333333334,14.67,Low,Maintain standard awareness training and periodic phishing simulation,Phishing Failures
EMP0430,Marketing,Digital Marketing Analyst,Medium,0,75,10,5,1,0,1,4,3,3,0,0.3562,283.5,0.0,0.5,0.1,0.0,0.1,0.4,0.3,0.3,0.7,1.3333,2,0.25,0.2,0.3333333333333333,9.0,2.0,1.5,2.5,0.0,3.333333333333333,2.0,16.333333333333332,17.19,Low,Maintain standard awareness training and periodic phishing simulation,Phishing Failures
EMP0431,Legal,Legal Assistant,High,1,86,10,8,1,0,1,7,1,1,0,0.2648,220.5714,0.0,0.8,0.1,0.0,0.1,0.7,0.1,0.1,0.9,3.0,3,0.14,0.7,0.6666666666666666,3.0,2.0,1.5,1.4000000000000001,0.0,6.666666666666666,3.5,11.066666666666666,11.65,Low,Maintain standard awareness training and periodic phishing simulation,Privilege Exposure
EMP0432,Operations,Operations Manager,Medium,1,77,10,8,1,1,0,4,3,3,0,0.2789,277.0,0.0,0.8,0.1,0.1,0.0,0.4,0.3,0.3,0.7,1.3333,2,0.23,0.4,0.3333333333333333,9.0,0.0,1.5,2.3000000000000003,0.0,3.333333333333333,2.0,14.133333333333333,14.88,Low,Maintain standard awareness training and periodic phishing simulation,Phishing Failures
EMP0433,Human Resources,HR Specialist,Medium,0,88,10,7,3,0,0,4,5,5,2,0.3921,255.25,1.0,0.7,0.3,0.0,0.0,0.4,0.5,0.5,0.5,0.8,2,0.12,0.2,0.3333333333333333,15.0,0.0,4.5,1.2,10.0,3.333333333333333,2.0,32.03333333333333,33.72,Moderate,Provide refresher awareness training and continue behavioral monitoring,Phishing Failures
EMP0434,Information Technology,Security Analyst,Medium,1,82,10,9,1,0,0,5,1,1,1,0.2794,317.4,0.0,0.9,0.1,0.0,0.0,0.5,0.1,0.1,0.9,3.0,2,0.18,0.5,0.3333333333333333,3.0,0.0,1.5,1.7999999999999998,0.0,3.333333333333333,2.5,7.133333333333333,7.51,Low,Maintain standard awareness training and periodic phishing simulation,Privilege Exposure
EMP0435,Human Resources,Recruiter,High,1,91,10,9,1,0,1,5,2,2,2,0.2374,274.6,0.0,0.9,0.1,0.0,0.1,0.5,0.2,0.2,0.8,2.5,3,0.09,0.5,0.6666666666666666,6.0,2.0,1.5,0.8999999999999999,0.0,6.666666666666666,2.5,14.566666666666666,15.33,Low,Maintain standard awareness training and periodic phishing simulation,Privilege Exposure
EMP0436,Marketing,Digital Marketing Analyst,Medium,1,65,10,7,3,0,2,1,5,5,0,0.4141,258.0,0.0,0.7,0.3,0.0,0.2,0.1,0.5,0.5,0.5,0.2,2,0.35,0.1,0.3333333333333333,15.0,4.0,4.5,3.5,0.0,3.333333333333333,0.5,29.833333333333332,31.4,Moderate,Provide refresher awareness training and continue behavioral monitoring,Phishing Failures
EMP0437,Marketing,Digital Marketing Analyst,Low,0,70,10,8,2,0,1,2,2,2,0,0.4251,205.5,0.0,0.8,0.2,0.0,0.1,0.2,0.2,0.2,0.8,1.0,1,0.3,0.1,0.0,6.0,2.0,3.0,3.0,0.0,0.0,1.0,13.0,13.68,Low,Maintain standard awareness training and periodic phishing simulation,Phishing Failures
EMP0438,Human Resources,Recruiter,High,1,100,10,7,2,1,0,6,3,3,2,0.2916,227.3333,0.0,0.7,0.2,0.1,0.0,0.6,0.3,0.3,0.7,2.0,3,0.0,0.6,0.6666666666666666,9.0,0.0,3.0,0.0,0.0,6.666666666666666,3.0,15.666666666666664,16.49,Low,Maintain standard awareness training and periodic phishing simulation,Phishing Failures
EMP0439,Human Resources,Recruiter,High,1,79,10,8,0,0,0,4,0,0,2,0.2091,287.25,0.0,0.8,0.0,0.0,0.0,0.4,0.0,0.0,1.0,3.0,3,0.21,0.4,0.6666666666666666,0.0,0.0,0.0,2.1,0.0,6.666666666666666,2.0,6.766666666666666,7.12,Low,Maintain standard awareness training and periodic phishing simulation,Privilege Exposure
EMP0440,Operations,Operations Analyst,Low,1,82,10,9,2,0,0,5,3,3,0,0.2393,107.0,0.0,0.9,0.2,0.0,0.0,0.5,0.3,0.3,0.7,1.6667,1,0.18,0.5,0.0,9.0,0.0,3.0,1.7999999999999998,0.0,0.0,2.5,11.3,11.89,Low,Maintain standard awareness training and periodic phishing simulation,Phishing Failures
EMP0441,Marketing,Marketing Manager,Low,1,91,10,6,0,0,0,5,0,0,0,0.279,172.4,0.0,0.6,0.0,0.0,0.0,0.5,0.0,0.0,1.0,3.0,1,0.09,0.5,0.0,0.0,0.0,0.0,0.8999999999999999,0.0,0.0,2.5,-1.6,0.0,Low,Maintain standard awareness training and periodic phishing simulation,Training Weakness
EMP0442,Finance,Financial Analyst,High,1,92,10,9,4,0,2,5,4,4,1,0.2515,333.2,0.0,0.9,0.4,0.0,0.2,0.5,0.4,0.4,0.6,1.25,3,0.08,0.5,0.6666666666666666,12.0,4.0,6.0,0.8,0.0,6.666666666666666,2.5,26.96666666666667,28.39,Moderate,Provide refresher awareness training and continue behavioral monitoring,Phishing Failures
EMP0443,Sales,Sales Representative,Medium,1,81,10,6,1,1,1,5,2,2,0,0.2608,289.6,0.0,0.6,0.1,0.1,0.1,0.5,0.2,0.2,0.8,2.5,2,0.19,0.5,0.3333333333333333,6.0,2.0,1.5,1.9,0.0,3.333333333333333,2.5,12.233333333333334,12.88,Low,Maintain standard awareness training and periodic phishing simulation,Phishing Failures
EMP0444,Operations,Operations Specialist,Low,0,68,10,10,2,1,0,3,3,3,0,0.2286,307.0,0.0,1.0,0.2,0.1,0.0,0.3,0.3,0.3,0.7,1.0,1,0.32,0.15,0.0,9.0,0.0,3.0,3.2,0.0,0.0,1.5,13.7,14.42,Low,Maintain standard awareness training and periodic phishing simulation,Phishing Failures
EMP0445,Finance,Accountant,High,1,81,10,8,2,0,0,5,2,2,1,0.2122,430.8,0.0,0.8,0.2,0.0,0.0,0.5,0.2,0.2,0.8,2.5,3,0.19,0.5,0.6666666666666666,6.0,0.0,3.0,1.9,0.0,6.666666666666666,2.5,15.066666666666666,15.86,Low,Maintain standard awareness training and periodic phishing simulation,Privilege Exposure
EMP0446,Information Technology,IT Support Analyst,High,1,83,10,6,0,0,0,5,1,1,1,0.2726,224.6,0.0,0.6,0.0,0.0,0.0,0.5,0.1,0.1,0.9,3.0,3,0.17,0.5,0.6666666666666666,3.0,0.0,0.0,1.7000000000000002,0.0,6.666666666666666,2.5,8.866666666666667,9.33,Low,Maintain standard awareness training and periodic phishing simulation,Privilege Exposure
EMP0447,Sales,Sales Manager,Medium,1,92,10,8,1,0,0,6,2,2,0,0.1619,243.1667,0.0,0.8,0.1,0.0,0.0,0.6,0.2,0.2,0.8,3.0,2,0.08,0.6,0.3333333333333333,6.0,0.0,1.5,0.8,0.0,3.333333333333333,3.0,8.633333333333333,9.09,Low,Maintain standard awareness training and periodic phishing simulation,Phishing Failures
EMP0448,Human Resources,Recruiter,Medium,1,63,10,10,3,1,1,5,5,5,2,0.329,259.6,0.0,1.0,0.3,0.1,0.1,0.5,0.5,0.5,0.5,1.0,2,0.37,0.5,0.3333333333333333,15.0,2.0,4.5,3.7,0.0,3.333333333333333,2.5,26.03333333333333,27.4,Moderate,Provide refresher awareness training and continue behavioral monitoring,Phishing Failures
EMP0449,Marketing,Marketing Specialist,Medium,1,76,10,10,2,1,1,5,3,3,0,0.3084,411.2,0.0,1.0,0.2,0.1,0.1,0.5,0.3,0.3,0.7,1.6667,2,0.24,0.5,0.3333333333333333,9.0,2.0,3.0,2.4,0.0,3.333333333333333,2.5,17.23333333333333,18.14,Low,Maintain standard awareness training and periodic phishing simulation,Phishing Failures
EMP0450,Human Resources,Recruiter,High,0,79,10,8,4,0,2,3,5,5,2,0.3863,368.6667,0.5,0.8,0.4,0.0,0.2,0.3,0.5,0.5,0.5,0.6,3,0.21,0.15,0.6666666666666666,15.0,4.0,6.0,2.1,5.0,6.666666666666666,1.5,37.266666666666666,39.23,High,Assign targeted phishing awareness training and reassess within 30 days,Phishing Failures
EMP0451,Marketing,Marketing Manager,Medium,1,97,10,9,2,0,0,5,2,2,0,0.2613,264.6,0.0,0.9,0.2,0.0,0.0,0.5,0.2,0.2,0.8,2.5,2,0.03,0.5,0.3333333333333333,6.0,0.0,3.0,0.3,0.0,3.333333333333333,2.5,10.133333333333333,10.67,Low,Maintain standard awareness training and periodic phishing simulation,Phishing Failures
EMP0452,Operations,Operations Analyst,Medium,1,67,10,10,4,0,1,4,4,4,0,0.3337,215.0,0.0,1.0,0.4,0.0,0.1,0.4,0.4,0.4,0.6,1.0,2,0.33,0.4,0.3333333333333333,12.0,2.0,6.0,3.3000000000000003,0.0,3.333333333333333,2.0,24.633333333333333,25.93,Moderate,Provide refresher awareness training and continue behavioral monitoring,Phishing Failures
EMP0453,Finance,Accountant,Medium,1,97,10,5,0,1,0,9,2,2,1,0.1934,200.3333,0.0,0.5,0.0,0.1,0.0,0.9,0.2,0.2,0.8,3.0,2,0.03,0.9,0.3333333333333333,6.0,0.0,0.0,0.3,0.0,3.333333333333333,4.5,5.133333333333333,5.4,Low,Maintain standard awareness training and periodic phishing simulation,Phishing Failures
EMP0454,Executive,Chief Officer,Privileged,1,90,10,7,2,0,2,6,2,2,0,0.343,315.1667,0.0,0.7,0.2,0.0,0.2,0.6,0.2,0.2,0.8,3.0,4,0.1,0.6,1.0,6.0,4.0,3.0,1.0,0.0,10.0,3.0,21.0,22.11,Moderate,Provide refresher awareness training and continue behavioral monitoring,Privilege Exposure
EMP0455,Human Resources,Recruiter,Medium,1,48,10,8,2,0,1,4,2,2,2,0.4635,263.75,0.0,0.8,0.2,0.0,0.1,0.4,0.2,0.2,0.8,2.0,2,0.52,0.4,0.3333333333333333,6.0,2.0,3.0,5.2,0.0,3.333333333333333,2.0,17.53333333333333,18.46,Low,Maintain standard awareness training and periodic phishing simulation,Phishing Failures
EMP0456,Sales,Account Executive,Medium,1,100,10,8,1,0,0,6,2,2,0,0.1863,353.6667,0.0,0.8,0.1,0.0,0.0,0.6,0.2,0.2,0.8,3.0,2,0.0,0.6,0.3333333333333333,6.0,0.0,1.5,0.0,0.0,3.333333333333333,3.0,7.833333333333332,8.25,Low,Maintain standard awareness training and periodic phishing simulation,Phishing Failures
EMP0457,Human Resources,Recruiter,High,1,90,10,8,1,0,1,8,1,1,2,0.2559,285.375,0.5,0.8,0.1,0.0,0.1,0.8,0.1,0.1,0.9,3.0,3,0.1,0.8,0.6666666666666666,3.0,2.0,1.5,1.0,5.0,6.666666666666666,4.0,15.166666666666664,15.96,Low,Maintain standard awareness training and periodic phishing simulation,Privilege Exposure
EMP0458,Legal,Legal Assistant,High,1,100,10,8,0,0,0,7,0,0,0,0.1739,379.5714,0.0,0.8,0.0,0.0,0.0,0.7,0.0,0.0,1.0,3.0,3,0.0,0.7,0.6666666666666666,0.0,0.0,0.0,0.0,0.0,6.666666666666666,3.5,3.166666666666666,3.33,Low,Maintain standard awareness training and periodic phishing simulation,Privilege Exposure
EMP0459,Information Technology,IT Support Analyst,Privileged,1,87,10,8,0,1,0,4,1,1,1,0.2108,505.5,0.0,0.8,0.0,0.1,0.0,0.4,0.1,0.1,0.9,3.0,4,0.13,0.4,1.0,3.0,0.0,0.0,1.3,0.0,10.0,2.0,12.3,12.95,Low,Maintain standard awareness training and periodic phishing simulation,Privilege Exposure
EMP0460,Human Resources,HR Manager,Medium,1,81,10,8,0,1,0,8,1,1,2,0.2923,231.125,0.0,0.8,0.0,0.1,0.0,0.8,0.1,0.1,0.9,3.0,2,0.19,0.8,0.3333333333333333,3.0,0.0,0.0,1.9,0.0,3.333333333333333,4.0,4.233333333333334,4.46,Low,Maintain standard awareness training and periodic phishing simulation,Privilege Exposure
EMP0461,Legal,Compliance Analyst,Medium,1,68,10,6,1,0,1,6,2,2,0,0.2591,224.6667,0.0,0.6,0.1,0.0,0.1,0.6,0.2,0.2,0.8,3.0,2,0.32,0.6,0.3333333333333333,6.0,2.0,1.5,3.2,0.0,3.333333333333333,3.0,13.033333333333331,13.72,Low,Maintain standard awareness training and periodic phishing simulation,Phishing Failures
EMP0462,Sales,Sales Representative,Low,1,74,10,9,2,1,0,5,4,4,0,0.3268,150.0,0.0,0.9,0.2,0.1,0.0,0.5,0.4,0.4,0.6,1.25,1,0.26,0.5,0.0,12.0,0.0,3.0,2.6,0.0,0.0,2.5,15.100000000000001,15.89,Low,Maintain standard awareness training and periodic phishing simulation,Phishing Failures
EMP0463,Operations,Operations Analyst,Low,1,80,10,9,3,0,2,6,4,4,0,0.3308,240.8333,0.0,0.9,0.3,0.0,0.2,0.6,0.4,0.4,0.6,1.5,1,0.2,0.6,0.0,12.0,4.0,4.5,2.0,0.0,0.0,3.0,19.5,20.53,Moderate,Provide refresher awareness training and continue behavioral monitoring,Phishing Failures
EMP0464,Information Technology,Security Analyst,Medium,1,94,10,7,2,0,2,6,3,3,1,0.1852,339.6667,0.0,0.7,0.2,0.0,0.2,0.6,0.3,0.3,0.7,2.0,2,0.06,0.6,0.3333333333333333,9.0,4.0,3.0,0.6,0.0,3.333333333333333,3.0,16.933333333333334,17.82,Low,Maintain standard awareness training and periodic phishing simulation,Phishing Failures
EMP0465,Information Technology,Security Analyst,High,1,66,10,9,4,1,2,5,6,6,1,0.3424,254.0,1.0,0.9,0.4,0.1,0.2,0.5,0.6,0.6,0.4,0.8333,3,0.34,0.5,0.6666666666666666,18.0,4.0,6.0,3.4000000000000004,10.0,6.666666666666666,2.5,45.56666666666666,47.96,High,Assign targeted phishing awareness training and reassess within 30 days,Phishing Failures
EMP0466,Executive,Chief Officer,Privileged,1,75,10,9,3,0,0,5,3,3,0,0.3274,272.6,0.0,0.9,0.3,0.0,0.0,0.5,0.3,0.3,0.7,1.6667,4,0.25,0.5,1.0,9.0,0.0,4.5,2.5,0.0,10.0,2.5,23.5,24.74,Moderate,Provide refresher awareness training and continue behavioral monitoring,Privilege Exposure
EMP0467,Legal,Legal Manager,High,1,70,10,10,3,1,0,5,4,4,0,0.2706,335.0,0.0,1.0,0.3,0.1,0.0,0.5,0.4,0.4,0.6,1.25,3,0.3,0.5,0.6666666666666666,12.0,0.0,4.5,3.0,0.0,6.666666666666666,2.5,23.666666666666664,24.91,Moderate,Provide refresher awareness training and continue behavioral monitoring,Phishing Failures
EMP0468,Information Technology,System Administrator,Medium,1,81,10,10,3,0,1,5,3,3,1,0.2496,171.6,0.0,1.0,0.3,0.0,0.1,0.5,0.3,0.3,0.7,1.6667,2,0.19,0.5,0.3333333333333333,9.0,2.0,4.5,1.9,0.0,3.333333333333333,2.5,18.23333333333333,19.19,Low,Maintain standard awareness training and periodic phishing simulation,Phishing Failures
EMP0469,Executive,Vice President,Privileged,1,80,10,7,1,1,1,4,2,2,0,0.2452,301.0,0.0,0.7,0.1,0.1,0.1,0.4,0.2,0.2,0.8,2.0,4,0.2,0.4,1.0,6.0,2.0,1.5,2.0,0.0,10.0,2.0,19.5,20.53,Moderate,Provide refresher awareness training and continue behavioral monitoring,Privilege Exposure
EMP0470,Operations,Operations Manager,Low,1,94,10,7,1,0,1,6,2,2,0,0.2199,167.6667,0.0,0.7,0.1,0.0,0.1,0.6,0.2,0.2,0.8,3.0,1,0.06,0.6,0.0,6.0,2.0,1.5,0.6,0.0,0.0,3.0,7.1,7.47,Low,Maintain standard awareness training and periodic phishing simulation,Phishing Failures
EMP0471,Legal,Legal Manager,Medium,1,78,10,10,1,0,1,6,1,1,0,0.3514,279.8333,0.0,1.0,0.1,0.0,0.1,0.6,0.1,0.1,0.9,3.0,2,0.22,0.6,0.3333333333333333,3.0,2.0,1.5,2.2,0.0,3.333333333333333,3.0,9.033333333333331,9.51,Low,Maintain standard awareness training and periodic phishing simulation,Privilege Exposure
EMP0472,Operations,Operations Specialist,Medium,1,78,10,9,2,1,2,4,3,3,0,0.2553,275.0,0.0,0.9,0.2,0.1,0.2,0.4,0.3,0.3,0.7,1.3333,2,0.22,0.4,0.3333333333333333,9.0,4.0,3.0,2.2,0.0,3.333333333333333,2.0,19.53333333333333,20.56,Moderate,Provide refresher awareness training and continue behavioral monitoring,Phishing Failures
EMP0473,Finance,Financial Analyst,High,1,63,10,9,4,0,2,4,4,4,1,0.301,353.0,0.0,0.9,0.4,0.0,0.2,0.4,0.4,0.4,0.6,1.0,3,0.37,0.4,0.6666666666666666,12.0,4.0,6.0,3.7,0.0,6.666666666666666,2.0,30.366666666666667,31.96,Moderate,Provide refresher awareness training and continue behavioral monitoring,Phishing Failures
EMP0474,Operations,Operations Analyst,Low,1,69,10,9,2,1,0,4,5,5,0,0.3676,292.0,0.0,0.9,0.2,0.1,0.0,0.4,0.5,0.5,0.5,0.8,1,0.31,0.4,0.0,15.0,0.0,3.0,3.1,0.0,0.0,2.0,19.1,20.11,Moderate,Provide refresher awareness training and continue behavioral monitoring,Phishing Failures
EMP0475,Marketing,Digital Marketing Analyst,Low,1,69,10,8,2,1,1,5,4,4,0,0.2455,280.2,0.0,0.8,0.2,0.1,0.1,0.5,0.4,0.4,0.6,1.25,1,0.31,0.5,0.0,12.0,2.0,3.0,3.1,0.0,0.0,2.5,17.6,18.53,Low,Maintain standard awareness training and periodic phishing simulation,Phishing Failures
EMP0476,Executive,Chief Officer,High,1,81,10,8,2,1,2,4,4,4,0,0.2277,478.5,0.0,0.8,0.2,0.1,0.2,0.4,0.4,0.4,0.6,1.0,3,0.19,0.4,0.6666666666666666,12.0,4.0,3.0,1.9,0.0,6.666666666666666,2.0,25.566666666666663,26.91,Moderate,Provide refresher awareness training and continue behavioral monitoring,Phishing Failures
EMP0477,Legal,Legal Manager,High,1,85,10,9,1,0,1,5,1,1,0,0.2888,223.0,0.0,0.9,0.1,0.0,0.1,0.5,0.1,0.1,0.9,3.0,3,0.15,0.5,0.6666666666666666,3.0,2.0,1.5,1.5,0.0,6.666666666666666,2.5,12.166666666666666,12.81,Low,Maintain standard awareness training and periodic phishing simulation,Privilege Exposure
EMP0478,Information Technology,IT Support Analyst,High,0,82,10,9,2,0,0,4,2,2,1,0.3961,400.5,1.0,0.9,0.2,0.0,0.0,0.4,0.2,0.2,0.8,2.0,3,0.18,0.2,0.6666666666666666,6.0,0.0,3.0,1.7999999999999998,10.0,6.666666666666666,2.0,25.46666666666667,26.81,Moderate,Provide refresher awareness training and continue behavioral monitoring,Targeted Attack Failures
EMP0479,Human Resources,Recruiter,Medium,1,89,10,7,3,1,1,5,7,7,2,0.3295,186.4,1.0,0.7,0.3,0.1,0.1,0.5,0.7,0.7,0.3,0.7143,2,0.11,0.5,0.3333333333333333,21.0,2.0,4.5,1.1,10.0,3.333333333333333,2.5,39.43333333333334,41.51,High,Assign targeted phishing awareness training and reassess within 30 days,Phishing Failures
EMP0480,Information Technology,IT Support Analyst,Medium,1,100,10,9,2,0,1,4,2,2,1,0.1924,361.25,1.0,0.9,0.2,0.0,0.1,0.4,0.2,0.2,0.8,2.0,2,0.0,0.4,0.3333333333333333,6.0,2.0,3.0,0.0,10.0,3.333333333333333,2.0,22.333333333333332,23.51,Moderate,Provide refresher awareness training and continue behavioral monitoring,Targeted Attack Failures
EMP0481,Executive,Vice President,High,1,68,10,9,1,0,1,6,1,1,0,0.257,188.5,0.0,0.9,0.1,0.0,0.1,0.6,0.1,0.1,0.9,3.0,3,0.32,0.6,0.6666666666666666,3.0,2.0,1.5,3.2,0.0,6.666666666666666,3.0,13.366666666666667,14.07,Low,Maintain standard awareness training and periodic phishing simulation,Privilege Exposure
EMP0482,Legal,Compliance Analyst,High,1,97,10,9,3,0,3,5,4,4,0,0.2353,339.0,0.0,0.9,0.3,0.0,0.3,0.5,0.4,0.4,0.6,1.25,3,0.03,0.5,0.6666666666666666,12.0,6.0,4.5,0.3,0.0,6.666666666666666,2.5,26.96666666666667,28.39,Moderate,Provide refresher awareness training and continue behavioral monitoring,Phishing Failures
EMP0483,Marketing,Digital Marketing Analyst,Medium,1,84,10,8,2,1,0,6,5,5,0,0.2879,508.6667,0.0,0.8,0.2,0.1,0.0,0.6,0.5,0.5,0.5,1.2,2,0.16,0.6,0.3333333333333333,15.0,0.0,3.0,1.6,0.0,3.333333333333333,3.0,19.933333333333334,20.98,Moderate,Provide refresher awareness training and continue behavioral monitoring,Phishing Failures
EMP0484,Finance,Finance Manager,High,0,97,10,8,2,0,0,6,3,3,1,0.2916,255.6667,1.0,0.8,0.2,0.0,0.0,0.6,0.3,0.3,0.7,2.0,3,0.03,0.3,0.6666666666666666,9.0,0.0,3.0,0.3,10.0,6.666666666666666,3.0,25.96666666666667,27.33,Moderate,Provide refresher awareness training and continue behavioral monitoring,Targeted Attack Failures
EMP0485,Human Resources,Recruiter,Medium,1,71,10,8,1,1,1,4,2,2,2,0.2868,220.5,0.5,0.8,0.1,0.1,0.1,0.4,0.2,0.2,0.8,2.0,2,0.29,0.4,0.3333333333333333,6.0,2.0,1.5,2.9,5.0,3.333333333333333,2.0,18.73333333333333,19.72,Low,Maintain standard awareness training and periodic phishing simulation,Phishing Failures
EMP0486,Marketing,Digital Marketing Analyst,Medium,1,65,10,7,1,0,1,4,2,2,0,0.3577,176.5,0.0,0.7,0.1,0.0,0.1,0.4,0.2,0.2,0.8,2.0,2,0.35,0.4,0.3333333333333333,6.0,2.0,1.5,3.5,0.0,3.333333333333333,2.0,14.333333333333332,15.09,Low,Maintain standard awareness training and periodic phishing simulation,Phishing Failures
EMP0487,Information Technology,System Administrator,Medium,1,80,10,7,0,0,0,5,0,0,1,0.2482,219.8,0.0,0.7,0.0,0.0,0.0,0.5,0.0,0.0,1.0,3.0,2,0.2,0.5,0.3333333333333333,0.0,0.0,0.0,2.0,0.0,3.333333333333333,2.5,2.833333333333333,2.98,Low,Maintain standard awareness training and periodic phishing simulation,Privilege Exposure
EMP0488,Information Technology,System Administrator,High,1,59,10,8,0,1,0,1,2,2,1,0.2619,242.0,0.0,0.8,0.0,0.1,0.0,0.1,0.2,0.2,0.8,0.5,3,0.41,0.1,0.6666666666666666,6.0,0.0,0.0,4.1,0.0,6.666666666666666,0.5,16.266666666666666,17.12,Low,Maintain standard awareness training and periodic phishing simulation,Privilege Exposure
EMP0489,Marketing,Marketing Specialist,Low,1,92,10,7,0,0,0,5,1,1,0,0.2047,292.6,0.0,0.7,0.0,0.0,0.0,0.5,0.1,0.1,0.9,3.0,1,0.08,0.5,0.0,3.0,0.0,0.0,0.8,0.0,0.0,2.5,1.2999999999999998,1.37,Low,Maintain standard awareness training and periodic phishing simulation,Phishing Failures
EMP0490,Operations,Operations Manager,Medium,1,63,10,8,2,0,0,5,2,2,0,0.2853,312.4,0.0,0.8,0.2,0.0,0.0,0.5,0.2,0.2,0.8,2.5,2,0.37,0.5,0.3333333333333333,6.0,0.0,3.0,3.7,0.0,3.333333333333333,2.5,13.533333333333331,14.25,Low,Maintain standard awareness training and periodic phishing simulation,Phishing Failures
EMP0491,Legal,Legal Assistant,Medium,1,69,10,10,2,0,2,2,3,3,0,0.3134,337.0,0.0,1.0,0.2,0.0,0.2,0.2,0.3,0.3,0.7,0.6667,2,0.31,0.2,0.3333333333333333,9.0,4.0,3.0,3.1,0.0,3.333333333333333,1.0,21.433333333333334,22.56,Moderate,Provide refresher awareness training and continue behavioral monitoring,Phishing Failures
EMP0492,Marketing,Marketing Manager,Medium,1,77,10,10,4,0,2,5,5,5,0,0.2851,275.2,0.0,1.0,0.4,0.0,0.2,0.5,0.5,0.5,0.5,1.0,2,0.23,0.5,0.3333333333333333,15.0,4.0,6.0,2.3000000000000003,0.0,3.333333333333333,2.5,28.133333333333333,29.61,Moderate,Provide refresher awareness training and continue behavioral monitoring,Phishing Failures
EMP0493,Finance,Accountant,High,1,80,10,9,2,0,1,5,2,2,1,0.2174,160.0,0.0,0.9,0.2,0.0,0.1,0.5,0.2,0.2,0.8,2.5,3,0.2,0.5,0.6666666666666666,6.0,2.0,3.0,2.0,0.0,6.666666666666666,2.5,17.166666666666664,18.07,Low,Maintain standard awareness training and periodic phishing simulation,Privilege Exposure
EMP0494,Information Technology,IT Support Analyst,High,1,61,10,6,1,0,0,4,3,3,1,0.3886,302.0,0.0,0.6,0.1,0.0,0.0,0.4,0.3,0.3,0.7,1.3333,3,0.39,0.4,0.6666666666666666,9.0,0.0,1.5,3.9000000000000004,0.0,6.666666666666666,2.0,19.066666666666666,20.07,Moderate,Provide refresher awareness training and continue behavioral monitoring,Phishing Failures
EMP0495,Executive,Director,High,1,91,10,9,1,1,0,7,2,2,0,0.2591,236.0,0.0,0.9,0.1,0.1,0.0,0.7,0.2,0.2,0.8,3.0,3,0.09,0.7,0.6666666666666666,6.0,0.0,1.5,0.8999999999999999,0.0,6.666666666666666,3.5,11.566666666666666,12.18,Low,Maintain standard awareness training and periodic phishing simulation,Privilege Exposure
EMP0496,Information Technology,IT Support Analyst,Medium,1,85,10,8,2,0,1,6,3,3,1,0.3201,191.3333,1.0,0.8,0.2,0.0,0.1,0.6,0.3,0.3,0.7,2.0,2,0.15,0.6,0.3333333333333333,9.0,2.0,3.0,1.5,10.0,3.333333333333333,3.0,25.833333333333332,27.19,Moderate,Provide refresher awareness training and continue behavioral monitoring,Targeted Attack Failures
EMP0497,Operations,Operations Analyst,Low,1,92,10,9,2,0,2,7,2,2,0,0.2338,225.8571,0.0,0.9,0.2,0.0,0.2,0.7,0.2,0.2,0.8,3.0,1,0.08,0.7,0.0,6.0,4.0,3.0,0.8,0.0,0.0,3.5,10.3,10.84,Low,Maintain standard awareness training and periodic phishing simulation,Phishing Failures
EMP0498,Legal,Legal Manager,Medium,1,79,10,7,1,0,0,6,3,3,0,0.2642,264.3333,0.0,0.7,0.1,0.0,0.0,0.6,0.3,0.3,0.7,2.0,2,0.21,0.6,0.3333333333333333,9.0,0.0,1.5,2.1,0.0,3.333333333333333,3.0,12.933333333333334,13.61,Low,Maintain standard awareness training and periodic phishing simulation,Phishing Failures
EMP0499,Marketing,Marketing Specialist,Low,1,79,10,9,1,0,1,6,1,1,0,0.2181,213.0,0.0,0.9,0.1,0.0,0.1,0.6,0.1,0.1,0.9,3.0,1,0.21,0.6,0.0,3.0,2.0,1.5,2.1,0.0,0.0,3.0,5.6,5.89,Low,Maintain standard awareness training and periodic phishing simulation,Phishing Failures
EMP0500,Information Technology,Security Analyst,Privileged,1,76,10,9,4,2,3,7,6,6,1,0.227,221.5714,1.0,0.9,0.4,0.2,0.3,0.7,0.6,0.6,0.4,1.1667,4,0.24,0.7,1.0,18.0,6.0,6.0,2.4,10.0,10.0,3.5,48.9,51.47,Critical,"Immediate security review, targeted awareness training, and follow-up phishing simulation",Phishing Failures
