event_id,employee_id,department,role,privilege_level,security_training_completed,previous_training_score,scenario_id,scenario_name,attack_type,difficulty,target_department,mitre_technique,targeted_department,failure_probability,email_opened,link_clicked,attachment_opened,credentials_submitted,email_reported,response_time_seconds,simulation_failed,remediation_training_assigned
EVT000001,EMP0001,Human Resources,HR Specialist,High,1,85,PHISH001,Microsoft 365 Password Expiration,Credential Phishing,Easy,All,T1566.002,0,0.2459,1,0,0,0,1,261,0,0
EVT000002,EMP0001,Human Resources,HR Specialist,High,1,85,PHISH002,HR Benefits Update,Malicious Attachment Simulation,Medium,All,T1566.001,0,0.3198,1,0,0,0,0,0,0,0
EVT000003,EMP0001,Human Resources,HR Specialist,High,1,85,PHISH003,CEO Urgent Payment Request,Business Email Compromise,Hard,Finance,T1566,0,0.2485,1,0,0,0,1,306,1,1
EVT000004,EMP0001,Human Resources,HR Specialist,High,1,85,PHISH004,Package Delivery Notification,Link Phishing,Easy,All,T1566.002,0,0.1099,1,0,0,0,1,391,0,0
EVT000005,EMP0001,Human Resources,HR Specialist,High,1,85,PHISH005,Shared Cloud Document,Cloud Credential Phishing,Medium,All,T1566.003,0,0.2172,1,0,0,0,1,94,0,0
EVT000006,EMP0001,Human Resources,HR Specialist,High,1,85,PHISH006,Fake MFA Verification Request,Identity Phishing,Hard,Information Technology,T1566.002,0,0.4252,1,1,0,1,1,280,1,1
EVT000007,EMP0001,Human Resources,HR Specialist,High,1,85,PHISH007,Payroll Account Verification,Credential Phishing,Medium,Human Resources,T1566.002,1,0.3007,1,1,0,1,1,390,1,1
EVT000008,EMP0001,Human Resources,HR Specialist,High,1,85,PHISH008,QR Code Security Verification,QR Phishing,Hard,All,T1566.002,0,0.2497,1,0,0,0,0,0,0,0
EVT000009,EMP0001,Human Resources,HR Specialist,High,1,85,PHISH009,Resume Attachment,Malicious Attachment Simulation,Medium,Human Resources,T1566.001,1,0.3463,1,0,1,0,0,0,1,1
EVT000010,EMP0001,Human Resources,HR Specialist,High,1,85,PHISH010,IT Helpdesk Account Verification,Credential Phishing,Hard,All,T1566.002,0,0.2898,1,0,0,0,1,375,0,0
EVT000011,EMP0002,Sales,Sales Representative,Low,1,96,PHISH001,Microsoft 365 Password Expiration,Credential Phishing,Easy,All,T1566.002,0,0.154,1,0,0,0,0,0,0,0
EVT000012,EMP0002,Sales,Sales Representative,Low,1,96,PHISH002,HR Benefits Update,Malicious Attachment Simulation,Medium,All,T1566.001,0,0.0963,1,0,0,0,0,0,0,0
EVT000013,EMP0002,Sales,Sales Representative,Low,1,96,PHISH003,CEO Urgent Payment Request,Business Email Compromise,Hard,Finance,T1566,0,0.1417,0,0,0,0,0,0,1,1
EVT000014,EMP0002,Sales,Sales Representative,Low,1,96,PHISH004,Package Delivery Notification,Link Phishing,Easy,All,T1566.002,0,0.2195,1,0,0,0,1,377,0,0
EVT000015,EMP0002,Sales,Sales Representative,Low,1,96,PHISH005,Shared Cloud Document,Cloud Credential Phishing,Medium,All,T1566.003,0,0.1392,1,0,0,0,1,183,0,0
EVT000016,EMP0002,Sales,Sales Representative,Low,1,96,PHISH006,Fake MFA Verification Request,Identity Phishing,Hard,Information Technology,T1566.002,0,0.1789,1,0,0,0,0,0,0,0
EVT000017,EMP0002,Sales,Sales Representative,Low,1,96,PHISH007,Payroll Account Verification,Credential Phishing,Medium,Human Resources,T1566.002,0,0.1599,1,0,0,0,1,396,0,0
EVT000018,EMP0002,Sales,Sales Representative,Low,1,96,PHISH008,QR Code Security Verification,QR Phishing,Hard,All,T1566.002,0,0.2473,1,0,0,0,1,45,0,0
EVT000019,EMP0002,Sales,Sales Representative,Low,1,96,PHISH009,Resume Attachment,Malicious Attachment Simulation,Medium,Human Resources,T1566.001,0,0.2439,1,0,1,0,1,94,1,1
EVT000020,EMP0002,Sales,Sales Representative,Low,1,96,PHISH010,IT Helpdesk Account Verification,Credential Phishing,Hard,All,T1566.002,0,0.2571,0,0,0,0,1,537,0,0
EVT000021,EMP0003,Human Resources,HR Manager,Medium,1,96,PHISH001,Microsoft 365 Password Expiration,Credential Phishing,Easy,All,T1566.002,0,0.0994,1,0,0,0,0,0,0,0
EVT000022,EMP0003,Human Resources,HR Manager,Medium,1,96,PHISH002,HR Benefits Update,Malicious Attachment Simulation,Medium,All,T1566.001,0,0.1228,1,0,0,0,1,234,0,0
EVT000023,EMP0003,Human Resources,HR Manager,Medium,1,96,PHISH003,CEO Urgent Payment Request,Business Email Compromise,Hard,Finance,T1566,0,0.2285,0,0,0,0,1,189,0,0
EVT000024,EMP0003,Human Resources,HR Manager,Medium,1,96,PHISH004,Package Delivery Notification,Link Phishing,Easy,All,T1566.002,0,0.1383,1,0,0,0,0,0,0,0
EVT000025,EMP0003,Human Resources,HR Manager,Medium,1,96,PHISH005,Shared Cloud Document,Cloud Credential Phishing,Medium,All,T1566.003,0,0.1657,1,0,0,0,1,192,0,0
EVT000026,EMP0003,Human Resources,HR Manager,Medium,1,96,PHISH006,Fake MFA Verification Request,Identity Phishing,Hard,Information Technology,T1566.002,0,0.1926,1,0,0,0,0,0,0,0
EVT000027,EMP0003,Human Resources,HR Manager,Medium,1,96,PHISH007,Payroll Account Verification,Credential Phishing,Medium,Human Resources,T1566.002,1,0.2204,0,0,0,0,0,0,0,0
EVT000028,EMP0003,Human Resources,HR Manager,Medium,1,96,PHISH008,QR Code Security Verification,QR Phishing,Hard,All,T1566.002,0,0.1743,1,0,0,0,1,81,0,0
EVT000029,EMP0003,Human Resources,HR Manager,Medium,1,96,PHISH009,Resume Attachment,Malicious Attachment Simulation,Medium,Human Resources,T1566.001,1,0.244,1,0,1,0,0,0,1,1
EVT000030,EMP0003,Human Resources,HR Manager,Medium,1,96,PHISH010,IT Helpdesk Account Verification,Credential Phishing,Hard,All,T1566.002,0,0.3182,1,1,0,1,0,0,1,1
EVT000031,EMP0004,Marketing,Marketing Specialist,Low,1,87,PHISH001,Microsoft 365 Password Expiration,Credential Phishing,Easy,All,T1566.002,0,0.1932,1,0,0,0,0,0,0,0
EVT000032,EMP0004,Marketing,Marketing Specialist,Low,1,87,PHISH002,HR Benefits Update,Malicious Attachment Simulation,Medium,All,T1566.001,0,0.3513,1,0,0,0,1,95,0,0
EVT000033,EMP0004,Marketing,Marketing Specialist,Low,1,87,PHISH003,CEO Urgent Payment Request,Business Email Compromise,Hard,Finance,T1566,0,0.2551,1,0,0,0,0,0,1,1
EVT000034,EMP0004,Marketing,Marketing Specialist,Low,1,87,PHISH004,Package Delivery Notification,Link Phishing,Easy,All,T1566.002,0,0.3301,1,0,0,0,1,326,0,0
EVT000035,EMP0004,Marketing,Marketing Specialist,Low,1,87,PHISH005,Shared Cloud Document,Cloud Credential Phishing,Medium,All,T1566.003,0,0.2063,1,1,0,1,0,0,1,1
EVT000036,EMP0004,Marketing,Marketing Specialist,Low,1,87,PHISH006,Fake MFA Verification Request,Identity Phishing,Hard,Information Technology,T1566.002,0,0.2564,0,0,0,0,0,0,1,1
EVT000037,EMP0004,Marketing,Marketing Specialist,Low,1,87,PHISH007,Payroll Account Verification,Credential Phishing,Medium,Human Resources,T1566.002,0,0.2215,1,0,0,0,0,0,0,0
EVT000038,EMP0004,Marketing,Marketing Specialist,Low,1,87,PHISH008,QR Code Security Verification,QR Phishing,Hard,All,T1566.002,0,0.3715,1,1,0,0,0,0,1,1
EVT000039,EMP0004,Marketing,Marketing Specialist,Low,1,87,PHISH009,Resume Attachment,Malicious Attachment Simulation,Medium,Human Resources,T1566.001,0,0.437,1,0,0,0,1,482,0,0
EVT000040,EMP0004,Marketing,Marketing Specialist,Low,1,87,PHISH010,IT Helpdesk Account Verification,Credential Phishing,Hard,All,T1566.002,0,0.2326,0,0,0,0,0,0,0,0
EVT000041,EMP0005,Human Resources,HR Specialist,Medium,1,72,PHISH001,Microsoft 365 Password Expiration,Credential Phishing,Easy,All,T1566.002,0,0.2511,0,0,0,0,0,0,1,1
EVT000042,EMP0005,Human Resources,HR Specialist,Medium,1,72,PHISH002,HR Benefits Update,Malicious Attachment Simulation,Medium,All,T1566.001,0,0.2527,1,0,0,0,1,106,0,0
EVT000043,EMP0005,Human Resources,HR Specialist,Medium,1,72,PHISH003,CEO Urgent Payment Request,Business Email Compromise,Hard,Finance,T1566,0,0.2012,1,0,0,0,0,0,0,0
EVT000044,EMP0005,Human Resources,HR Specialist,Medium,1,72,PHISH004,Package Delivery Notification,Link Phishing,Easy,All,T1566.002,0,0.2969,1,0,0,0,0,0,0,0
EVT000045,EMP0005,Human Resources,HR Specialist,Medium,1,72,PHISH005,Shared Cloud Document,Cloud Credential Phishing,Medium,All,T1566.003,0,0.24,1,0,0,0,0,0,0,0
EVT000046,EMP0005,Human Resources,HR Specialist,Medium,1,72,PHISH006,Fake MFA Verification Request,Identity Phishing,Hard,Information Technology,T1566.002,0,0.2095,0,0,0,0,0,0,0,0
EVT000047,EMP0005,Human Resources,HR Specialist,Medium,1,72,PHISH007,Payroll Account Verification,Credential Phishing,Medium,Human Resources,T1566.002,1,0.3205,1,0,0,0,1,529,0,0
EVT000048,EMP0005,Human Resources,HR Specialist,Medium,1,72,PHISH008,QR Code Security Verification,QR Phishing,Hard,All,T1566.002,0,0.2069,1,1,0,0,1,397,1,1
EVT000049,EMP0005,Human Resources,HR Specialist,Medium,1,72,PHISH009,Resume Attachment,Malicious Attachment Simulation,Medium,Human Resources,T1566.001,1,0.3163,0,0,0,0,0,0,1,1
EVT000050,EMP0005,Human Resources,HR Specialist,Medium,1,72,PHISH010,IT Helpdesk Account Verification,Credential Phishing,Hard,All,T1566.002,0,0.3025,0,0,0,0,0,0,0,0
EVT000051,EMP0006,Finance,Finance Manager,Medium,1,72,PHISH001,Microsoft 365 Password Expiration,Credential Phishing,Easy,All,T1566.002,0,0.1363,1,0,0,0,1,339,0,0
EVT000052,EMP0006,Finance,Finance Manager,Medium,1,72,PHISH002,HR Benefits Update,Malicious Attachment Simulation,Medium,All,T1566.001,0,0.2377,1,0,0,0,1,229,0,0
EVT000053,EMP0006,Finance,Finance Manager,Medium,1,72,PHISH003,CEO Urgent Payment Request,Business Email Compromise,Hard,Finance,T1566,1,0.2511,1,0,0,0,0,0,0,0
EVT000054,EMP0006,Finance,Finance Manager,Medium,1,72,PHISH004,Package Delivery Notification,Link Phishing,Easy,All,T1566.002,0,0.1822,1,0,0,0,0,0,0,0
EVT000055,EMP0006,Finance,Finance Manager,Medium,1,72,PHISH005,Shared Cloud Document,Cloud Credential Phishing,Medium,All,T1566.003,0,0.3276,0,0,0,0,1,524,0,0
EVT000056,EMP0006,Finance,Finance Manager,Medium,1,72,PHISH006,Fake MFA Verification Request,Identity Phishing,Hard,Information Technology,T1566.002,0,0.2451,1,0,0,0,0,0,0,0
EVT000057,EMP0006,Finance,Finance Manager,Medium,1,72,PHISH007,Payroll Account Verification,Credential Phishing,Medium,Human Resources,T1566.002,0,0.2208,1,0,0,0,0,0,0,0
EVT000058,EMP0006,Finance,Finance Manager,Medium,1,72,PHISH008,QR Code Security Verification,QR Phishing,Hard,All,T1566.002,0,0.3002,1,1,0,0,0,0,1,1
EVT000059,EMP0006,Finance,Finance Manager,Medium,1,72,PHISH009,Resume Attachment,Malicious Attachment Simulation,Medium,Human Resources,T1566.001,0,0.2909,1,0,1,0,0,0,1,1
EVT000060,EMP0006,Finance,Finance Manager,Medium,1,72,PHISH010,IT Helpdesk Account Verification,Credential Phishing,Hard,All,T1566.002,0,0.1529,1,0,0,0,1,144,0,0
EVT000061,EMP0007,Marketing,Marketing Specialist,Medium,1,65,PHISH001,Microsoft 365 Password Expiration,Credential Phishing,Easy,All,T1566.002,0,0.3038,1,1,0,1,0,0,1,1
EVT000062,EMP0007,Marketing,Marketing Specialist,Medium,1,65,PHISH002,HR Benefits Update,Malicious Attachment Simulation,Medium,All,T1566.001,0,0.3656,0,0,0,0,0,0,0,0
EVT000063,EMP0007,Marketing,Marketing Specialist,Medium,1,65,PHISH003,CEO Urgent Payment Request,Business Email Compromise,Hard,Finance,T1566,0,0.433,1,0,0,0,1,151,1,1
EVT000064,EMP0007,Marketing,Marketing Specialist,Medium,1,65,PHISH004,Package Delivery Notification,Link Phishing,Easy,All,T1566.002,0,0.3905,1,0,0,0,1,372,0,0
EVT000065,EMP0007,Marketing,Marketing Specialist,Medium,1,65,PHISH005,Shared Cloud Document,Cloud Credential Phishing,Medium,All,T1566.003,0,0.3842,1,0,0,0,1,84,0,0
EVT000066,EMP0007,Marketing,Marketing Specialist,Medium,1,65,PHISH006,Fake MFA Verification Request,Identity Phishing,Hard,Information Technology,T1566.002,0,0.4925,1,1,0,1,0,0,1,1
EVT000067,EMP0007,Marketing,Marketing Specialist,Medium,1,65,PHISH007,Payroll Account Verification,Credential Phishing,Medium,Human Resources,T1566.002,0,0.4221,1,1,0,1,1,288,1,1
EVT000068,EMP0007,Marketing,Marketing Specialist,Medium,1,65,PHISH008,QR Code Security Verification,QR Phishing,Hard,All,T1566.002,0,0.4216,1,0,0,0,1,101,0,0
EVT000069,EMP0007,Marketing,Marketing Specialist,Medium,1,65,PHISH009,Resume Attachment,Malicious Attachment Simulation,Medium,Human Resources,T1566.001,0,0.3638,1,0,0,0,0,0,0,0
EVT000070,EMP0007,Marketing,Marketing Specialist,Medium,1,65,PHISH010,IT Helpdesk Account Verification,Credential Phishing,Hard,All,T1566.002,0,0.3437,1,0,0,0,0,0,0,0
EVT000071,EMP0008,Operations,Operations Analyst,Low,1,81,PHISH001,Microsoft 365 Password Expiration,Credential Phishing,Easy,All,T1566.002,0,0.273,1,1,0,1,1,382,1,1
EVT000072,EMP0008,Operations,Operations Analyst,Low,1,81,PHISH002,HR Benefits Update,Malicious Attachment Simulation,Medium,All,T1566.001,0,0.2925,1,0,0,0,0,0,0,0
EVT000073,EMP0008,Operations,Operations Analyst,Low,1,81,PHISH003,CEO Urgent Payment Request,Business Email Compromise,Hard,Finance,T1566,0,0.2788,1,0,0,0,0,0,0,0
EVT000074,EMP0008,Operations,Operations Analyst,Low,1,81,PHISH004,Package Delivery Notification,Link Phishing,Easy,All,T1566.002,0,0.2876,1,0,0,0,1,207,0,0
EVT000075,EMP0008,Operations,Operations Analyst,Low,1,81,PHISH005,Shared Cloud Document,Cloud Credential Phishing,Medium,All,T1566.003,0,0.2831,1,1,0,0,1,152,1,1
EVT000076,EMP0008,Operations,Operations Analyst,Low,1,81,PHISH006,Fake MFA Verification Request,Identity Phishing,Hard,Information Technology,T1566.002,0,0.2309,1,1,0,1,0,0,1,1
EVT000077,EMP0008,Operations,Operations Analyst,Low,1,81,PHISH007,Payroll Account Verification,Credential Phishing,Medium,Human Resources,T1566.002,0,0.3122,1,0,0,0,1,308,0,0
EVT000078,EMP0008,Operations,Operations Analyst,Low,1,81,PHISH008,QR Code Security Verification,QR Phishing,Hard,All,T1566.002,0,0.2336,0,0,0,0,1,476,0,0
EVT000079,EMP0008,Operations,Operations Analyst,Low,1,81,PHISH009,Resume Attachment,Malicious Attachment Simulation,Medium,Human Resources,T1566.001,0,0.2357,0,0,0,0,0,0,0,0
EVT000080,EMP0008,Operations,Operations Analyst,Low,1,81,PHISH010,IT Helpdesk Account Verification,Credential Phishing,Hard,All,T1566.002,0,0.3644,1,0,0,0,0,0,0,0
EVT000081,EMP0009,Marketing,Digital Marketing Analyst,Medium,1,78,PHISH001,Microsoft 365 Password Expiration,Credential Phishing,Easy,All,T1566.002,0,0.3052,0,0,0,0,1,224,0,0
EVT000082,EMP0009,Marketing,Digital Marketing Analyst,Medium,1,78,PHISH002,HR Benefits Update,Malicious Attachment Simulation,Medium,All,T1566.001,0,0.2156,0,0,0,0,0,0,0,0
EVT000083,EMP0009,Marketing,Digital Marketing Analyst,Medium,1,78,PHISH003,CEO Urgent Payment Request,Business Email Compromise,Hard,Finance,T1566,0,0.2126,1,0,0,0,1,456,0,0
EVT000084,EMP0009,Marketing,Digital Marketing Analyst,Medium,1,78,PHISH004,Package Delivery Notification,Link Phishing,Easy,All,T1566.002,0,0.1676,1,0,0,0,0,0,0,0
EVT000085,EMP0009,Marketing,Digital Marketing Analyst,Medium,1,78,PHISH005,Shared Cloud Document,Cloud Credential Phishing,Medium,All,T1566.003,0,0.2436,1,1,0,1,0,0,1,1
EVT000086,EMP0009,Marketing,Digital Marketing Analyst,Medium,1,78,PHISH006,Fake MFA Verification Request,Identity Phishing,Hard,Information Technology,T1566.002,0,0.1905,1,0,0,0,1,319,0,0
EVT000087,EMP0009,Marketing,Digital Marketing Analyst,Medium,1,78,PHISH007,Payroll Account Verification,Credential Phishing,Medium,Human Resources,T1566.002,0,0.3209,1,1,0,0,1,309,1,1
EVT000088,EMP0009,Marketing,Digital Marketing Analyst,Medium,1,78,PHISH008,QR Code Security Verification,QR Phishing,Hard,All,T1566.002,0,0.3067,1,1,0,0,0,0,1,1
EVT000089,EMP0009,Marketing,Digital Marketing Analyst,Medium,1,78,PHISH009,Resume Attachment,Malicious Attachment Simulation,Medium,Human Resources,T1566.001,0,0.1625,0,0,0,0,0,0,0,0
EVT000090,EMP0009,Marketing,Digital Marketing Analyst,Medium,1,78,PHISH010,IT Helpdesk Account Verification,Credential Phishing,Hard,All,T1566.002,0,0.1649,1,0,0,0,1,266,0,0
EVT000091,EMP0010,Information Technology,IT Support Analyst,High,0,60,PHISH001,Microsoft 365 Password Expiration,Credential Phishing,Easy,All,T1566.002,0,0.5575,1,1,0,1,0,0,1,1
EVT000092,EMP0010,Information Technology,IT Support Analyst,High,0,60,PHISH002,HR Benefits Update,Malicious Attachment Simulation,Medium,All,T1566.001,0,0.5014,1,0,1,0,1,474,1,1
EVT000093,EMP0010,Information Technology,IT Support Analyst,High,0,60,PHISH003,CEO Urgent Payment Request,Business Email Compromise,Hard,Finance,T1566,0,0.5748,0,0,0,0,0,0,0,0
EVT000094,EMP0010,Information Technology,IT Support Analyst,High,0,60,PHISH004,Package Delivery Notification,Link Phishing,Easy,All,T1566.002,0,0.5599,0,0,0,0,1,174,1,1
EVT000095,EMP0010,Information Technology,IT Support Analyst,High,0,60,PHISH005,Shared Cloud Document,Cloud Credential Phishing,Medium,All,T1566.003,0,0.5277,1,0,0,0,0,0,0,0
EVT000096,EMP0010,Information Technology,IT Support Analyst,High,0,60,PHISH006,Fake MFA Verification Request,Identity Phishing,Hard,Information Technology,T1566.002,1,0.6525,1,0,0,0,0,0,0,0
EVT000097,EMP0010,Information Technology,IT Support Analyst,High,0,60,PHISH007,Payroll Account Verification,Credential Phishing,Medium,Human Resources,T1566.002,0,0.4926,1,0,0,0,0,0,0,0
EVT000098,EMP0010,Information Technology,IT Support Analyst,High,0,60,PHISH008,QR Code Security Verification,QR Phishing,Hard,All,T1566.002,0,0.6451,1,1,0,0,0,0,1,1
EVT000099,EMP0010,Information Technology,IT Support Analyst,High,0,60,PHISH009,Resume Attachment,Malicious Attachment Simulation,Medium,Human Resources,T1566.001,0,0.5219,1,0,0,0,1,397,0,0
EVT000100,EMP0010,Information Technology,IT Support Analyst,High,0,60,PHISH010,IT Helpdesk Account Verification,Credential Phishing,Hard,All,T1566.002,0,0.4011,1,0,0,0,0,0,0,0
EVT000101,EMP0011,Human Resources,HR Specialist,High,1,70,PHISH001,Microsoft 365 Password Expiration,Credential Phishing,Easy,All,T1566.002,0,0.1399,1,0,0,0,1,275,0,0
EVT000102,EMP0011,Human Resources,HR Specialist,High,1,70,PHISH002,HR Benefits Update,Malicious Attachment Simulation,Medium,All,T1566.001,0,0.1805,0,0,0,0,1,664,0,0
EVT000103,EMP0011,Human Resources,HR Specialist,High,1,70,PHISH003,CEO Urgent Payment Request,Business Email Compromise,Hard,Finance,T1566,0,0.2728,0,0,0,0,1,186,0,0
EVT000104,EMP0011,Human Resources,HR Specialist,High,1,70,PHISH004,Package Delivery Notification,Link Phishing,Easy,All,T1566.002,0,0.1644,0,0,0,0,0,0,0,0
EVT000105,EMP0011,Human Resources,HR Specialist,High,1,70,PHISH005,Shared Cloud Document,Cloud Credential Phishing,Medium,All,T1566.003,0,0.3534,1,0,0,0,1,222,0,0
EVT000106,EMP0011,Human Resources,HR Specialist,High,1,70,PHISH006,Fake MFA Verification Request,Identity Phishing,Hard,Information Technology,T1566.002,0,0.275,0,0,0,0,0,0,0,0
EVT000107,EMP0011,Human Resources,HR Specialist,High,1,70,PHISH007,Payroll Account Verification,Credential Phishing,Medium,Human Resources,T1566.002,1,0.3184,0,0,0,0,0,0,1,1
EVT000108,EMP0011,Human Resources,HR Specialist,High,1,70,PHISH008,QR Code Security Verification,QR Phishing,Hard,All,T1566.002,0,0.1863,1,0,0,0,0,0,0,0
EVT000109,EMP0011,Human Resources,HR Specialist,High,1,70,PHISH009,Resume Attachment,Malicious Attachment Simulation,Medium,Human Resources,T1566.001,1,0.2975,1,0,0,0,0,0,0,0
EVT000110,EMP0011,Human Resources,HR Specialist,High,1,70,PHISH010,IT Helpdesk Account Verification,Credential Phishing,Hard,All,T1566.002,0,0.259,0,0,0,0,0,0,0,0
EVT000111,EMP0012,Human Resources,Recruiter,High,1,74,PHISH001,Microsoft 365 Password Expiration,Credential Phishing,Easy,All,T1566.002,0,0.3413,1,0,0,0,1,326,0,0
EVT000112,EMP0012,Human Resources,Recruiter,High,1,74,PHISH002,HR Benefits Update,Malicious Attachment Simulation,Medium,All,T1566.001,0,0.4185,1,0,0,0,1,78,0,0
EVT000113,EMP0012,Human Resources,Recruiter,High,1,74,PHISH003,CEO Urgent Payment Request,Business Email Compromise,Hard,Finance,T1566,0,0.4405,0,0,0,0,1,545,1,1
EVT000114,EMP0012,Human Resources,Recruiter,High,1,74,PHISH004,Package Delivery Notification,Link Phishing,Easy,All,T1566.002,0,0.3483,1,0,0,0,0,0,0,0
EVT000115,EMP0012,Human Resources,Recruiter,High,1,74,PHISH005,Shared Cloud Document,Cloud Credential Phishing,Medium,All,T1566.003,0,0.348,1,1,0,0,0,0,1,1
EVT000116,EMP0012,Human Resources,Recruiter,High,1,74,PHISH006,Fake MFA Verification Request,Identity Phishing,Hard,Information Technology,T1566.002,0,0.3966,1,1,0,1,1,114,1,1
EVT000117,EMP0012,Human Resources,Recruiter,High,1,74,PHISH007,Payroll Account Verification,Credential Phishing,Medium,Human Resources,T1566.002,1,0.4431,0,0,0,0,0,0,1,1
EVT000118,EMP0012,Human Resources,Recruiter,High,1,74,PHISH008,QR Code Security Verification,QR Phishing,Hard,All,T1566.002,0,0.2997,1,1,0,0,1,299,1,1
EVT000119,EMP0012,Human Resources,Recruiter,High,1,74,PHISH009,Resume Attachment,Malicious Attachment Simulation,Medium,Human Resources,T1566.001,1,0.3749,1,0,1,0,0,0,1,1
EVT000120,EMP0012,Human Resources,Recruiter,High,1,74,PHISH010,IT Helpdesk Account Verification,Credential Phishing,Hard,All,T1566.002,0,0.3203,1,1,0,1,0,0,1,1
EVT000121,EMP0013,Operations,Operations Analyst,Medium,1,87,PHISH001,Microsoft 365 Password Expiration,Credential Phishing,Easy,All,T1566.002,0,0.187,0,0,0,0,1,369,0,0
EVT000122,EMP0013,Operations,Operations Analyst,Medium,1,87,PHISH002,HR Benefits Update,Malicious Attachment Simulation,Medium,All,T1566.001,0,0.1419,1,0,0,0,1,187,0,0
EVT000123,EMP0013,Operations,Operations Analyst,Medium,1,87,PHISH003,CEO Urgent Payment Request,Business Email Compromise,Hard,Finance,T1566,0,0.0585,1,0,0,0,1,369,0,0
EVT000124,EMP0013,Operations,Operations Analyst,Medium,1,87,PHISH004,Package Delivery Notification,Link Phishing,Easy,All,T1566.002,0,0.1274,1,0,0,0,1,205,0,0
EVT000125,EMP0013,Operations,Operations Analyst,Medium,1,87,PHISH005,Shared Cloud Document,Cloud Credential Phishing,Medium,All,T1566.003,0,0.1343,1,0,0,0,1,197,0,0
EVT000126,EMP0013,Operations,Operations Analyst,Medium,1,87,PHISH006,Fake MFA Verification Request,Identity Phishing,Hard,Information Technology,T1566.002,0,0.1888,1,0,0,0,1,609,0,0
EVT000127,EMP0013,Operations,Operations Analyst,Medium,1,87,PHISH007,Payroll Account Verification,Credential Phishing,Medium,Human Resources,T1566.002,0,0.2395,1,0,0,0,1,920,0,0
EVT000128,EMP0013,Operations,Operations Analyst,Medium,1,87,PHISH008,QR Code Security Verification,QR Phishing,Hard,All,T1566.002,0,0.2625,1,0,0,0,1,130,0,0
EVT000129,EMP0013,Operations,Operations Analyst,Medium,1,87,PHISH009,Resume Attachment,Malicious Attachment Simulation,Medium,Human Resources,T1566.001,0,0.1137,1,0,0,0,1,225,0,0
EVT000130,EMP0013,Operations,Operations Analyst,Medium,1,87,PHISH010,IT Helpdesk Account Verification,Credential Phishing,Hard,All,T1566.002,0,0.2043,1,0,0,0,1,149,0,0
EVT000131,EMP0014,Human Resources,Recruiter,Medium,1,63,PHISH001,Microsoft 365 Password Expiration,Credential Phishing,Easy,All,T1566.002,0,0.2504,0,0,0,0,1,131,1,1
EVT000132,EMP0014,Human Resources,Recruiter,Medium,1,63,PHISH002,HR Benefits Update,Malicious Attachment Simulation,Medium,All,T1566.001,0,0.1407,1,0,0,0,1,333,0,0
EVT000133,EMP0014,Human Resources,Recruiter,Medium,1,63,PHISH003,CEO Urgent Payment Request,Business Email Compromise,Hard,Finance,T1566,0,0.2738,1,0,0,0,0,0,1,1
EVT000134,EMP0014,Human Resources,Recruiter,Medium,1,63,PHISH004,Package Delivery Notification,Link Phishing,Easy,All,T1566.002,0,0.3437,1,0,0,0,1,148,0,0
EVT000135,EMP0014,Human Resources,Recruiter,Medium,1,63,PHISH005,Shared Cloud Document,Cloud Credential Phishing,Medium,All,T1566.003,0,0.3376,1,1,0,1,1,258,1,1
EVT000136,EMP0014,Human Resources,Recruiter,Medium,1,63,PHISH006,Fake MFA Verification Request,Identity Phishing,Hard,Information Technology,T1566.002,0,0.2491,1,0,0,0,1,1176,0,0
EVT000137,EMP0014,Human Resources,Recruiter,Medium,1,63,PHISH007,Payroll Account Verification,Credential Phishing,Medium,Human Resources,T1566.002,1,0.2717,1,1,0,1,1,154,1,1
EVT000138,EMP0014,Human Resources,Recruiter,Medium,1,63,PHISH008,QR Code Security Verification,QR Phishing,Hard,All,T1566.002,0,0.359,1,0,0,0,0,0,0,0
EVT000139,EMP0014,Human Resources,Recruiter,Medium,1,63,PHISH009,Resume Attachment,Malicious Attachment Simulation,Medium,Human Resources,T1566.001,1,0.2301,0,0,0,0,0,0,0,0
EVT000140,EMP0014,Human Resources,Recruiter,Medium,1,63,PHISH010,IT Helpdesk Account Verification,Credential Phishing,Hard,All,T1566.002,0,0.2606,1,0,0,0,0,0,0,0
EVT000141,EMP0015,Operations,Operations Manager,Medium,1,86,PHISH001,Microsoft 365 Password Expiration,Credential Phishing,Easy,All,T1566.002,0,0.2161,0,0,0,0,1,154,0,0
EVT000142,EMP0015,Operations,Operations Manager,Medium,1,86,PHISH002,HR Benefits Update,Malicious Attachment Simulation,Medium,All,T1566.001,0,0.2657,1,0,1,0,0,0,1,1
EVT000143,EMP0015,Operations,Operations Manager,Medium,1,86,PHISH003,CEO Urgent Payment Request,Business Email Compromise,Hard,Finance,T1566,0,0.2653,0,0,0,0,1,769,0,0
EVT000144,EMP0015,Operations,Operations Manager,Medium,1,86,PHISH004,Package Delivery Notification,Link Phishing,Easy,All,T1566.002,0,0.2229,1,0,0,0,1,483,0,0
EVT000145,EMP0015,Operations,Operations Manager,Medium,1,86,PHISH005,Shared Cloud Document,Cloud Credential Phishing,Medium,All,T1566.003,0,0.2441,0,0,0,0,1,605,1,1
EVT000146,EMP0015,Operations,Operations Manager,Medium,1,86,PHISH006,Fake MFA Verification Request,Identity Phishing,Hard,Information Technology,T1566.002,0,0.2965,1,0,0,0,0,0,0,0
EVT000147,EMP0015,Operations,Operations Manager,Medium,1,86,PHISH007,Payroll Account Verification,Credential Phishing,Medium,Human Resources,T1566.002,0,0.2437,1,0,0,0,1,300,0,0
EVT000148,EMP0015,Operations,Operations Manager,Medium,1,86,PHISH008,QR Code Security Verification,QR Phishing,Hard,All,T1566.002,0,0.3278,0,0,0,0,0,0,0,0
EVT000149,EMP0015,Operations,Operations Manager,Medium,1,86,PHISH009,Resume Attachment,Malicious Attachment Simulation,Medium,Human Resources,T1566.001,0,0.2204,1,0,0,0,1,132,0,0
EVT000150,EMP0015,Operations,Operations Manager,Medium,1,86,PHISH010,IT Helpdesk Account Verification,Credential Phishing,Hard,All,T1566.002,0,0.3385,1,0,0,0,0,0,0,0
EVT000151,EMP0016,Sales,Sales Manager,Low,1,80,PHISH001,Microsoft 365 Password Expiration,Credential Phishing,Easy,All,T1566.002,0,0.2529,1,0,0,0,1,123,0,0
EVT000152,EMP0016,Sales,Sales Manager,Low,1,80,PHISH002,HR Benefits Update,Malicious Attachment Simulation,Medium,All,T1566.001,0,0.332,1,0,0,0,1,397,0,0
EVT000153,EMP0016,Sales,Sales Manager,Low,1,80,PHISH003,CEO Urgent Payment Request,Business Email Compromise,Hard,Finance,T1566,0,0.2452,0,0,0,0,0,0,1,1
EVT000154,EMP0016,Sales,Sales Manager,Low,1,80,PHISH004,Package Delivery Notification,Link Phishing,Easy,All,T1566.002,0,0.2069,1,0,0,0,0,0,0,0
EVT000155,EMP0016,Sales,Sales Manager,Low,1,80,PHISH005,Shared Cloud Document,Cloud Credential Phishing,Medium,All,T1566.003,0,0.3034,1,0,0,0,1,112,0,0
EVT000156,EMP0016,Sales,Sales Manager,Low,1,80,PHISH006,Fake MFA Verification Request,Identity Phishing,Hard,Information Technology,T1566.002,0,0.3936,1,0,0,0,1,315,0,0
EVT000157,EMP0016,Sales,Sales Manager,Low,1,80,PHISH007,Payroll Account Verification,Credential Phishing,Medium,Human Resources,T1566.002,0,0.3945,1,0,0,0,0,0,0,0
EVT000158,EMP0016,Sales,Sales Manager,Low,1,80,PHISH008,QR Code Security Verification,QR Phishing,Hard,All,T1566.002,0,0.3773,1,0,0,0,1,228,0,0
EVT000159,EMP0016,Sales,Sales Manager,Low,1,80,PHISH009,Resume Attachment,Malicious Attachment Simulation,Medium,Human Resources,T1566.001,0,0.3573,1,0,0,0,1,420,0,0
EVT000160,EMP0016,Sales,Sales Manager,Low,1,80,PHISH010,IT Helpdesk Account Verification,Credential Phishing,Hard,All,T1566.002,0,0.2567,1,1,0,1,0,0,1,1
EVT000161,EMP0017,Finance,Finance Manager,Medium,1,60,PHISH001,Microsoft 365 Password Expiration,Credential Phishing,Easy,All,T1566.002,0,0.3514,1,1,0,1,1,112,1,1
EVT000162,EMP0017,Finance,Finance Manager,Medium,1,60,PHISH002,HR Benefits Update,Malicious Attachment Simulation,Medium,All,T1566.001,0,0.3098,1,0,1,0,0,0,1,1
EVT000163,EMP0017,Finance,Finance Manager,Medium,1,60,PHISH003,CEO Urgent Payment Request,Business Email Compromise,Hard,Finance,T1566,1,0.3924,1,0,0,0,1,336,0,0
EVT000164,EMP0017,Finance,Finance Manager,Medium,1,60,PHISH004,Package Delivery Notification,Link Phishing,Easy,All,T1566.002,0,0.2652,1,0,0,0,1,301,0,0
EVT000165,EMP0017,Finance,Finance Manager,Medium,1,60,PHISH005,Shared Cloud Document,Cloud Credential Phishing,Medium,All,T1566.003,0,0.4856,1,1,0,1,0,0,1,1
EVT000166,EMP0017,Finance,Finance Manager,Medium,1,60,PHISH006,Fake MFA Verification Request,Identity Phishing,Hard,Information Technology,T1566.002,0,0.3348,1,1,0,1,0,0,1,1
EVT000167,EMP0017,Finance,Finance Manager,Medium,1,60,PHISH007,Payroll Account Verification,Credential Phishing,Medium,Human Resources,T1566.002,0,0.2834,1,0,0,0,0,0,0,0
EVT000168,EMP0017,Finance,Finance Manager,Medium,1,60,PHISH008,QR Code Security Verification,QR Phishing,Hard,All,T1566.002,0,0.3476,1,0,0,0,0,0,0,0
EVT000169,EMP0017,Finance,Finance Manager,Medium,1,60,PHISH009,Resume Attachment,Malicious Attachment Simulation,Medium,Human Resources,T1566.001,0,0.3156,0,0,0,0,1,177,0,0
EVT000170,EMP0017,Finance,Finance Manager,Medium,1,60,PHISH010,IT Helpdesk Account Verification,Credential Phishing,Hard,All,T1566.002,0,0.3862,1,0,0,0,1,99,0,0
EVT000171,EMP0018,Operations,Operations Analyst,Low,1,69,PHISH001,Microsoft 365 Password Expiration,Credential Phishing,Easy,All,T1566.002,0,0.4228,1,1,0,1,0,0,1,1
EVT000172,EMP0018,Operations,Operations Analyst,Low,1,69,PHISH002,HR Benefits Update,Malicious Attachment Simulation,Medium,All,T1566.001,0,0.32,1,0,0,0,1,296,0,0
EVT000173,EMP0018,Operations,Operations Analyst,Low,1,69,PHISH003,CEO Urgent Payment Request,Business Email Compromise,Hard,Finance,T1566,0,0.4178,0,0,0,0,1,125,0,0
EVT000174,EMP0018,Operations,Operations Analyst,Low,1,69,PHISH004,Package Delivery Notification,Link Phishing,Easy,All,T1566.002,0,0.2942,0,0,0,0,1,320,1,1
EVT000175,EMP0018,Operations,Operations Analyst,Low,1,69,PHISH005,Shared Cloud Document,Cloud Credential Phishing,Medium,All,T1566.003,0,0.2638,1,0,0,0,1,638,0,0
EVT000176,EMP0018,Operations,Operations Analyst,Low,1,69,PHISH006,Fake MFA Verification Request,Identity Phishing,Hard,Information Technology,T1566.002,0,0.3218,1,0,0,0,0,0,0,0
EVT000177,EMP0018,Operations,Operations Analyst,Low,1,69,PHISH007,Payroll Account Verification,Credential Phishing,Medium,Human Resources,T1566.002,0,0.2745,1,0,0,0,1,251,0,0
EVT000178,EMP0018,Operations,Operations Analyst,Low,1,69,PHISH008,QR Code Security Verification,QR Phishing,Hard,All,T1566.002,0,0.3682,1,0,0,0,0,0,0,0
EVT000179,EMP0018,Operations,Operations Analyst,Low,1,69,PHISH009,Resume Attachment,Malicious Attachment Simulation,Medium,Human Resources,T1566.001,0,0.4273,1,0,0,0,1,217,0,0
EVT000180,EMP0018,Operations,Operations Analyst,Low,1,69,PHISH010,IT Helpdesk Account Verification,Credential Phishing,Hard,All,T1566.002,0,0.3875,1,0,0,0,1,79,0,0
EVT000181,EMP0019,Human Resources,Recruiter,High,1,81,PHISH001,Microsoft 365 Password Expiration,Credential Phishing,Easy,All,T1566.002,0,0.1696,1,0,0,0,0,0,0,0
EVT000182,EMP0019,Human Resources,Recruiter,High,1,81,PHISH002,HR Benefits Update,Malicious Attachment Simulation,Medium,All,T1566.001,0,0.1803,1,0,0,0,0,0,0,0
EVT000183,EMP0019,Human Resources,Recruiter,High,1,81,PHISH003,CEO Urgent Payment Request,Business Email Compromise,Hard,Finance,T1566,0,0.1274,1,0,0,0,1,258,0,0
EVT000184,EMP0019,Human Resources,Recruiter,High,1,81,PHISH004,Package Delivery Notification,Link Phishing,Easy,All,T1566.002,0,0.235,1,0,0,0,1,201,0,0
EVT000185,EMP0019,Human Resources,Recruiter,High,1,81,PHISH005,Shared Cloud Document,Cloud Credential Phishing,Medium,All,T1566.003,0,0.2295,1,0,0,0,1,302,0,0
EVT000186,EMP0019,Human Resources,Recruiter,High,1,81,PHISH006,Fake MFA Verification Request,Identity Phishing,Hard,Information Technology,T1566.002,0,0.1375,1,1,0,1,1,127,1,1
EVT000187,EMP0019,Human Resources,Recruiter,High,1,81,PHISH007,Payroll Account Verification,Credential Phishing,Medium,Human Resources,T1566.002,1,0.165,1,0,0,0,0,0,0,0
EVT000188,EMP0019,Human Resources,Recruiter,High,1,81,PHISH008,QR Code Security Verification,QR Phishing,Hard,All,T1566.002,0,0.3159,1,0,0,0,1,184,0,0
EVT000189,EMP0019,Human Resources,Recruiter,High,1,81,PHISH009,Resume Attachment,Malicious Attachment Simulation,Medium,Human Resources,T1566.001,1,0.2215,1,0,0,0,1,238,0,0
EVT000190,EMP0019,Human Resources,Recruiter,High,1,81,PHISH010,IT Helpdesk Account Verification,Credential Phishing,Hard,All,T1566.002,0,0.1649,1,1,0,1,0,0,1,1
EVT000191,EMP0020,Executive,Chief Officer,Privileged,1,73,PHISH001,Microsoft 365 Password Expiration,Credential Phishing,Easy,All,T1566.002,0,0.1949,1,0,0,0,0,0,0,0
EVT000192,EMP0020,Executive,Chief Officer,Privileged,1,73,PHISH002,HR Benefits Update,Malicious Attachment Simulation,Medium,All,T1566.001,0,0.2694,1,0,0,0,1,100,0,0
EVT000193,EMP0020,Executive,Chief Officer,Privileged,1,73,PHISH003,CEO Urgent Payment Request,Business Email Compromise,Hard,Finance,T1566,0,0.2974,0,0,0,0,0,0,0,0
EVT000194,EMP0020,Executive,Chief Officer,Privileged,1,73,PHISH004,Package Delivery Notification,Link Phishing,Easy,All,T1566.002,0,0.3345,0,0,0,0,1,423,0,0
EVT000195,EMP0020,Executive,Chief Officer,Privileged,1,73,PHISH005,Shared Cloud Document,Cloud Credential Phishing,Medium,All,T1566.003,0,0.2143,0,0,0,0,1,213,0,0
EVT000196,EMP0020,Executive,Chief Officer,Privileged,1,73,PHISH006,Fake MFA Verification Request,Identity Phishing,Hard,Information Technology,T1566.002,0,0.3317,1,1,0,0,1,250,1,1
EVT000197,EMP0020,Executive,Chief Officer,Privileged,1,73,PHISH007,Payroll Account Verification,Credential Phishing,Medium,Human Resources,T1566.002,0,0.2361,0,0,0,0,0,0,0,0
EVT000198,EMP0020,Executive,Chief Officer,Privileged,1,73,PHISH008,QR Code Security Verification,QR Phishing,Hard,All,T1566.002,0,0.3791,0,0,0,0,0,0,0,0
EVT000199,EMP0020,Executive,Chief Officer,Privileged,1,73,PHISH009,Resume Attachment,Malicious Attachment Simulation,Medium,Human Resources,T1566.001,0,0.3672,1,0,1,0,1,162,1,1
EVT000200,EMP0020,Executive,Chief Officer,Privileged,1,73,PHISH010,IT Helpdesk Account Verification,Credential Phishing,Hard,All,T1566.002,0,0.2484,1,0,0,0,1,476,0,0
EVT000201,EMP0021,Information Technology,System Administrator,High,1,90,PHISH001,Microsoft 365 Password Expiration,Credential Phishing,Easy,All,T1566.002,0,0.3024,1,0,0,0,0,0,0,0
EVT000202,EMP0021,Information Technology,System Administrator,High,1,90,PHISH002,HR Benefits Update,Malicious Attachment Simulation,Medium,All,T1566.001,0,0.2146,0,0,0,0,1,314,1,1
EVT000203,EMP0021,Information Technology,System Administrator,High,1,90,PHISH003,CEO Urgent Payment Request,Business Email Compromise,Hard,Finance,T1566,0,0.318,1,0,0,0,0,0,0,0
EVT000204,EMP0021,Information Technology,System Administrator,High,1,90,PHISH004,Package Delivery Notification,Link Phishing,Easy,All,T1566.002,0,0.367,1,1,0,0,1,879,1,1
EVT000205,EMP0021,Information Technology,System Administrator,High,1,90,PHISH005,Shared Cloud Document,Cloud Credential Phishing,Medium,All,T1566.003,0,0.2863,0,0,0,0,0,0,0,0
EVT000206,EMP0021,Information Technology,System Administrator,High,1,90,PHISH006,Fake MFA Verification Request,Identity Phishing,Hard,Information Technology,T1566.002,1,0.2772,1,0,0,0,1,77,0,0
EVT000207,EMP0021,Information Technology,System Administrator,High,1,90,PHISH007,Payroll Account Verification,Credential Phishing,Medium,Human Resources,T1566.002,0,0.2224,1,0,0,0,1,127,0,0
EVT000208,EMP0021,Information Technology,System Administrator,High,1,90,PHISH008,QR Code Security Verification,QR Phishing,Hard,All,T1566.002,0,0.202,1,0,0,0,0,0,0,0
EVT000209,EMP0021,Information Technology,System Administrator,High,1,90,PHISH009,Resume Attachment,Malicious Attachment Simulation,Medium,Human Resources,T1566.001,0,0.2406,1,0,0,0,1,885,0,0
EVT000210,EMP0021,Information Technology,System Administrator,High,1,90,PHISH010,IT Helpdesk Account Verification,Credential Phishing,Hard,All,T1566.002,0,0.2732,0,0,0,0,1,244,1,1
EVT000211,EMP0022,Sales,Sales Manager,Medium,0,89,PHISH001,Microsoft 365 Password Expiration,Credential Phishing,Easy,All,T1566.002,0,0.3448,1,1,0,1,1,966,1,1
EVT000212,EMP0022,Sales,Sales Manager,Medium,0,89,PHISH002,HR Benefits Update,Malicious Attachment Simulation,Medium,All,T1566.001,0,0.2942,0,0,0,0,0,0,1,1
EVT000213,EMP0022,Sales,Sales Manager,Medium,0,89,PHISH003,CEO Urgent Payment Request,Business Email Compromise,Hard,Finance,T1566,0,0.4213,0,0,0,0,1,519,0,0
EVT000214,EMP0022,Sales,Sales Manager,Medium,0,89,PHISH004,Package Delivery Notification,Link Phishing,Easy,All,T1566.002,0,0.3057,1,0,0,0,0,0,0,0
EVT000215,EMP0022,Sales,Sales Manager,Medium,0,89,PHISH005,Shared Cloud Document,Cloud Credential Phishing,Medium,All,T1566.003,0,0.3026,1,0,0,0,0,0,0,0
EVT000216,EMP0022,Sales,Sales Manager,Medium,0,89,PHISH006,Fake MFA Verification Request,Identity Phishing,Hard,Information Technology,T1566.002,0,0.3027,0,0,0,0,1,306,1,1
EVT000217,EMP0022,Sales,Sales Manager,Medium,0,89,PHISH007,Payroll Account Verification,Credential Phishing,Medium,Human Resources,T1566.002,0,0.4049,1,0,0,0,1,96,0,0
EVT000218,EMP0022,Sales,Sales Manager,Medium,0,89,PHISH008,QR Code Security Verification,QR Phishing,Hard,All,T1566.002,0,0.3111,1,0,0,0,1,335,0,0
EVT000219,EMP0022,Sales,Sales Manager,Medium,0,89,PHISH009,Resume Attachment,Malicious Attachment Simulation,Medium,Human Resources,T1566.001,0,0.2863,0,0,0,0,0,0,1,1
EVT000220,EMP0022,Sales,Sales Manager,Medium,0,89,PHISH010,IT Helpdesk Account Verification,Credential Phishing,Hard,All,T1566.002,0,0.5015,1,0,0,0,0,0,0,0
EVT000221,EMP0023,Human Resources,HR Manager,Medium,0,81,PHISH001,Microsoft 365 Password Expiration,Credential Phishing,Easy,All,T1566.002,0,0.2007,1,0,0,0,0,0,0,0
EVT000222,EMP0023,Human Resources,HR Manager,Medium,0,81,PHISH002,HR Benefits Update,Malicious Attachment Simulation,Medium,All,T1566.001,0,0.3318,0,0,0,0,0,0,0,0
EVT000223,EMP0023,Human Resources,HR Manager,Medium,0,81,PHISH003,CEO Urgent Payment Request,Business Email Compromise,Hard,Finance,T1566,0,0.3517,1,0,0,0,0,0,0,0
EVT000224,EMP0023,Human Resources,HR Manager,Medium,0,81,PHISH004,Package Delivery Notification,Link Phishing,Easy,All,T1566.002,0,0.363,0,0,0,0,0,0,1,1
EVT000225,EMP0023,Human Resources,HR Manager,Medium,0,81,PHISH005,Shared Cloud Document,Cloud Credential Phishing,Medium,All,T1566.003,0,0.2943,1,0,0,0,0,0,0,0
EVT000226,EMP0023,Human Resources,HR Manager,Medium,0,81,PHISH006,Fake MFA Verification Request,Identity Phishing,Hard,Information Technology,T1566.002,0,0.2665,1,0,0,0,1,361,0,0
EVT000227,EMP0023,Human Resources,HR Manager,Medium,0,81,PHISH007,Payroll Account Verification,Credential Phishing,Medium,Human Resources,T1566.002,1,0.2922,1,0,0,0,1,326,0,0
EVT000228,EMP0023,Human Resources,HR Manager,Medium,0,81,PHISH008,QR Code Security Verification,QR Phishing,Hard,All,T1566.002,0,0.4563,1,0,0,0,0,0,0,0
EVT000229,EMP0023,Human Resources,HR Manager,Medium,0,81,PHISH009,Resume Attachment,Malicious Attachment Simulation,Medium,Human Resources,T1566.001,1,0.4238,1,0,1,0,0,0,1,1
EVT000230,EMP0023,Human Resources,HR Manager,Medium,0,81,PHISH010,IT Helpdesk Account Verification,Credential Phishing,Hard,All,T1566.002,0,0.3244,0,0,0,0,0,0,1,1
EVT000231,EMP0024,Sales,Sales Representative,Medium,0,89,PHISH001,Microsoft 365 Password Expiration,Credential Phishing,Easy,All,T1566.002,0,0.2624,1,0,0,0,0,0,0,0
EVT000232,EMP0024,Sales,Sales Representative,Medium,0,89,PHISH002,HR Benefits Update,Malicious Attachment Simulation,Medium,All,T1566.001,0,0.3634,0,0,0,0,0,0,1,1
EVT000233,EMP0024,Sales,Sales Representative,Medium,0,89,PHISH003,CEO Urgent Payment Request,Business Email Compromise,Hard,Finance,T1566,0,0.2178,1,0,0,0,1,566,0,0
EVT000234,EMP0024,Sales,Sales Representative,Medium,0,89,PHISH004,Package Delivery Notification,Link Phishing,Easy,All,T1566.002,0,0.2952,1,0,0,0,1,105,0,0
EVT000235,EMP0024,Sales,Sales Representative,Medium,0,89,PHISH005,Shared Cloud Document,Cloud Credential Phishing,Medium,All,T1566.003,0,0.2935,1,0,0,0,1,256,0,0
EVT000236,EMP0024,Sales,Sales Representative,Medium,0,89,PHISH006,Fake MFA Verification Request,Identity Phishing,Hard,Information Technology,T1566.002,0,0.2703,1,0,0,0,0,0,0,0
EVT000237,EMP0024,Sales,Sales Representative,Medium,0,89,PHISH007,Payroll Account Verification,Credential Phishing,Medium,Human Resources,T1566.002,0,0.2858,1,0,0,0,0,0,0,0
EVT000238,EMP0024,Sales,Sales Representative,Medium,0,89,PHISH008,QR Code Security Verification,QR Phishing,Hard,All,T1566.002,0,0.2454,1,0,0,0,0,0,0,0
EVT000239,EMP0024,Sales,Sales Representative,Medium,0,89,PHISH009,Resume Attachment,Malicious Attachment Simulation,Medium,Human Resources,T1566.001,0,0.3631,1,0,1,0,1,195,1,1
EVT000240,EMP0024,Sales,Sales Representative,Medium,0,89,PHISH010,IT Helpdesk Account Verification,Credential Phishing,Hard,All,T1566.002,0,0.2341,1,0,0,0,0,0,0,0
EVT000241,EMP0025,Marketing,Digital Marketing Analyst,Low,1,87,PHISH001,Microsoft 365 Password Expiration,Credential Phishing,Easy,All,T1566.002,0,0.3189,1,0,0,0,0,0,0,0
EVT000242,EMP0025,Marketing,Digital Marketing Analyst,Low,1,87,PHISH002,HR Benefits Update,Malicious Attachment Simulation,Medium,All,T1566.001,0,0.2939,1,0,0,0,1,468,0,0
EVT000243,EMP0025,Marketing,Digital Marketing Analyst,Low,1,87,PHISH003,CEO Urgent Payment Request,Business Email Compromise,Hard,Finance,T1566,0,0.3547,1,0,0,0,1,147,0,0
EVT000244,EMP0025,Marketing,Digital Marketing Analyst,Low,1,87,PHISH004,Package Delivery Notification,Link Phishing,Easy,All,T1566.002,0,0.4233,1,1,0,0,1,85,1,1
EVT000245,EMP0025,Marketing,Digital Marketing Analyst,Low,1,87,PHISH005,Shared Cloud Document,Cloud Credential Phishing,Medium,All,T1566.003,0,0.3541,1,0,0,0,1,168,0,0
EVT000246,EMP0025,Marketing,Digital Marketing Analyst,Low,1,87,PHISH006,Fake MFA Verification Request,Identity Phishing,Hard,Information Technology,T1566.002,0,0.1748,1,0,0,0,0,0,0,0
EVT000247,EMP0025,Marketing,Digital Marketing Analyst,Low,1,87,PHISH007,Payroll Account Verification,Credential Phishing,Medium,Human Resources,T1566.002,0,0.3376,1,1,0,1,1,295,1,1
EVT000248,EMP0025,Marketing,Digital Marketing Analyst,Low,1,87,PHISH008,QR Code Security Verification,QR Phishing,Hard,All,T1566.002,0,0.4744,1,0,0,0,1,218,0,0
EVT000249,EMP0025,Marketing,Digital Marketing Analyst,Low,1,87,PHISH009,Resume Attachment,Malicious Attachment Simulation,Medium,Human Resources,T1566.001,0,0.3378,1,0,1,0,1,65,1,1
EVT000250,EMP0025,Marketing,Digital Marketing Analyst,Low,1,87,PHISH010,IT Helpdesk Account Verification,Credential Phishing,Hard,All,T1566.002,0,0.3145,1,1,0,0,0,0,1,1
EVT000251,EMP0026,Legal,Legal Assistant,Medium,1,94,PHISH001,Microsoft 365 Password Expiration,Credential Phishing,Easy,All,T1566.002,0,0.1137,1,1,0,0,1,169,1,1
EVT000252,EMP0026,Legal,Legal Assistant,Medium,1,94,PHISH002,HR Benefits Update,Malicious Attachment Simulation,Medium,All,T1566.001,0,0.2571,1,0,0,0,0,0,0,0
EVT000253,EMP0026,Legal,Legal Assistant,Medium,1,94,PHISH003,CEO Urgent Payment Request,Business Email Compromise,Hard,Finance,T1566,0,0.1873,1,0,0,0,1,237,0,0
EVT000254,EMP0026,Legal,Legal Assistant,Medium,1,94,PHISH004,Package Delivery Notification,Link Phishing,Easy,All,T1566.002,0,0.2128,1,0,0,0,0,0,0,0
EVT000255,EMP0026,Legal,Legal Assistant,Medium,1,94,PHISH005,Shared Cloud Document,Cloud Credential Phishing,Medium,All,T1566.003,0,0.265,1,1,0,1,1,249,1,1
EVT000256,EMP0026,Legal,Legal Assistant,Medium,1,94,PHISH006,Fake MFA Verification Request,Identity Phishing,Hard,Information Technology,T1566.002,0,0.1416,1,0,0,0,1,285,0,0
EVT000257,EMP0026,Legal,Legal Assistant,Medium,1,94,PHISH007,Payroll Account Verification,Credential Phishing,Medium,Human Resources,T1566.002,0,0.193,1,0,0,0,0,0,0,0
EVT000258,EMP0026,Legal,Legal Assistant,Medium,1,94,PHISH008,QR Code Security Verification,QR Phishing,Hard,All,T1566.002,0,0.2386,0,0,0,0,0,0,1,1
EVT000259,EMP0026,Legal,Legal Assistant,Medium,1,94,PHISH009,Resume Attachment,Malicious Attachment Simulation,Medium,Human Resources,T1566.001,0,0.0982,1,0,0,0,1,310,0,0
EVT000260,EMP0026,Legal,Legal Assistant,Medium,1,94,PHISH010,IT Helpdesk Account Verification,Credential Phishing,Hard,All,T1566.002,0,0.1504,1,0,0,0,0,0,0,0
EVT000261,EMP0027,Finance,Accountant,High,1,82,PHISH001,Microsoft 365 Password Expiration,Credential Phishing,Easy,All,T1566.002,0,0.03,0,0,0,0,1,128,0,0
EVT000262,EMP0027,Finance,Accountant,High,1,82,PHISH002,HR Benefits Update,Malicious Attachment Simulation,Medium,All,T1566.001,0,0.1551,1,0,0,0,1,414,0,0
EVT000263,EMP0027,Finance,Accountant,High,1,82,PHISH003,CEO Urgent Payment Request,Business Email Compromise,Hard,Finance,T1566,1,0.1312,0,0,0,0,1,157,0,0
EVT000264,EMP0027,Finance,Accountant,High,1,82,PHISH004,Package Delivery Notification,Link Phishing,Easy,All,T1566.002,0,0.2377,1,0,0,0,0,0,0,0
EVT000265,EMP0027,Finance,Accountant,High,1,82,PHISH005,Shared Cloud Document,Cloud Credential Phishing,Medium,All,T1566.003,0,0.2369,1,0,0,0,1,218,0,0
EVT000266,EMP0027,Finance,Accountant,High,1,82,PHISH006,Fake MFA Verification Request,Identity Phishing,Hard,Information Technology,T1566.002,0,0.2245,0,0,0,0,1,57,0,0
EVT000267,EMP0027,Finance,Accountant,High,1,82,PHISH007,Payroll Account Verification,Credential Phishing,Medium,Human Resources,T1566.002,0,0.1632,1,0,0,0,1,101,0,0
EVT000268,EMP0027,Finance,Accountant,High,1,82,PHISH008,QR Code Security Verification,QR Phishing,Hard,All,T1566.002,0,0.2338,1,0,0,0,0,0,0,0
EVT000269,EMP0027,Finance,Accountant,High,1,82,PHISH009,Resume Attachment,Malicious Attachment Simulation,Medium,Human Resources,T1566.001,0,0.0658,1,0,0,0,1,188,0,0
EVT000270,EMP0027,Finance,Accountant,High,1,82,PHISH010,IT Helpdesk Account Verification,Credential Phishing,Hard,All,T1566.002,0,0.2189,1,0,0,0,0,0,0,0
EVT000271,EMP0028,Operations,Operations Analyst,Low,1,96,PHISH001,Microsoft 365 Password Expiration,Credential Phishing,Easy,All,T1566.002,0,0.0991,1,0,0,0,0,0,0,0
EVT000272,EMP0028,Operations,Operations Analyst,Low,1,96,PHISH002,HR Benefits Update,Malicious Attachment Simulation,Medium,All,T1566.001,0,0.1856,1,0,0,0,0,0,0,0
EVT000273,EMP0028,Operations,Operations Analyst,Low,1,96,PHISH003,CEO Urgent Payment Request,Business Email Compromise,Hard,Finance,T1566,0,0.1936,1,0,0,0,1,482,0,0
EVT000274,EMP0028,Operations,Operations Analyst,Low,1,96,PHISH004,Package Delivery Notification,Link Phishing,Easy,All,T1566.002,0,0.1576,0,0,0,0,1,216,0,0
EVT000275,EMP0028,Operations,Operations Analyst,Low,1,96,PHISH005,Shared Cloud Document,Cloud Credential Phishing,Medium,All,T1566.003,0,0.159,1,0,0,0,1,118,0,0
EVT000276,EMP0028,Operations,Operations Analyst,Low,1,96,PHISH006,Fake MFA Verification Request,Identity Phishing,Hard,Information Technology,T1566.002,0,0.2219,1,0,0,0,1,272,0,0
EVT000277,EMP0028,Operations,Operations Analyst,Low,1,96,PHISH007,Payroll Account Verification,Credential Phishing,Medium,Human Resources,T1566.002,0,0.1096,1,1,0,0,1,282,1,1
EVT000278,EMP0028,Operations,Operations Analyst,Low,1,96,PHISH008,QR Code Security Verification,QR Phishing,Hard,All,T1566.002,0,0.1935,0,0,0,0,1,149,0,0
EVT000279,EMP0028,Operations,Operations Analyst,Low,1,96,PHISH009,Resume Attachment,Malicious Attachment Simulation,Medium,Human Resources,T1566.001,0,0.2241,1,0,0,0,1,298,0,0
EVT000280,EMP0028,Operations,Operations Analyst,Low,1,96,PHISH010,IT Helpdesk Account Verification,Credential Phishing,Hard,All,T1566.002,0,0.2297,1,0,0,0,0,0,0,0
EVT000281,EMP0029,Legal,Legal Assistant,High,1,79,PHISH001,Microsoft 365 Password Expiration,Credential Phishing,Easy,All,T1566.002,0,0.3339,1,1,0,1,0,0,1,1
EVT000282,EMP0029,Legal,Legal Assistant,High,1,79,PHISH002,HR Benefits Update,Malicious Attachment Simulation,Medium,All,T1566.001,0,0.3438,1,0,1,0,0,0,1,1
EVT000283,EMP0029,Legal,Legal Assistant,High,1,79,PHISH003,CEO Urgent Payment Request,Business Email Compromise,Hard,Finance,T1566,0,0.3504,1,0,0,0,0,0,0,0
EVT000284,EMP0029,Legal,Legal Assistant,High,1,79,PHISH004,Package Delivery Notification,Link Phishing,Easy,All,T1566.002,0,0.2649,1,0,0,0,1,414,0,0
EVT000285,EMP0029,Legal,Legal Assistant,High,1,79,PHISH005,Shared Cloud Document,Cloud Credential Phishing,Medium,All,T1566.003,0,0.3193,1,0,0,0,1,202,0,0
EVT000286,EMP0029,Legal,Legal Assistant,High,1,79,PHISH006,Fake MFA Verification Request,Identity Phishing,Hard,Information Technology,T1566.002,0,0.2926,1,0,0,0,1,102,0,0
EVT000287,EMP0029,Legal,Legal Assistant,High,1,79,PHISH007,Payroll Account Verification,Credential Phishing,Medium,Human Resources,T1566.002,0,0.1815,1,0,0,0,1,150,0,0
EVT000288,EMP0029,Legal,Legal Assistant,High,1,79,PHISH008,QR Code Security Verification,QR Phishing,Hard,All,T1566.002,0,0.2157,1,0,0,0,0,0,0,0
EVT000289,EMP0029,Legal,Legal Assistant,High,1,79,PHISH009,Resume Attachment,Malicious Attachment Simulation,Medium,Human Resources,T1566.001,0,0.3555,1,0,0,0,0,0,0,0
EVT000290,EMP0029,Legal,Legal Assistant,High,1,79,PHISH010,IT Helpdesk Account Verification,Credential Phishing,Hard,All,T1566.002,0,0.3821,1,0,0,0,1,110,0,0
EVT000291,EMP0030,Marketing,Marketing Manager,Medium,1,74,PHISH001,Microsoft 365 Password Expiration,Credential Phishing,Easy,All,T1566.002,0,0.2645,1,0,0,0,0,0,0,0
EVT000292,EMP0030,Marketing,Marketing Manager,Medium,1,74,PHISH002,HR Benefits Update,Malicious Attachment Simulation,Medium,All,T1566.001,0,0.0733,1,0,0,0,0,0,0,0
EVT000293,EMP0030,Marketing,Marketing Manager,Medium,1,74,PHISH003,CEO Urgent Payment Request,Business Email Compromise,Hard,Finance,T1566,0,0.1851,1,0,0,0,0,0,0,0
EVT000294,EMP0030,Marketing,Marketing Manager,Medium,1,74,PHISH004,Package Delivery Notification,Link Phishing,Easy,All,T1566.002,0,0.2138,1,0,0,0,1,131,0,0
EVT000295,EMP0030,Marketing,Marketing Manager,Medium,1,74,PHISH005,Shared Cloud Document,Cloud Credential Phishing,Medium,All,T1566.003,0,0.1362,1,0,0,0,0,0,0,0
EVT000296,EMP0030,Marketing,Marketing Manager,Medium,1,74,PHISH006,Fake MFA Verification Request,Identity Phishing,Hard,Information Technology,T1566.002,0,0.2504,1,0,0,0,1,86,0,0
EVT000297,EMP0030,Marketing,Marketing Manager,Medium,1,74,PHISH007,Payroll Account Verification,Credential Phishing,Medium,Human Resources,T1566.002,0,0.1822,1,0,0,0,1,201,0,0
EVT000298,EMP0030,Marketing,Marketing Manager,Medium,1,74,PHISH008,QR Code Security Verification,QR Phishing,Hard,All,T1566.002,0,0.1692,1,0,0,0,0,0,0,0
EVT000299,EMP0030,Marketing,Marketing Manager,Medium,1,74,PHISH009,Resume Attachment,Malicious Attachment Simulation,Medium,Human Resources,T1566.001,0,0.2195,1,0,0,0,0,0,0,0
EVT000300,EMP0030,Marketing,Marketing Manager,Medium,1,74,PHISH010,IT Helpdesk Account Verification,Credential Phishing,Hard,All,T1566.002,0,0.2078,1,0,0,0,0,0,0,0
EVT000301,EMP0031,Information Technology,System Administrator,Medium,1,95,PHISH001,Microsoft 365 Password Expiration,Credential Phishing,Easy,All,T1566.002,0,0.1403,1,0,0,0,1,281,0,0
EVT000302,EMP0031,Information Technology,System Administrator,Medium,1,95,PHISH002,HR Benefits Update,Malicious Attachment Simulation,Medium,All,T1566.001,0,0.0877,1,0,0,0,0,0,0,0
EVT000303,EMP0031,Information Technology,System Administrator,Medium,1,95,PHISH003,CEO Urgent Payment Request,Business Email Compromise,Hard,Finance,T1566,0,0.1383,1,0,0,0,1,134,0,0
EVT000304,EMP0031,Information Technology,System Administrator,Medium,1,95,PHISH004,Package Delivery Notification,Link Phishing,Easy,All,T1566.002,0,0.2986,1,0,0,0,0,0,0,0
EVT000305,EMP0031,Information Technology,System Administrator,Medium,1,95,PHISH005,Shared Cloud Document,Cloud Credential Phishing,Medium,All,T1566.003,0,0.1536,1,1,0,1,0,0,1,1
EVT000306,EMP0031,Information Technology,System Administrator,Medium,1,95,PHISH006,Fake MFA Verification Request,Identity Phishing,Hard,Information Technology,T1566.002,1,0.2721,1,0,0,0,1,209,0,0
EVT000307,EMP0031,Information Technology,System Administrator,Medium,1,95,PHISH007,Payroll Account Verification,Credential Phishing,Medium,Human Resources,T1566.002,0,0.3246,1,0,0,0,0,0,0,0
EVT000308,EMP0031,Information Technology,System Administrator,Medium,1,95,PHISH008,QR Code Security Verification,QR Phishing,Hard,All,T1566.002,0,0.0987,1,0,0,0,0,0,0,0
EVT000309,EMP0031,Information Technology,System Administrator,Medium,1,95,PHISH009,Resume Attachment,Malicious Attachment Simulation,Medium,Human Resources,T1566.001,0,0.0651,1,0,0,0,0,0,0,0
EVT000310,EMP0031,Information Technology,System Administrator,Medium,1,95,PHISH010,IT Helpdesk Account Verification,Credential Phishing,Hard,All,T1566.002,0,0.0825,1,1,0,0,1,310,1,1
EVT000311,EMP0032,Sales,Sales Manager,Medium,0,71,PHISH001,Microsoft 365 Password Expiration,Credential Phishing,Easy,All,T1566.002,0,0.2634,1,0,0,0,0,0,0,0
EVT000312,EMP0032,Sales,Sales Manager,Medium,0,71,PHISH002,HR Benefits Update,Malicious Attachment Simulation,Medium,All,T1566.001,0,0.3251,1,0,0,0,0,0,0,0
EVT000313,EMP0032,Sales,Sales Manager,Medium,0,71,PHISH003,CEO Urgent Payment Request,Business Email Compromise,Hard,Finance,T1566,0,0.2352,1,0,0,0,0,0,0,0
EVT000314,EMP0032,Sales,Sales Manager,Medium,0,71,PHISH004,Package Delivery Notification,Link Phishing,Easy,All,T1566.002,0,0.4189,1,0,0,0,0,0,0,0
EVT000315,EMP0032,Sales,Sales Manager,Medium,0,71,PHISH005,Shared Cloud Document,Cloud Credential Phishing,Medium,All,T1566.003,0,0.3487,1,0,0,0,0,0,0,0
EVT000316,EMP0032,Sales,Sales Manager,Medium,0,71,PHISH006,Fake MFA Verification Request,Identity Phishing,Hard,Information Technology,T1566.002,0,0.3337,1,1,0,0,0,0,1,1
EVT000317,EMP0032,Sales,Sales Manager,Medium,0,71,PHISH007,Payroll Account Verification,Credential Phishing,Medium,Human Resources,T1566.002,0,0.2338,1,0,0,0,0,0,0,0
EVT000318,EMP0032,Sales,Sales Manager,Medium,0,71,PHISH008,QR Code Security Verification,QR Phishing,Hard,All,T1566.002,0,0.3015,0,0,0,0,0,0,1,1
EVT000319,EMP0032,Sales,Sales Manager,Medium,0,71,PHISH009,Resume Attachment,Malicious Attachment Simulation,Medium,Human Resources,T1566.001,0,0.2441,0,0,0,0,0,0,0,0
EVT000320,EMP0032,Sales,Sales Manager,Medium,0,71,PHISH010,IT Helpdesk Account Verification,Credential Phishing,Hard,All,T1566.002,0,0.2836,1,0,0,0,0,0,0,0
EVT000321,EMP0033,Marketing,Marketing Manager,Medium,1,88,PHISH001,Microsoft 365 Password Expiration,Credential Phishing,Easy,All,T1566.002,0,0.268,1,1,0,1,1,393,1,1
EVT000322,EMP0033,Marketing,Marketing Manager,Medium,1,88,PHISH002,HR Benefits Update,Malicious Attachment Simulation,Medium,All,T1566.001,0,0.1203,1,0,0,0,0,0,0,0
EVT000323,EMP0033,Marketing,Marketing Manager,Medium,1,88,PHISH003,CEO Urgent Payment Request,Business Email Compromise,Hard,Finance,T1566,0,0.2785,0,0,0,0,1,232,0,0
EVT000324,EMP0033,Marketing,Marketing Manager,Medium,1,88,PHISH004,Package Delivery Notification,Link Phishing,Easy,All,T1566.002,0,0.2321,0,0,0,0,0,0,0,0
EVT000325,EMP0033,Marketing,Marketing Manager,Medium,1,88,PHISH005,Shared Cloud Document,Cloud Credential Phishing,Medium,All,T1566.003,0,0.2771,1,0,0,0,1,317,0,0
EVT000326,EMP0033,Marketing,Marketing Manager,Medium,1,88,PHISH006,Fake MFA Verification Request,Identity Phishing,Hard,Information Technology,T1566.002,0,0.2752,0,0,0,0,0,0,0,0
EVT000327,EMP0033,Marketing,Marketing Manager,Medium,1,88,PHISH007,Payroll Account Verification,Credential Phishing,Medium,Human Resources,T1566.002,0,0.1841,1,0,0,0,0,0,0,0
EVT000328,EMP0033,Marketing,Marketing Manager,Medium,1,88,PHISH008,QR Code Security Verification,QR Phishing,Hard,All,T1566.002,0,0.2515,1,0,0,0,1,361,0,0
EVT000329,EMP0033,Marketing,Marketing Manager,Medium,1,88,PHISH009,Resume Attachment,Malicious Attachment Simulation,Medium,Human Resources,T1566.001,0,0.0965,1,0,0,0,1,230,0,0
EVT000330,EMP0033,Marketing,Marketing Manager,Medium,1,88,PHISH010,IT Helpdesk Account Verification,Credential Phishing,Hard,All,T1566.002,0,0.2514,1,0,0,0,1,304,0,0
EVT000331,EMP0034,Legal,Legal Assistant,Medium,1,81,PHISH001,Microsoft 365 Password Expiration,Credential Phishing,Easy,All,T1566.002,0,0.1426,1,1,0,1,0,0,1,1
EVT000332,EMP0034,Legal,Legal Assistant,Medium,1,81,PHISH002,HR Benefits Update,Malicious Attachment Simulation,Medium,All,T1566.001,0,0.072,1,0,1,0,0,0,1,1
EVT000333,EMP0034,Legal,Legal Assistant,Medium,1,81,PHISH003,CEO Urgent Payment Request,Business Email Compromise,Hard,Finance,T1566,0,0.1725,0,0,0,0,1,157,1,1
EVT000334,EMP0034,Legal,Legal Assistant,Medium,1,81,PHISH004,Package Delivery Notification,Link Phishing,Easy,All,T1566.002,0,0.1128,1,0,0,0,1,175,0,0
EVT000335,EMP0034,Legal,Legal Assistant,Medium,1,81,PHISH005,Shared Cloud Document,Cloud Credential Phishing,Medium,All,T1566.003,0,0.1527,0,0,0,0,0,0,0,0
EVT000336,EMP0034,Legal,Legal Assistant,Medium,1,81,PHISH006,Fake MFA Verification Request,Identity Phishing,Hard,Information Technology,T1566.002,0,0.0504,1,0,0,0,1,382,0,0
EVT000337,EMP0034,Legal,Legal Assistant,Medium,1,81,PHISH007,Payroll Account Verification,Credential Phishing,Medium,Human Resources,T1566.002,0,0.0555,1,0,0,0,0,0,0,0
EVT000338,EMP0034,Legal,Legal Assistant,Medium,1,81,PHISH008,QR Code Security Verification,QR Phishing,Hard,All,T1566.002,0,0.139,1,0,0,0,1,156,0,0
EVT000339,EMP0034,Legal,Legal Assistant,Medium,1,81,PHISH009,Resume Attachment,Malicious Attachment Simulation,Medium,Human Resources,T1566.001,0,0.03,1,0,1,0,0,0,1,1
EVT000340,EMP0034,Legal,Legal Assistant,Medium,1,81,PHISH010,IT Helpdesk Account Verification,Credential Phishing,Hard,All,T1566.002,0,0.154,1,0,0,0,1,113,0,0
EVT000341,EMP0035,Executive,Director,High,1,69,PHISH001,Microsoft 365 Password Expiration,Credential Phishing,Easy,All,T1566.002,0,0.3242,1,1,0,1,0,0,1,1
EVT000342,EMP0035,Executive,Director,High,1,69,PHISH002,HR Benefits Update,Malicious Attachment Simulation,Medium,All,T1566.001,0,0.2928,1,0,1,0,0,0,1,1
EVT000343,EMP0035,Executive,Director,High,1,69,PHISH003,CEO Urgent Payment Request,Business Email Compromise,Hard,Finance,T1566,0,0.256,1,0,0,0,1,535,0,0
EVT000344,EMP0035,Executive,Director,High,1,69,PHISH004,Package Delivery Notification,Link Phishing,Easy,All,T1566.002,0,0.2894,0,0,0,0,0,0,0,0
EVT000345,EMP0035,Executive,Director,High,1,69,PHISH005,Shared Cloud Document,Cloud Credential Phishing,Medium,All,T1566.003,0,0.3755,1,0,0,0,0,0,0,0
EVT000346,EMP0035,Executive,Director,High,1,69,PHISH006,Fake MFA Verification Request,Identity Phishing,Hard,Information Technology,T1566.002,0,0.2397,0,0,0,0,0,0,1,1
EVT000347,EMP0035,Executive,Director,High,1,69,PHISH007,Payroll Account Verification,Credential Phishing,Medium,Human Resources,T1566.002,0,0.3866,1,0,0,0,0,0,0,0
EVT000348,EMP0035,Executive,Director,High,1,69,PHISH008,QR Code Security Verification,QR Phishing,Hard,All,T1566.002,0,0.3898,1,1,0,0,1,233,1,1
EVT000349,EMP0035,Executive,Director,High,1,69,PHISH009,Resume Attachment,Malicious Attachment Simulation,Medium,Human Resources,T1566.001,0,0.4153,1,0,0,0,1,177,0,0
EVT000350,EMP0035,Executive,Director,High,1,69,PHISH010,IT Helpdesk Account Verification,Credential Phishing,Hard,All,T1566.002,0,0.323,1,1,0,0,0,0,1,1
EVT000351,EMP0036,Human Resources,HR Specialist,Medium,1,74,PHISH001,Microsoft 365 Password Expiration,Credential Phishing,Easy,All,T1566.002,0,0.1306,1,0,0,0,0,0,0,0
EVT000352,EMP0036,Human Resources,HR Specialist,Medium,1,74,PHISH002,HR Benefits Update,Malicious Attachment Simulation,Medium,All,T1566.001,0,0.1668,1,0,1,0,0,0,1,1
EVT000353,EMP0036,Human Resources,HR Specialist,Medium,1,74,PHISH003,CEO Urgent Payment Request,Business Email Compromise,Hard,Finance,T1566,0,0.1853,1,0,0,0,1,318,0,0
EVT000354,EMP0036,Human Resources,HR Specialist,Medium,1,74,PHISH004,Package Delivery Notification,Link Phishing,Easy,All,T1566.002,0,0.2801,1,0,0,0,1,491,0,0
EVT000355,EMP0036,Human Resources,HR Specialist,Medium,1,74,PHISH005,Shared Cloud Document,Cloud Credential Phishing,Medium,All,T1566.003,0,0.2398,1,0,0,0,1,530,0,0
EVT000356,EMP0036,Human Resources,HR Specialist,Medium,1,74,PHISH006,Fake MFA Verification Request,Identity Phishing,Hard,Information Technology,T1566.002,0,0.3144,1,0,0,0,0,0,0,0
EVT000357,EMP0036,Human Resources,HR Specialist,Medium,1,74,PHISH007,Payroll Account Verification,Credential Phishing,Medium,Human Resources,T1566.002,1,0.2495,1,0,0,0,1,133,0,0
EVT000358,EMP0036,Human Resources,HR Specialist,Medium,1,74,PHISH008,QR Code Security Verification,QR Phishing,Hard,All,T1566.002,0,0.1122,0,0,0,0,1,68,0,0
EVT000359,EMP0036,Human Resources,HR Specialist,Medium,1,74,PHISH009,Resume Attachment,Malicious Attachment Simulation,Medium,Human Resources,T1566.001,1,0.2681,1,0,0,0,1,187,0,0
EVT000360,EMP0036,Human Resources,HR Specialist,Medium,1,74,PHISH010,IT Helpdesk Account Verification,Credential Phishing,Hard,All,T1566.002,0,0.2297,0,0,0,0,1,259,0,0
EVT000361,EMP0037,Marketing,Marketing Manager,Low,1,78,PHISH001,Microsoft 365 Password Expiration,Credential Phishing,Easy,All,T1566.002,0,0.3348,1,0,0,0,0,0,0,0
EVT000362,EMP0037,Marketing,Marketing Manager,Low,1,78,PHISH002,HR Benefits Update,Malicious Attachment Simulation,Medium,All,T1566.001,0,0.181,0,0,0,0,0,0,0,0
EVT000363,EMP0037,Marketing,Marketing Manager,Low,1,78,PHISH003,CEO Urgent Payment Request,Business Email Compromise,Hard,Finance,T1566,0,0.291,1,0,0,0,1,360,1,1
EVT000364,EMP0037,Marketing,Marketing Manager,Low,1,78,PHISH004,Package Delivery Notification,Link Phishing,Easy,All,T1566.002,0,0.2855,1,1,0,0,0,0,1,1
EVT000365,EMP0037,Marketing,Marketing Manager,Low,1,78,PHISH005,Shared Cloud Document,Cloud Credential Phishing,Medium,All,T1566.003,0,0.2744,1,0,0,0,1,614,0,0
EVT000366,EMP0037,Marketing,Marketing Manager,Low,1,78,PHISH006,Fake MFA Verification Request,Identity Phishing,Hard,Information Technology,T1566.002,0,0.3645,1,0,0,0,0,0,0,0
EVT000367,EMP0037,Marketing,Marketing Manager,Low,1,78,PHISH007,Payroll Account Verification,Credential Phishing,Medium,Human Resources,T1566.002,0,0.2882,1,1,0,1,1,195,1,1
EVT000368,EMP0037,Marketing,Marketing Manager,Low,1,78,PHISH008,QR Code Security Verification,QR Phishing,Hard,All,T1566.002,0,0.2148,1,0,0,0,0,0,0,0
EVT000369,EMP0037,Marketing,Marketing Manager,Low,1,78,PHISH009,Resume Attachment,Malicious Attachment Simulation,Medium,Human Resources,T1566.001,0,0.304,1,0,1,0,0,0,1,1
EVT000370,EMP0037,Marketing,Marketing Manager,Low,1,78,PHISH010,IT Helpdesk Account Verification,Credential Phishing,Hard,All,T1566.002,0,0.3476,1,0,0,0,0,0,0,0
EVT000371,EMP0038,Marketing,Digital Marketing Analyst,Medium,1,75,PHISH001,Microsoft 365 Password Expiration,Credential Phishing,Easy,All,T1566.002,0,0.1123,1,0,0,0,0,0,0,0
EVT000372,EMP0038,Marketing,Digital Marketing Analyst,Medium,1,75,PHISH002,HR Benefits Update,Malicious Attachment Simulation,Medium,All,T1566.001,0,0.2873,1,0,0,0,1,174,0,0
EVT000373,EMP0038,Marketing,Digital Marketing Analyst,Medium,1,75,PHISH003,CEO Urgent Payment Request,Business Email Compromise,Hard,Finance,T1566,0,0.302,1,0,0,0,1,141,1,1
EVT000374,EMP0038,Marketing,Digital Marketing Analyst,Medium,1,75,PHISH004,Package Delivery Notification,Link Phishing,Easy,All,T1566.002,0,0.158,1,0,0,0,0,0,0,0
EVT000375,EMP0038,Marketing,Digital Marketing Analyst,Medium,1,75,PHISH005,Shared Cloud Document,Cloud Credential Phishing,Medium,All,T1566.003,0,0.3496,1,0,0,0,0,0,0,0
EVT000376,EMP0038,Marketing,Digital Marketing Analyst,Medium,1,75,PHISH006,Fake MFA Verification Request,Identity Phishing,Hard,Information Technology,T1566.002,0,0.2576,0,0,0,0,1,315,0,0
EVT000377,EMP0038,Marketing,Digital Marketing Analyst,Medium,1,75,PHISH007,Payroll Account Verification,Credential Phishing,Medium,Human Resources,T1566.002,0,0.2581,1,0,0,0,1,149,0,0
EVT000378,EMP0038,Marketing,Digital Marketing Analyst,Medium,1,75,PHISH008,QR Code Security Verification,QR Phishing,Hard,All,T1566.002,0,0.1376,1,0,0,0,1,197,0,0
EVT000379,EMP0038,Marketing,Digital Marketing Analyst,Medium,1,75,PHISH009,Resume Attachment,Malicious Attachment Simulation,Medium,Human Resources,T1566.001,0,0.2299,0,0,0,0,0,0,0,0
EVT000380,EMP0038,Marketing,Digital Marketing Analyst,Medium,1,75,PHISH010,IT Helpdesk Account Verification,Credential Phishing,Hard,All,T1566.002,0,0.1192,1,0,0,0,0,0,0,0
EVT000381,EMP0039,Operations,Operations Manager,Low,1,76,PHISH001,Microsoft 365 Password Expiration,Credential Phishing,Easy,All,T1566.002,0,0.2562,0,0,0,0,1,685,0,0
EVT000382,EMP0039,Operations,Operations Manager,Low,1,76,PHISH002,HR Benefits Update,Malicious Attachment Simulation,Medium,All,T1566.001,0,0.3381,1,0,1,0,1,161,1,1
EVT000383,EMP0039,Operations,Operations Manager,Low,1,76,PHISH003,CEO Urgent Payment Request,Business Email Compromise,Hard,Finance,T1566,0,0.3093,1,0,0,0,0,0,0,0
EVT000384,EMP0039,Operations,Operations Manager,Low,1,76,PHISH004,Package Delivery Notification,Link Phishing,Easy,All,T1566.002,0,0.2251,0,0,0,0,1,85,0,0
EVT000385,EMP0039,Operations,Operations Manager,Low,1,76,PHISH005,Shared Cloud Document,Cloud Credential Phishing,Medium,All,T1566.003,0,0.2465,1,0,0,0,1,509,0,0
EVT000386,EMP0039,Operations,Operations Manager,Low,1,76,PHISH006,Fake MFA Verification Request,Identity Phishing,Hard,Information Technology,T1566.002,0,0.2564,1,0,0,0,0,0,0,0
EVT000387,EMP0039,Operations,Operations Manager,Low,1,76,PHISH007,Payroll Account Verification,Credential Phishing,Medium,Human Resources,T1566.002,0,0.3594,1,1,0,1,0,0,1,1
EVT000388,EMP0039,Operations,Operations Manager,Low,1,76,PHISH008,QR Code Security Verification,QR Phishing,Hard,All,T1566.002,0,0.2892,1,1,0,0,1,238,1,1
EVT000389,EMP0039,Operations,Operations Manager,Low,1,76,PHISH009,Resume Attachment,Malicious Attachment Simulation,Medium,Human Resources,T1566.001,0,0.2103,1,0,0,0,1,134,0,0
EVT000390,EMP0039,Operations,Operations Manager,Low,1,76,PHISH010,IT Helpdesk Account Verification,Credential Phishing,Hard,All,T1566.002,0,0.2448,1,0,0,0,1,567,0,0
EVT000391,EMP0040,Human Resources,HR Manager,High,1,82,PHISH001,Microsoft 365 Password Expiration,Credential Phishing,Easy,All,T1566.002,0,0.178,0,0,0,0,1,256,0,0
EVT000392,EMP0040,Human Resources,HR Manager,High,1,82,PHISH002,HR Benefits Update,Malicious Attachment Simulation,Medium,All,T1566.001,0,0.1352,0,0,0,0,1,86,0,0
EVT000393,EMP0040,Human Resources,HR Manager,High,1,82,PHISH003,CEO Urgent Payment Request,Business Email Compromise,Hard,Finance,T1566,0,0.1158,0,0,0,0,1,113,0,0
EVT000394,EMP0040,Human Resources,HR Manager,High,1,82,PHISH004,Package Delivery Notification,Link Phishing,Easy,All,T1566.002,0,0.1715,1,0,0,0,0,0,0,0
EVT000395,EMP0040,Human Resources,HR Manager,High,1,82,PHISH005,Shared Cloud Document,Cloud Credential Phishing,Medium,All,T1566.003,0,0.0456,1,0,0,0,1,445,0,0
EVT000396,EMP0040,Human Resources,HR Manager,High,1,82,PHISH006,Fake MFA Verification Request,Identity Phishing,Hard,Information Technology,T1566.002,0,0.1805,1,0,0,0,1,169,0,0
EVT000397,EMP0040,Human Resources,HR Manager,High,1,82,PHISH007,Payroll Account Verification,Credential Phishing,Medium,Human Resources,T1566.002,1,0.2332,1,1,0,1,1,335,1,1
EVT000398,EMP0040,Human Resources,HR Manager,High,1,82,PHISH008,QR Code Security Verification,QR Phishing,Hard,All,T1566.002,0,0.0882,0,0,0,0,0,0,0,0
EVT000399,EMP0040,Human Resources,HR Manager,High,1,82,PHISH009,Resume Attachment,Malicious Attachment Simulation,Medium,Human Resources,T1566.001,1,0.0422,1,0,0,0,1,321,0,0
EVT000400,EMP0040,Human Resources,HR Manager,High,1,82,PHISH010,IT Helpdesk Account Verification,Credential Phishing,Hard,All,T1566.002,0,0.2709,1,1,0,0,0,0,1,1
EVT000401,EMP0041,Legal,Legal Assistant,High,1,54,PHISH001,Microsoft 365 Password Expiration,Credential Phishing,Easy,All,T1566.002,0,0.2655,1,1,0,0,0,0,1,1
EVT000402,EMP0041,Legal,Legal Assistant,High,1,54,PHISH002,HR Benefits Update,Malicious Attachment Simulation,Medium,All,T1566.001,0,0.3379,0,0,0,0,1,190,0,0
EVT000403,EMP0041,Legal,Legal Assistant,High,1,54,PHISH003,CEO Urgent Payment Request,Business Email Compromise,Hard,Finance,T1566,0,0.355,1,0,0,0,1,217,0,0
EVT000404,EMP0041,Legal,Legal Assistant,High,1,54,PHISH004,Package Delivery Notification,Link Phishing,Easy,All,T1566.002,0,0.379,1,0,0,0,1,211,0,0
EVT000405,EMP0041,Legal,Legal Assistant,High,1,54,PHISH005,Shared Cloud Document,Cloud Credential Phishing,Medium,All,T1566.003,0,0.3933,1,1,0,0,1,299,1,1
EVT000406,EMP0041,Legal,Legal Assistant,High,1,54,PHISH006,Fake MFA Verification Request,Identity Phishing,Hard,Information Technology,T1566.002,0,0.2211,1,0,0,0,0,0,0,0
EVT000407,EMP0041,Legal,Legal Assistant,High,1,54,PHISH007,Payroll Account Verification,Credential Phishing,Medium,Human Resources,T1566.002,0,0.338,1,0,0,0,0,0,0,0
EVT000408,EMP0041,Legal,Legal Assistant,High,1,54,PHISH008,QR Code Security Verification,QR Phishing,Hard,All,T1566.002,0,0.2678,1,0,0,0,1,237,0,0
EVT000409,EMP0041,Legal,Legal Assistant,High,1,54,PHISH009,Resume Attachment,Malicious Attachment Simulation,Medium,Human Resources,T1566.001,0,0.3159,0,0,0,0,0,0,1,1
EVT000410,EMP0041,Legal,Legal Assistant,High,1,54,PHISH010,IT Helpdesk Account Verification,Credential Phishing,Hard,All,T1566.002,0,0.3118,1,1,0,1,1,248,1,1
EVT000411,EMP0042,Marketing,Marketing Specialist,Medium,0,77,PHISH001,Microsoft 365 Password Expiration,Credential Phishing,Easy,All,T1566.002,0,0.3931,0,0,0,0,0,0,0,0
EVT000412,EMP0042,Marketing,Marketing Specialist,Medium,0,77,PHISH002,HR Benefits Update,Malicious Attachment Simulation,Medium,All,T1566.001,0,0.3672,1,0,0,0,0,0,0,0
EVT000413,EMP0042,Marketing,Marketing Specialist,Medium,0,77,PHISH003,CEO Urgent Payment Request,Business Email Compromise,Hard,Finance,T1566,0,0.313,1,0,0,0,0,0,1,1
EVT000414,EMP0042,Marketing,Marketing Specialist,Medium,0,77,PHISH004,Package Delivery Notification,Link Phishing,Easy,All,T1566.002,0,0.359,0,0,0,0,1,136,0,0
EVT000415,EMP0042,Marketing,Marketing Specialist,Medium,0,77,PHISH005,Shared Cloud Document,Cloud Credential Phishing,Medium,All,T1566.003,0,0.4151,1,0,0,0,0,0,0,0
EVT000416,EMP0042,Marketing,Marketing Specialist,Medium,0,77,PHISH006,Fake MFA Verification Request,Identity Phishing,Hard,Information Technology,T1566.002,0,0.319,0,0,0,0,0,0,0,0
EVT000417,EMP0042,Marketing,Marketing Specialist,Medium,0,77,PHISH007,Payroll Account Verification,Credential Phishing,Medium,Human Resources,T1566.002,0,0.4427,1,1,0,0,0,0,1,1
EVT000418,EMP0042,Marketing,Marketing Specialist,Medium,0,77,PHISH008,QR Code Security Verification,QR Phishing,Hard,All,T1566.002,0,0.4221,1,0,0,0,1,133,0,0
EVT000419,EMP0042,Marketing,Marketing Specialist,Medium,0,77,PHISH009,Resume Attachment,Malicious Attachment Simulation,Medium,Human Resources,T1566.001,0,0.3608,1,0,0,0,0,0,0,0
EVT000420,EMP0042,Marketing,Marketing Specialist,Medium,0,77,PHISH010,IT Helpdesk Account Verification,Credential Phishing,Hard,All,T1566.002,0,0.329,1,0,0,0,0,0,0,0
EVT000421,EMP0043,Finance,Finance Manager,High,1,75,PHISH001,Microsoft 365 Password Expiration,Credential Phishing,Easy,All,T1566.002,0,0.2884,1,0,0,0,0,0,0,0
EVT000422,EMP0043,Finance,Finance Manager,High,1,75,PHISH002,HR Benefits Update,Malicious Attachment Simulation,Medium,All,T1566.001,0,0.3665,1,0,1,0,0,0,1,1
EVT000423,EMP0043,Finance,Finance Manager,High,1,75,PHISH003,CEO Urgent Payment Request,Business Email Compromise,Hard,Finance,T1566,1,0.3151,0,0,0,0,1,505,1,1
EVT000424,EMP0043,Finance,Finance Manager,High,1,75,PHISH004,Package Delivery Notification,Link Phishing,Easy,All,T1566.002,0,0.3631,1,0,0,0,1,301,0,0
EVT000425,EMP0043,Finance,Finance Manager,High,1,75,PHISH005,Shared Cloud Document,Cloud Credential Phishing,Medium,All,T1566.003,0,0.3181,1,0,0,0,0,0,0,0
EVT000426,EMP0043,Finance,Finance Manager,High,1,75,PHISH006,Fake MFA Verification Request,Identity Phishing,Hard,Information Technology,T1566.002,0,0.2346,1,0,0,0,0,0,0,0
EVT000427,EMP0043,Finance,Finance Manager,High,1,75,PHISH007,Payroll Account Verification,Credential Phishing,Medium,Human Resources,T1566.002,0,0.3524,1,1,0,1,0,0,1,1
EVT000428,EMP0043,Finance,Finance Manager,High,1,75,PHISH008,QR Code Security Verification,QR Phishing,Hard,All,T1566.002,0,0.187,1,0,0,0,1,368,0,0
EVT000429,EMP0043,Finance,Finance Manager,High,1,75,PHISH009,Resume Attachment,Malicious Attachment Simulation,Medium,Human Resources,T1566.001,0,0.299,1,0,0,0,0,0,0,0
EVT000430,EMP0043,Finance,Finance Manager,High,1,75,PHISH010,IT Helpdesk Account Verification,Credential Phishing,Hard,All,T1566.002,0,0.3376,1,0,0,0,1,377,0,0
EVT000431,EMP0044,Information Technology,Security Analyst,Medium,1,81,PHISH001,Microsoft 365 Password Expiration,Credential Phishing,Easy,All,T1566.002,0,0.2488,1,1,0,1,1,175,1,1
EVT000432,EMP0044,Information Technology,Security Analyst,Medium,1,81,PHISH002,HR Benefits Update,Malicious Attachment Simulation,Medium,All,T1566.001,0,0.1012,1,0,0,0,1,185,0,0
EVT000433,EMP0044,Information Technology,Security Analyst,Medium,1,81,PHISH003,CEO Urgent Payment Request,Business Email Compromise,Hard,Finance,T1566,0,0.2888,1,0,0,0,1,617,0,0
EVT000434,EMP0044,Information Technology,Security Analyst,Medium,1,81,PHISH004,Package Delivery Notification,Link Phishing,Easy,All,T1566.002,0,0.2658,1,1,0,0,0,0,1,1
EVT000435,EMP0044,Information Technology,Security Analyst,Medium,1,81,PHISH005,Shared Cloud Document,Cloud Credential Phishing,Medium,All,T1566.003,0,0.1878,1,0,0,0,1,272,0,0
EVT000436,EMP0044,Information Technology,Security Analyst,Medium,1,81,PHISH006,Fake MFA Verification Request,Identity Phishing,Hard,Information Technology,T1566.002,1,0.3666,1,1,0,0,0,0,1,1
EVT000437,EMP0044,Information Technology,Security Analyst,Medium,1,81,PHISH007,Payroll Account Verification,Credential Phishing,Medium,Human Resources,T1566.002,0,0.261,1,0,0,0,1,1110,0,0
EVT000438,EMP0044,Information Technology,Security Analyst,Medium,1,81,PHISH008,QR Code Security Verification,QR Phishing,Hard,All,T1566.002,0,0.2674,1,0,0,0,0,0,0,0
EVT000439,EMP0044,Information Technology,Security Analyst,Medium,1,81,PHISH009,Resume Attachment,Malicious Attachment Simulation,Medium,Human Resources,T1566.001,0,0.3142,1,0,0,0,0,0,0,0
EVT000440,EMP0044,Information Technology,Security Analyst,Medium,1,81,PHISH010,IT Helpdesk Account Verification,Credential Phishing,Hard,All,T1566.002,0,0.2363,1,1,0,1,0,0,1,1
EVT000441,EMP0045,Operations,Operations Manager,Low,1,91,PHISH001,Microsoft 365 Password Expiration,Credential Phishing,Easy,All,T1566.002,0,0.1324,1,0,0,0,0,0,0,0
EVT000442,EMP0045,Operations,Operations Manager,Low,1,91,PHISH002,HR Benefits Update,Malicious Attachment Simulation,Medium,All,T1566.001,0,0.1631,1,0,1,0,1,153,1,1
EVT000443,EMP0045,Operations,Operations Manager,Low,1,91,PHISH003,CEO Urgent Payment Request,Business Email Compromise,Hard,Finance,T1566,0,0.1453,1,0,0,0,0,0,1,1
EVT000444,EMP0045,Operations,Operations Manager,Low,1,91,PHISH004,Package Delivery Notification,Link Phishing,Easy,All,T1566.002,0,0.1243,1,0,0,0,1,64,0,0
EVT000445,EMP0045,Operations,Operations Manager,Low,1,91,PHISH005,Shared Cloud Document,Cloud Credential Phishing,Medium,All,T1566.003,0,0.1474,1,1,0,1,1,92,1,1
EVT000446,EMP0045,Operations,Operations Manager,Low,1,91,PHISH006,Fake MFA Verification Request,Identity Phishing,Hard,Information Technology,T1566.002,0,0.1239,1,0,0,0,1,140,0,0
EVT000447,EMP0045,Operations,Operations Manager,Low,1,91,PHISH007,Payroll Account Verification,Credential Phishing,Medium,Human Resources,T1566.002,0,0.1601,1,0,0,0,0,0,0,0
EVT000448,EMP0045,Operations,Operations Manager,Low,1,91,PHISH008,QR Code Security Verification,QR Phishing,Hard,All,T1566.002,0,0.1417,1,1,0,0,0,0,1,1
EVT000449,EMP0045,Operations,Operations Manager,Low,1,91,PHISH009,Resume Attachment,Malicious Attachment Simulation,Medium,Human Resources,T1566.001,0,0.1464,0,0,0,0,1,422,0,0
EVT000450,EMP0045,Operations,Operations Manager,Low,1,91,PHISH010,IT Helpdesk Account Verification,Credential Phishing,Hard,All,T1566.002,0,0.105,1,0,0,0,0,0,0,0
EVT000451,EMP0046,Information Technology,System Administrator,Medium,1,87,PHISH001,Microsoft 365 Password Expiration,Credential Phishing,Easy,All,T1566.002,0,0.1716,0,0,0,0,0,0,0,0
EVT000452,EMP0046,Information Technology,System Administrator,Medium,1,87,PHISH002,HR Benefits Update,Malicious Attachment Simulation,Medium,All,T1566.001,0,0.2222,1,0,0,0,0,0,0,0
EVT000453,EMP0046,Information Technology,System Administrator,Medium,1,87,PHISH003,CEO Urgent Payment Request,Business Email Compromise,Hard,Finance,T1566,0,0.1565,1,0,0,0,1,153,0,0
EVT000454,EMP0046,Information Technology,System Administrator,Medium,1,87,PHISH004,Package Delivery Notification,Link Phishing,Easy,All,T1566.002,0,0.03,1,0,0,0,0,0,0,0
EVT000455,EMP0046,Information Technology,System Administrator,Medium,1,87,PHISH005,Shared Cloud Document,Cloud Credential Phishing,Medium,All,T1566.003,0,0.0997,1,1,0,1,0,0,1,1
EVT000456,EMP0046,Information Technology,System Administrator,Medium,1,87,PHISH006,Fake MFA Verification Request,Identity Phishing,Hard,Information Technology,T1566.002,1,0.2864,1,0,0,0,1,443,0,0
EVT000457,EMP0046,Information Technology,System Administrator,Medium,1,87,PHISH007,Payroll Account Verification,Credential Phishing,Medium,Human Resources,T1566.002,0,0.1803,0,0,0,0,0,0,0,0
EVT000458,EMP0046,Information Technology,System Administrator,Medium,1,87,PHISH008,QR Code Security Verification,QR Phishing,Hard,All,T1566.002,0,0.1668,0,0,0,0,1,111,1,1
EVT000459,EMP0046,Information Technology,System Administrator,Medium,1,87,PHISH009,Resume Attachment,Malicious Attachment Simulation,Medium,Human Resources,T1566.001,0,0.1543,1,0,1,0,1,1104,1,1
EVT000460,EMP0046,Information Technology,System Administrator,Medium,1,87,PHISH010,IT Helpdesk Account Verification,Credential Phishing,Hard,All,T1566.002,0,0.1187,1,1,0,1,1,369,1,1
EVT000461,EMP0047,Finance,Finance Manager,High,1,85,PHISH001,Microsoft 365 Password Expiration,Credential Phishing,Easy,All,T1566.002,0,0.3299,1,0,0,0,1,367,0,0
EVT000462,EMP0047,Finance,Finance Manager,High,1,85,PHISH002,HR Benefits Update,Malicious Attachment Simulation,Medium,All,T1566.001,0,0.3666,1,0,0,0,0,0,0,0
EVT000463,EMP0047,Finance,Finance Manager,High,1,85,PHISH003,CEO Urgent Payment Request,Business Email Compromise,Hard,Finance,T1566,1,0.3539,0,0,0,0,1,356,0,0
EVT000464,EMP0047,Finance,Finance Manager,High,1,85,PHISH004,Package Delivery Notification,Link Phishing,Easy,All,T1566.002,0,0.2092,1,0,0,0,0,0,0,0
EVT000465,EMP0047,Finance,Finance Manager,High,1,85,PHISH005,Shared Cloud Document,Cloud Credential Phishing,Medium,All,T1566.003,0,0.2599,1,1,0,1,0,0,1,1
EVT000466,EMP0047,Finance,Finance Manager,High,1,85,PHISH006,Fake MFA Verification Request,Identity Phishing,Hard,Information Technology,T1566.002,0,0.408,1,1,0,1,0,0,1,1
EVT000467,EMP0047,Finance,Finance Manager,High,1,85,PHISH007,Payroll Account Verification,Credential Phishing,Medium,Human Resources,T1566.002,0,0.2294,1,1,0,1,0,0,1,1
EVT000468,EMP0047,Finance,Finance Manager,High,1,85,PHISH008,QR Code Security Verification,QR Phishing,Hard,All,T1566.002,0,0.4019,1,0,0,0,1,217,0,0
EVT000469,EMP0047,Finance,Finance Manager,High,1,85,PHISH009,Resume Attachment,Malicious Attachment Simulation,Medium,Human Resources,T1566.001,0,0.3409,1,0,0,0,1,222,0,0
EVT000470,EMP0047,Finance,Finance Manager,High,1,85,PHISH010,IT Helpdesk Account Verification,Credential Phishing,Hard,All,T1566.002,0,0.2956,1,0,0,0,1,209,0,0
EVT000471,EMP0048,Executive,Director,High,1,100,PHISH001,Microsoft 365 Password Expiration,Credential Phishing,Easy,All,T1566.002,0,0.1248,0,0,0,0,1,577,0,0
EVT000472,EMP0048,Executive,Director,High,1,100,PHISH002,HR Benefits Update,Malicious Attachment Simulation,Medium,All,T1566.001,0,0.1397,1,0,0,0,0,0,0,0
EVT000473,EMP0048,Executive,Director,High,1,100,PHISH003,CEO Urgent Payment Request,Business Email Compromise,Hard,Finance,T1566,0,0.1765,1,0,0,0,0,0,0,0
EVT000474,EMP0048,Executive,Director,High,1,100,PHISH004,Package Delivery Notification,Link Phishing,Easy,All,T1566.002,0,0.0604,1,0,0,0,1,90,0,0
EVT000475,EMP0048,Executive,Director,High,1,100,PHISH005,Shared Cloud Document,Cloud Credential Phishing,Medium,All,T1566.003,0,0.2618,0,0,0,0,1,844,0,0
EVT000476,EMP0048,Executive,Director,High,1,100,PHISH006,Fake MFA Verification Request,Identity Phishing,Hard,Information Technology,T1566.002,0,0.094,1,0,0,0,1,131,0,0
EVT000477,EMP0048,Executive,Director,High,1,100,PHISH007,Payroll Account Verification,Credential Phishing,Medium,Human Resources,T1566.002,0,0.034,1,0,0,0,1,346,0,0
EVT000478,EMP0048,Executive,Director,High,1,100,PHISH008,QR Code Security Verification,QR Phishing,Hard,All,T1566.002,0,0.1555,0,0,0,0,0,0,0,0
EVT000479,EMP0048,Executive,Director,High,1,100,PHISH009,Resume Attachment,Malicious Attachment Simulation,Medium,Human Resources,T1566.001,0,0.3028,1,0,0,0,1,169,0,0
EVT000480,EMP0048,Executive,Director,High,1,100,PHISH010,IT Helpdesk Account Verification,Credential Phishing,Hard,All,T1566.002,0,0.0862,1,1,0,1,1,259,1,1
EVT000481,EMP0049,Legal,Compliance Analyst,Medium,1,79,PHISH001,Microsoft 365 Password Expiration,Credential Phishing,Easy,All,T1566.002,0,0.3336,1,0,0,0,0,0,0,0
EVT000482,EMP0049,Legal,Compliance Analyst,Medium,1,79,PHISH002,HR Benefits Update,Malicious Attachment Simulation,Medium,All,T1566.001,0,0.3771,1,0,0,0,1,219,0,0
EVT000483,EMP0049,Legal,Compliance Analyst,Medium,1,79,PHISH003,CEO Urgent Payment Request,Business Email Compromise,Hard,Finance,T1566,0,0.4012,1,0,0,0,1,128,0,0
EVT000484,EMP0049,Legal,Compliance Analyst,Medium,1,79,PHISH004,Package Delivery Notification,Link Phishing,Easy,All,T1566.002,0,0.3285,1,0,0,0,1,1129,0,0
EVT000485,EMP0049,Legal,Compliance Analyst,Medium,1,79,PHISH005,Shared Cloud Document,Cloud Credential Phishing,Medium,All,T1566.003,0,0.3566,0,0,0,0,1,302,0,0
EVT000486,EMP0049,Legal,Compliance Analyst,Medium,1,79,PHISH006,Fake MFA Verification Request,Identity Phishing,Hard,Information Technology,T1566.002,0,0.4115,0,0,0,0,1,445,0,0
EVT000487,EMP0049,Legal,Compliance Analyst,Medium,1,79,PHISH007,Payroll Account Verification,Credential Phishing,Medium,Human Resources,T1566.002,0,0.3555,1,0,0,0,0,0,0,0
EVT000488,EMP0049,Legal,Compliance Analyst,Medium,1,79,PHISH008,QR Code Security Verification,QR Phishing,Hard,All,T1566.002,0,0.4184,0,0,0,0,1,37,0,0
EVT000489,EMP0049,Legal,Compliance Analyst,Medium,1,79,PHISH009,Resume Attachment,Malicious Attachment Simulation,Medium,Human Resources,T1566.001,0,0.4952,1,0,0,0,1,191,0,0
EVT000490,EMP0049,Legal,Compliance Analyst,Medium,1,79,PHISH010,IT Helpdesk Account Verification,Credential Phishing,Hard,All,T1566.002,0,0.3195,1,0,0,0,1,96,0,0
EVT000491,EMP0050,Finance,Financial Analyst,Medium,0,71,PHISH001,Microsoft 365 Password Expiration,Credential Phishing,Easy,All,T1566.002,0,0.3914,1,1,0,0,0,0,1,1
EVT000492,EMP0050,Finance,Financial Analyst,Medium,0,71,PHISH002,HR Benefits Update,Malicious Attachment Simulation,Medium,All,T1566.001,0,0.3703,1,0,0,0,0,0,0,0
EVT000493,EMP0050,Finance,Financial Analyst,Medium,0,71,PHISH003,CEO Urgent Payment Request,Business Email Compromise,Hard,Finance,T1566,1,0.3969,1,0,0,0,1,135,0,0
EVT000494,EMP0050,Finance,Financial Analyst,Medium,0,71,PHISH004,Package Delivery Notification,Link Phishing,Easy,All,T1566.002,0,0.351,1,0,0,0,1,137,0,0
EVT000495,EMP0050,Finance,Financial Analyst,Medium,0,71,PHISH005,Shared Cloud Document,Cloud Credential Phishing,Medium,All,T1566.003,0,0.339,0,0,0,0,1,225,0,0
EVT000496,EMP0050,Finance,Financial Analyst,Medium,0,71,PHISH006,Fake MFA Verification Request,Identity Phishing,Hard,Information Technology,T1566.002,0,0.394,1,1,0,1,0,0,1,1
EVT000497,EMP0050,Finance,Financial Analyst,Medium,0,71,PHISH007,Payroll Account Verification,Credential Phishing,Medium,Human Resources,T1566.002,0,0.3417,1,1,0,1,1,232,1,1
EVT000498,EMP0050,Finance,Financial Analyst,Medium,0,71,PHISH008,QR Code Security Verification,QR Phishing,Hard,All,T1566.002,0,0.4199,1,0,0,0,0,0,0,0
EVT000499,EMP0050,Finance,Financial Analyst,Medium,0,71,PHISH009,Resume Attachment,Malicious Attachment Simulation,Medium,Human Resources,T1566.001,0,0.3247,1,0,1,0,1,232,1,1
EVT000500,EMP0050,Finance,Financial Analyst,Medium,0,71,PHISH010,IT Helpdesk Account Verification,Credential Phishing,Hard,All,T1566.002,0,0.3639,1,0,0,0,0,0,0,0
EVT000501,EMP0051,Human Resources,HR Manager,High,1,65,PHISH001,Microsoft 365 Password Expiration,Credential Phishing,Easy,All,T1566.002,0,0.1367,1,0,0,0,1,114,0,0
EVT000502,EMP0051,Human Resources,HR Manager,High,1,65,PHISH002,HR Benefits Update,Malicious Attachment Simulation,Medium,All,T1566.001,0,0.1776,0,0,0,0,0,0,0,0
EVT000503,EMP0051,Human Resources,HR Manager,High,1,65,PHISH003,CEO Urgent Payment Request,Business Email Compromise,Hard,Finance,T1566,0,0.2118,1,0,0,0,1,1159,1,1
EVT000504,EMP0051,Human Resources,HR Manager,High,1,65,PHISH004,Package Delivery Notification,Link Phishing,Easy,All,T1566.002,0,0.03,1,0,0,0,1,217,0,0
EVT000505,EMP0051,Human Resources,HR Manager,High,1,65,PHISH005,Shared Cloud Document,Cloud Credential Phishing,Medium,All,T1566.003,0,0.0939,1,1,0,1,1,433,1,1
EVT000506,EMP0051,Human Resources,HR Manager,High,1,65,PHISH006,Fake MFA Verification Request,Identity Phishing,Hard,Information Technology,T1566.002,0,0.1235,1,0,0,0,1,243,0,0
EVT000507,EMP0051,Human Resources,HR Manager,High,1,65,PHISH007,Payroll Account Verification,Credential Phishing,Medium,Human Resources,T1566.002,1,0.1567,1,1,0,1,0,0,1,1
EVT000508,EMP0051,Human Resources,HR Manager,High,1,65,PHISH008,QR Code Security Verification,QR Phishing,Hard,All,T1566.002,0,0.2207,1,0,0,0,0,0,0,0
EVT000509,EMP0051,Human Resources,HR Manager,High,1,65,PHISH009,Resume Attachment,Malicious Attachment Simulation,Medium,Human Resources,T1566.001,1,0.2693,0,0,0,0,1,203,0,0
EVT000510,EMP0051,Human Resources,HR Manager,High,1,65,PHISH010,IT Helpdesk Account Verification,Credential Phishing,Hard,All,T1566.002,0,0.1443,1,0,0,0,0,0,0,0
EVT000511,EMP0052,Human Resources,HR Manager,Medium,1,83,PHISH001,Microsoft 365 Password Expiration,Credential Phishing,Easy,All,T1566.002,0,0.4095,1,0,0,0,0,0,0,0
EVT000512,EMP0052,Human Resources,HR Manager,Medium,1,83,PHISH002,HR Benefits Update,Malicious Attachment Simulation,Medium,All,T1566.001,0,0.4307,1,0,0,0,1,320,0,0
EVT000513,EMP0052,Human Resources,HR Manager,Medium,1,83,PHISH003,CEO Urgent Payment Request,Business Email Compromise,Hard,Finance,T1566,0,0.4463,1,0,0,0,0,0,1,1
EVT000514,EMP0052,Human Resources,HR Manager,Medium,1,83,PHISH004,Package Delivery Notification,Link Phishing,Easy,All,T1566.002,0,0.1941,1,0,0,0,1,223,0,0
EVT000515,EMP0052,Human Resources,HR Manager,Medium,1,83,PHISH005,Shared Cloud Document,Cloud Credential Phishing,Medium,All,T1566.003,0,0.3385,1,0,0,0,0,0,0,0
EVT000516,EMP0052,Human Resources,HR Manager,Medium,1,83,PHISH006,Fake MFA Verification Request,Identity Phishing,Hard,Information Technology,T1566.002,0,0.3602,1,0,0,0,0,0,0,0
EVT000517,EMP0052,Human Resources,HR Manager,Medium,1,83,PHISH007,Payroll Account Verification,Credential Phishing,Medium,Human Resources,T1566.002,1,0.4964,1,1,0,1,1,211,1,1
EVT000518,EMP0052,Human Resources,HR Manager,Medium,1,83,PHISH008,QR Code Security Verification,QR Phishing,Hard,All,T1566.002,0,0.4016,1,0,0,0,0,0,0,0
EVT000519,EMP0052,Human Resources,HR Manager,Medium,1,83,PHISH009,Resume Attachment,Malicious Attachment Simulation,Medium,Human Resources,T1566.001,1,0.3899,1,0,0,0,1,181,0,0
EVT000520,EMP0052,Human Resources,HR Manager,Medium,1,83,PHISH010,IT Helpdesk Account Verification,Credential Phishing,Hard,All,T1566.002,0,0.4102,1,1,0,1,0,0,1,1
EVT000521,EMP0053,Information Technology,Security Analyst,High,0,68,PHISH001,Microsoft 365 Password Expiration,Credential Phishing,Easy,All,T1566.002,0,0.3982,1,1,0,1,1,193,1,1
EVT000522,EMP0053,Information Technology,Security Analyst,High,0,68,PHISH002,HR Benefits Update,Malicious Attachment Simulation,Medium,All,T1566.001,0,0.3743,1,0,0,0,0,0,0,0
EVT000523,EMP0053,Information Technology,Security Analyst,High,0,68,PHISH003,CEO Urgent Payment Request,Business Email Compromise,Hard,Finance,T1566,0,0.4468,0,0,0,0,0,0,0,0
EVT000524,EMP0053,Information Technology,Security Analyst,High,0,68,PHISH004,Package Delivery Notification,Link Phishing,Easy,All,T1566.002,0,0.4424,1,0,0,0,0,0,0,0
EVT000525,EMP0053,Information Technology,Security Analyst,High,0,68,PHISH005,Shared Cloud Document,Cloud Credential Phishing,Medium,All,T1566.003,0,0.4537,1,0,0,0,1,560,0,0
EVT000526,EMP0053,Information Technology,Security Analyst,High,0,68,PHISH006,Fake MFA Verification Request,Identity Phishing,Hard,Information Technology,T1566.002,1,0.5568,1,1,0,1,0,0,1,1
EVT000527,EMP0053,Information Technology,Security Analyst,High,0,68,PHISH007,Payroll Account Verification,Credential Phishing,Medium,Human Resources,T1566.002,0,0.477,1,0,0,0,1,400,0,0
EVT000528,EMP0053,Information Technology,Security Analyst,High,0,68,PHISH008,QR Code Security Verification,QR Phishing,Hard,All,T1566.002,0,0.3754,0,0,0,0,1,245,0,0
EVT000529,EMP0053,Information Technology,Security Analyst,High,0,68,PHISH009,Resume Attachment,Malicious Attachment Simulation,Medium,Human Resources,T1566.001,0,0.4661,1,0,0,0,1,174,0,0
EVT000530,EMP0053,Information Technology,Security Analyst,High,0,68,PHISH010,IT Helpdesk Account Verification,Credential Phishing,Hard,All,T1566.002,0,0.4407,1,1,0,1,0,0,1,1
EVT000531,EMP0054,Information Technology,System Administrator,Privileged,1,74,PHISH001,Microsoft 365 Password Expiration,Credential Phishing,Easy,All,T1566.002,0,0.2256,0,0,0,0,0,0,0,0
EVT000532,EMP0054,Information Technology,System Administrator,Privileged,1,74,PHISH002,HR Benefits Update,Malicious Attachment Simulation,Medium,All,T1566.001,0,0.2343,1,0,0,0,1,254,0,0
EVT000533,EMP0054,Information Technology,System Administrator,Privileged,1,74,PHISH003,CEO Urgent Payment Request,Business Email Compromise,Hard,Finance,T1566,0,0.2108,1,0,0,0,0,0,1,1
EVT000534,EMP0054,Information Technology,System Administrator,Privileged,1,74,PHISH004,Package Delivery Notification,Link Phishing,Easy,All,T1566.002,0,0.2047,1,0,0,0,0,0,0,0
EVT000535,EMP0054,Information Technology,System Administrator,Privileged,1,74,PHISH005,Shared Cloud Document,Cloud Credential Phishing,Medium,All,T1566.003,0,0.1677,1,0,0,0,1,570,0,0
EVT000536,EMP0054,Information Technology,System Administrator,Privileged,1,74,PHISH006,Fake MFA Verification Request,Identity Phishing,Hard,Information Technology,T1566.002,1,0.3015,0,0,0,0,0,0,0,0
EVT000537,EMP0054,Information Technology,System Administrator,Privileged,1,74,PHISH007,Payroll Account Verification,Credential Phishing,Medium,Human Resources,T1566.002,0,0.2685,1,1,0,1,0,0,1,1
EVT000538,EMP0054,Information Technology,System Administrator,Privileged,1,74,PHISH008,QR Code Security Verification,QR Phishing,Hard,All,T1566.002,0,0.1902,1,0,0,0,1,201,0,0
EVT000539,EMP0054,Information Technology,System Administrator,Privileged,1,74,PHISH009,Resume Attachment,Malicious Attachment Simulation,Medium,Human Resources,T1566.001,0,0.372,1,0,1,0,0,0,1,1
EVT000540,EMP0054,Information Technology,System Administrator,Privileged,1,74,PHISH010,IT Helpdesk Account Verification,Credential Phishing,Hard,All,T1566.002,0,0.251,1,0,0,0,1,94,0,0
EVT000541,EMP0055,Marketing,Marketing Specialist,Low,1,80,PHISH001,Microsoft 365 Password Expiration,Credential Phishing,Easy,All,T1566.002,0,0.2032,1,0,0,0,0,0,0,0
EVT000542,EMP0055,Marketing,Marketing Specialist,Low,1,80,PHISH002,HR Benefits Update,Malicious Attachment Simulation,Medium,All,T1566.001,0,0.2693,1,0,0,0,0,0,0,0
EVT000543,EMP0055,Marketing,Marketing Specialist,Low,1,80,PHISH003,CEO Urgent Payment Request,Business Email Compromise,Hard,Finance,T1566,0,0.1556,1,0,0,0,1,292,0,0
EVT000544,EMP0055,Marketing,Marketing Specialist,Low,1,80,PHISH004,Package Delivery Notification,Link Phishing,Easy,All,T1566.002,0,0.2513,1,1,0,0,0,0,1,1
EVT000545,EMP0055,Marketing,Marketing Specialist,Low,1,80,PHISH005,Shared Cloud Document,Cloud Credential Phishing,Medium,All,T1566.003,0,0.249,0,0,0,0,1,210,0,0
EVT000546,EMP0055,Marketing,Marketing Specialist,Low,1,80,PHISH006,Fake MFA Verification Request,Identity Phishing,Hard,Information Technology,T1566.002,0,0.1719,1,0,0,0,0,0,0,0
EVT000547,EMP0055,Marketing,Marketing Specialist,Low,1,80,PHISH007,Payroll Account Verification,Credential Phishing,Medium,Human Resources,T1566.002,0,0.1841,1,0,0,0,1,293,0,0
EVT000548,EMP0055,Marketing,Marketing Specialist,Low,1,80,PHISH008,QR Code Security Verification,QR Phishing,Hard,All,T1566.002,0,0.2936,1,1,0,0,1,195,1,1
EVT000549,EMP0055,Marketing,Marketing Specialist,Low,1,80,PHISH009,Resume Attachment,Malicious Attachment Simulation,Medium,Human Resources,T1566.001,0,0.3044,1,0,0,0,1,168,0,0
EVT000550,EMP0055,Marketing,Marketing Specialist,Low,1,80,PHISH010,IT Helpdesk Account Verification,Credential Phishing,Hard,All,T1566.002,0,0.2503,1,0,0,0,1,165,0,0
EVT000551,EMP0056,Operations,Operations Specialist,Medium,1,93,PHISH001,Microsoft 365 Password Expiration,Credential Phishing,Easy,All,T1566.002,0,0.2252,1,0,0,0,0,0,0,0
EVT000552,EMP0056,Operations,Operations Specialist,Medium,1,93,PHISH002,HR Benefits Update,Malicious Attachment Simulation,Medium,All,T1566.001,0,0.1604,0,0,0,0,0,0,0,0
EVT000553,EMP0056,Operations,Operations Specialist,Medium,1,93,PHISH003,CEO Urgent Payment Request,Business Email Compromise,Hard,Finance,T1566,0,0.1623,1,0,0,0,0,0,0,0
EVT000554,EMP0056,Operations,Operations Specialist,Medium,1,93,PHISH004,Package Delivery Notification,Link Phishing,Easy,All,T1566.002,0,0.2729,1,0,0,0,1,85,0,0
EVT000555,EMP0056,Operations,Operations Specialist,Medium,1,93,PHISH005,Shared Cloud Document,Cloud Credential Phishing,Medium,All,T1566.003,0,0.2544,1,1,0,1,1,124,1,1
EVT000556,EMP0056,Operations,Operations Specialist,Medium,1,93,PHISH006,Fake MFA Verification Request,Identity Phishing,Hard,Information Technology,T1566.002,0,0.2291,1,0,0,0,1,334,0,0
EVT000557,EMP0056,Operations,Operations Specialist,Medium,1,93,PHISH007,Payroll Account Verification,Credential Phishing,Medium,Human Resources,T1566.002,0,0.2815,1,0,0,0,1,1075,0,0
EVT000558,EMP0056,Operations,Operations Specialist,Medium,1,93,PHISH008,QR Code Security Verification,QR Phishing,Hard,All,T1566.002,0,0.2522,1,0,0,0,1,384,0,0
EVT000559,EMP0056,Operations,Operations Specialist,Medium,1,93,PHISH009,Resume Attachment,Malicious Attachment Simulation,Medium,Human Resources,T1566.001,0,0.2831,1,0,1,0,0,0,1,1
EVT000560,EMP0056,Operations,Operations Specialist,Medium,1,93,PHISH010,IT Helpdesk Account Verification,Credential Phishing,Hard,All,T1566.002,0,0.179,1,0,0,0,1,222,0,0
EVT000561,EMP0057,Executive,Chief Officer,Privileged,1,81,PHISH001,Microsoft 365 Password Expiration,Credential Phishing,Easy,All,T1566.002,0,0.3594,1,0,0,0,0,0,0,0
EVT000562,EMP0057,Executive,Chief Officer,Privileged,1,81,PHISH002,HR Benefits Update,Malicious Attachment Simulation,Medium,All,T1566.001,0,0.2663,1,0,0,0,1,236,0,0
EVT000563,EMP0057,Executive,Chief Officer,Privileged,1,81,PHISH003,CEO Urgent Payment Request,Business Email Compromise,Hard,Finance,T1566,0,0.3691,1,0,0,0,1,272,1,1
EVT000564,EMP0057,Executive,Chief Officer,Privileged,1,81,PHISH004,Package Delivery Notification,Link Phishing,Easy,All,T1566.002,0,0.2667,1,1,0,0,0,0,1,1
EVT000565,EMP0057,Executive,Chief Officer,Privileged,1,81,PHISH005,Shared Cloud Document,Cloud Credential Phishing,Medium,All,T1566.003,0,0.2571,1,0,0,0,1,119,0,0
EVT000566,EMP0057,Executive,Chief Officer,Privileged,1,81,PHISH006,Fake MFA Verification Request,Identity Phishing,Hard,Information Technology,T1566.002,0,0.3417,0,0,0,0,1,111,0,0
EVT000567,EMP0057,Executive,Chief Officer,Privileged,1,81,PHISH007,Payroll Account Verification,Credential Phishing,Medium,Human Resources,T1566.002,0,0.2322,1,0,0,0,1,107,0,0
EVT000568,EMP0057,Executive,Chief Officer,Privileged,1,81,PHISH008,QR Code Security Verification,QR Phishing,Hard,All,T1566.002,0,0.358,0,0,0,0,0,0,0,0
EVT000569,EMP0057,Executive,Chief Officer,Privileged,1,81,PHISH009,Resume Attachment,Malicious Attachment Simulation,Medium,Human Resources,T1566.001,0,0.2909,1,0,0,0,0,0,0,0
EVT000570,EMP0057,Executive,Chief Officer,Privileged,1,81,PHISH010,IT Helpdesk Account Verification,Credential Phishing,Hard,All,T1566.002,0,0.3111,1,0,0,0,0,0,0,0
EVT000571,EMP0058,Human Resources,HR Specialist,Medium,1,87,PHISH001,Microsoft 365 Password Expiration,Credential Phishing,Easy,All,T1566.002,0,0.2017,1,1,0,1,1,235,1,1
EVT000572,EMP0058,Human Resources,HR Specialist,Medium,1,87,PHISH002,HR Benefits Update,Malicious Attachment Simulation,Medium,All,T1566.001,0,0.2309,1,0,1,0,0,0,1,1
EVT000573,EMP0058,Human Resources,HR Specialist,Medium,1,87,PHISH003,CEO Urgent Payment Request,Business Email Compromise,Hard,Finance,T1566,0,0.2383,0,0,0,0,0,0,0,0
EVT000574,EMP0058,Human Resources,HR Specialist,Medium,1,87,PHISH004,Package Delivery Notification,Link Phishing,Easy,All,T1566.002,0,0.245,0,0,0,0,0,0,0,0
EVT000575,EMP0058,Human Resources,HR Specialist,Medium,1,87,PHISH005,Shared Cloud Document,Cloud Credential Phishing,Medium,All,T1566.003,0,0.2449,0,0,0,0,1,160,0,0
EVT000576,EMP0058,Human Resources,HR Specialist,Medium,1,87,PHISH006,Fake MFA Verification Request,Identity Phishing,Hard,Information Technology,T1566.002,0,0.2175,1,0,0,0,0,0,0,0
EVT000577,EMP0058,Human Resources,HR Specialist,Medium,1,87,PHISH007,Payroll Account Verification,Credential Phishing,Medium,Human Resources,T1566.002,1,0.2765,1,0,0,0,0,0,0,0
EVT000578,EMP0058,Human Resources,HR Specialist,Medium,1,87,PHISH008,QR Code Security Verification,QR Phishing,Hard,All,T1566.002,0,0.2419,1,0,0,0,1,336,0,0
EVT000579,EMP0058,Human Resources,HR Specialist,Medium,1,87,PHISH009,Resume Attachment,Malicious Attachment Simulation,Medium,Human Resources,T1566.001,1,0.3111,1,0,0,0,0,0,0,0
EVT000580,EMP0058,Human Resources,HR Specialist,Medium,1,87,PHISH010,IT Helpdesk Account Verification,Credential Phishing,Hard,All,T1566.002,0,0.1865,1,0,0,0,0,0,0,0
EVT000581,EMP0059,Human Resources,Recruiter,Medium,1,81,PHISH001,Microsoft 365 Password Expiration,Credential Phishing,Easy,All,T1566.002,0,0.2982,1,1,0,0,0,0,1,1
EVT000582,EMP0059,Human Resources,Recruiter,Medium,1,81,PHISH002,HR Benefits Update,Malicious Attachment Simulation,Medium,All,T1566.001,0,0.2761,1,0,1,0,0,0,1,1
EVT000583,EMP0059,Human Resources,Recruiter,Medium,1,81,PHISH003,CEO Urgent Payment Request,Business Email Compromise,Hard,Finance,T1566,0,0.2309,1,0,0,0,1,187,0,0
EVT000584,EMP0059,Human Resources,Recruiter,Medium,1,81,PHISH004,Package Delivery Notification,Link Phishing,Easy,All,T1566.002,0,0.3223,1,0,0,0,1,175,0,0
EVT000585,EMP0059,Human Resources,Recruiter,Medium,1,81,PHISH005,Shared Cloud Document,Cloud Credential Phishing,Medium,All,T1566.003,0,0.3524,0,0,0,0,1,706,0,0
EVT000586,EMP0059,Human Resources,Recruiter,Medium,1,81,PHISH006,Fake MFA Verification Request,Identity Phishing,Hard,Information Technology,T1566.002,0,0.2635,1,0,0,0,1,241,0,0
EVT000587,EMP0059,Human Resources,Recruiter,Medium,1,81,PHISH007,Payroll Account Verification,Credential Phishing,Medium,Human Resources,T1566.002,1,0.4256,1,1,0,1,1,89,1,1
EVT000588,EMP0059,Human Resources,Recruiter,Medium,1,81,PHISH008,QR Code Security Verification,QR Phishing,Hard,All,T1566.002,0,0.2534,1,0,0,0,1,387,0,0
EVT000589,EMP0059,Human Resources,Recruiter,Medium,1,81,PHISH009,Resume Attachment,Malicious Attachment Simulation,Medium,Human Resources,T1566.001,1,0.3513,1,0,0,0,0,0,0,0
EVT000590,EMP0059,Human Resources,Recruiter,Medium,1,81,PHISH010,IT Helpdesk Account Verification,Credential Phishing,Hard,All,T1566.002,0,0.2578,1,0,0,0,1,172,0,0
EVT000591,EMP0060,Sales,Sales Manager,Low,0,82,PHISH001,Microsoft 365 Password Expiration,Credential Phishing,Easy,All,T1566.002,0,0.2845,0,0,0,0,1,124,0,0
EVT000592,EMP0060,Sales,Sales Manager,Low,0,82,PHISH002,HR Benefits Update,Malicious Attachment Simulation,Medium,All,T1566.001,0,0.2677,1,0,0,0,1,231,0,0
EVT000593,EMP0060,Sales,Sales Manager,Low,0,82,PHISH003,CEO Urgent Payment Request,Business Email Compromise,Hard,Finance,T1566,0,0.4183,1,0,0,0,1,412,0,0
EVT000594,EMP0060,Sales,Sales Manager,Low,0,82,PHISH004,Package Delivery Notification,Link Phishing,Easy,All,T1566.002,0,0.3052,1,0,0,0,1,148,0,0
EVT000595,EMP0060,Sales,Sales Manager,Low,0,82,PHISH005,Shared Cloud Document,Cloud Credential Phishing,Medium,All,T1566.003,0,0.3723,1,0,0,0,1,230,0,0
EVT000596,EMP0060,Sales,Sales Manager,Low,0,82,PHISH006,Fake MFA Verification Request,Identity Phishing,Hard,Information Technology,T1566.002,0,0.3549,1,1,0,1,0,0,1,1
EVT000597,EMP0060,Sales,Sales Manager,Low,0,82,PHISH007,Payroll Account Verification,Credential Phishing,Medium,Human Resources,T1566.002,0,0.366,1,1,0,0,1,452,1,1
EVT000598,EMP0060,Sales,Sales Manager,Low,0,82,PHISH008,QR Code Security Verification,QR Phishing,Hard,All,T1566.002,0,0.4307,1,0,0,0,1,407,0,0
EVT000599,EMP0060,Sales,Sales Manager,Low,0,82,PHISH009,Resume Attachment,Malicious Attachment Simulation,Medium,Human Resources,T1566.001,0,0.3812,1,0,0,0,1,194,0,0
EVT000600,EMP0060,Sales,Sales Manager,Low,0,82,PHISH010,IT Helpdesk Account Verification,Credential Phishing,Hard,All,T1566.002,0,0.3815,1,0,0,0,0,0,0,0
EVT000601,EMP0061,Finance,Financial Analyst,Medium,1,81,PHISH001,Microsoft 365 Password Expiration,Credential Phishing,Easy,All,T1566.002,0,0.2245,1,0,0,0,1,207,0,0
EVT000602,EMP0061,Finance,Financial Analyst,Medium,1,81,PHISH002,HR Benefits Update,Malicious Attachment Simulation,Medium,All,T1566.001,0,0.262,1,0,0,0,0,0,0,0
EVT000603,EMP0061,Finance,Financial Analyst,Medium,1,81,PHISH003,CEO Urgent Payment Request,Business Email Compromise,Hard,Finance,T1566,1,0.3182,1,0,0,0,0,0,1,1
EVT000604,EMP0061,Finance,Financial Analyst,Medium,1,81,PHISH004,Package Delivery Notification,Link Phishing,Easy,All,T1566.002,0,0.2292,1,0,0,0,1,632,0,0
EVT000605,EMP0061,Finance,Financial Analyst,Medium,1,81,PHISH005,Shared Cloud Document,Cloud Credential Phishing,Medium,All,T1566.003,0,0.3275,1,0,0,0,0,0,0,0
EVT000606,EMP0061,Finance,Financial Analyst,Medium,1,81,PHISH006,Fake MFA Verification Request,Identity Phishing,Hard,Information Technology,T1566.002,0,0.2662,1,1,0,1,1,311,1,1
EVT000607,EMP0061,Finance,Financial Analyst,Medium,1,81,PHISH007,Payroll Account Verification,Credential Phishing,Medium,Human Resources,T1566.002,0,0.3419,1,0,0,0,1,184,0,0
EVT000608,EMP0061,Finance,Financial Analyst,Medium,1,81,PHISH008,QR Code Security Verification,QR Phishing,Hard,All,T1566.002,0,0.2846,1,0,0,0,1,293,0,0
EVT000609,EMP0061,Finance,Financial Analyst,Medium,1,81,PHISH009,Resume Attachment,Malicious Attachment Simulation,Medium,Human Resources,T1566.001,0,0.3346,1,0,0,0,1,333,0,0
EVT000610,EMP0061,Finance,Financial Analyst,Medium,1,81,PHISH010,IT Helpdesk Account Verification,Credential Phishing,Hard,All,T1566.002,0,0.2906,1,0,0,0,1,195,0,0
EVT000611,EMP0062,Sales,Sales Representative,Low,1,69,PHISH001,Microsoft 365 Password Expiration,Credential Phishing,Easy,All,T1566.002,0,0.3228,1,0,0,0,1,99,0,0
EVT000612,EMP0062,Sales,Sales Representative,Low,1,69,PHISH002,HR Benefits Update,Malicious Attachment Simulation,Medium,All,T1566.001,0,0.3856,1,0,0,0,1,305,0,0
EVT000613,EMP0062,Sales,Sales Representative,Low,1,69,PHISH003,CEO Urgent Payment Request,Business Email Compromise,Hard,Finance,T1566,0,0.3726,0,0,0,0,1,175,1,1
EVT000614,EMP0062,Sales,Sales Representative,Low,1,69,PHISH004,Package Delivery Notification,Link Phishing,Easy,All,T1566.002,0,0.3488,1,1,0,0,1,356,1,1
EVT000615,EMP0062,Sales,Sales Representative,Low,1,69,PHISH005,Shared Cloud Document,Cloud Credential Phishing,Medium,All,T1566.003,0,0.3555,1,1,0,1,0,0,1,1
EVT000616,EMP0062,Sales,Sales Representative,Low,1,69,PHISH006,Fake MFA Verification Request,Identity Phishing,Hard,Information Technology,T1566.002,0,0.3145,1,1,0,1,0,0,1,1
EVT000617,EMP0062,Sales,Sales Representative,Low,1,69,PHISH007,Payroll Account Verification,Credential Phishing,Medium,Human Resources,T1566.002,0,0.322,1,0,0,0,0,0,0,0
EVT000618,EMP0062,Sales,Sales Representative,Low,1,69,PHISH008,QR Code Security Verification,QR Phishing,Hard,All,T1566.002,0,0.3466,1,1,0,0,0,0,1,1
EVT000619,EMP0062,Sales,Sales Representative,Low,1,69,PHISH009,Resume Attachment,Malicious Attachment Simulation,Medium,Human Resources,T1566.001,0,0.3248,1,0,0,0,1,295,0,0
EVT000620,EMP0062,Sales,Sales Representative,Low,1,69,PHISH010,IT Helpdesk Account Verification,Credential Phishing,Hard,All,T1566.002,0,0.3943,0,0,0,0,0,0,1,1
EVT000621,EMP0063,Legal,Legal Assistant,Medium,1,63,PHISH001,Microsoft 365 Password Expiration,Credential Phishing,Easy,All,T1566.002,0,0.1646,0,0,0,0,0,0,0,0
EVT000622,EMP0063,Legal,Legal Assistant,Medium,1,63,PHISH002,HR Benefits Update,Malicious Attachment Simulation,Medium,All,T1566.001,0,0.2376,1,0,0,0,1,132,0,0
EVT000623,EMP0063,Legal,Legal Assistant,Medium,1,63,PHISH003,CEO Urgent Payment Request,Business Email Compromise,Hard,Finance,T1566,0,0.294,0,0,0,0,0,0,0,0
EVT000624,EMP0063,Legal,Legal Assistant,Medium,1,63,PHISH004,Package Delivery Notification,Link Phishing,Easy,All,T1566.002,0,0.3097,1,0,0,0,1,122,0,0
EVT000625,EMP0063,Legal,Legal Assistant,Medium,1,63,PHISH005,Shared Cloud Document,Cloud Credential Phishing,Medium,All,T1566.003,0,0.296,1,0,0,0,1,397,0,0
EVT000626,EMP0063,Legal,Legal Assistant,Medium,1,63,PHISH006,Fake MFA Verification Request,Identity Phishing,Hard,Information Technology,T1566.002,0,0.319,1,0,0,0,1,187,0,0
EVT000627,EMP0063,Legal,Legal Assistant,Medium,1,63,PHISH007,Payroll Account Verification,Credential Phishing,Medium,Human Resources,T1566.002,0,0.2844,1,0,0,0,1,949,0,0
EVT000628,EMP0063,Legal,Legal Assistant,Medium,1,63,PHISH008,QR Code Security Verification,QR Phishing,Hard,All,T1566.002,0,0.2999,1,1,0,0,0,0,1,1
EVT000629,EMP0063,Legal,Legal Assistant,Medium,1,63,PHISH009,Resume Attachment,Malicious Attachment Simulation,Medium,Human Resources,T1566.001,0,0.2247,1,0,0,0,0,0,0,0
EVT000630,EMP0063,Legal,Legal Assistant,Medium,1,63,PHISH010,IT Helpdesk Account Verification,Credential Phishing,Hard,All,T1566.002,0,0.227,1,0,0,0,0,0,0,0
EVT000631,EMP0064,Operations,Operations Manager,Medium,1,85,PHISH001,Microsoft 365 Password Expiration,Credential Phishing,Easy,All,T1566.002,0,0.3528,1,1,0,1,0,0,1,1
EVT000632,EMP0064,Operations,Operations Manager,Medium,1,85,PHISH002,HR Benefits Update,Malicious Attachment Simulation,Medium,All,T1566.001,0,0.3275,1,0,1,0,1,838,1,1
EVT000633,EMP0064,Operations,Operations Manager,Medium,1,85,PHISH003,CEO Urgent Payment Request,Business Email Compromise,Hard,Finance,T1566,0,0.2583,1,0,0,0,1,173,0,0
EVT000634,EMP0064,Operations,Operations Manager,Medium,1,85,PHISH004,Package Delivery Notification,Link Phishing,Easy,All,T1566.002,0,0.2941,1,0,0,0,1,246,0,0
EVT000635,EMP0064,Operations,Operations Manager,Medium,1,85,PHISH005,Shared Cloud Document,Cloud Credential Phishing,Medium,All,T1566.003,0,0.4643,1,0,0,0,1,113,0,0
EVT000636,EMP0064,Operations,Operations Manager,Medium,1,85,PHISH006,Fake MFA Verification Request,Identity Phishing,Hard,Information Technology,T1566.002,0,0.3817,0,0,0,0,1,239,0,0
EVT000637,EMP0064,Operations,Operations Manager,Medium,1,85,PHISH007,Payroll Account Verification,Credential Phishing,Medium,Human Resources,T1566.002,0,0.3678,1,0,0,0,0,0,0,0
EVT000638,EMP0064,Operations,Operations Manager,Medium,1,85,PHISH008,QR Code Security Verification,QR Phishing,Hard,All,T1566.002,0,0.2795,1,0,0,0,1,465,0,0
EVT000639,EMP0064,Operations,Operations Manager,Medium,1,85,PHISH009,Resume Attachment,Malicious Attachment Simulation,Medium,Human Resources,T1566.001,0,0.2846,1,0,0,0,1,187,0,0
EVT000640,EMP0064,Operations,Operations Manager,Medium,1,85,PHISH010,IT Helpdesk Account Verification,Credential Phishing,Hard,All,T1566.002,0,0.3685,0,0,0,0,1,153,0,0
EVT000641,EMP0065,Sales,Sales Manager,Low,1,89,PHISH001,Microsoft 365 Password Expiration,Credential Phishing,Easy,All,T1566.002,0,0.2926,0,0,0,0,1,164,0,0
EVT000642,EMP0065,Sales,Sales Manager,Low,1,89,PHISH002,HR Benefits Update,Malicious Attachment Simulation,Medium,All,T1566.001,0,0.1609,1,0,0,0,1,146,0,0
EVT000643,EMP0065,Sales,Sales Manager,Low,1,89,PHISH003,CEO Urgent Payment Request,Business Email Compromise,Hard,Finance,T1566,0,0.2068,1,0,0,0,0,0,0,0
EVT000644,EMP0065,Sales,Sales Manager,Low,1,89,PHISH004,Package Delivery Notification,Link Phishing,Easy,All,T1566.002,0,0.1007,1,1,0,0,0,0,1,1
EVT000645,EMP0065,Sales,Sales Manager,Low,1,89,PHISH005,Shared Cloud Document,Cloud Credential Phishing,Medium,All,T1566.003,0,0.226,1,0,0,0,1,220,0,0
EVT000646,EMP0065,Sales,Sales Manager,Low,1,89,PHISH006,Fake MFA Verification Request,Identity Phishing,Hard,Information Technology,T1566.002,0,0.3218,1,0,0,0,1,283,0,0
EVT000647,EMP0065,Sales,Sales Manager,Low,1,89,PHISH007,Payroll Account Verification,Credential Phishing,Medium,Human Resources,T1566.002,0,0.2576,1,0,0,0,1,132,0,0
EVT000648,EMP0065,Sales,Sales Manager,Low,1,89,PHISH008,QR Code Security Verification,QR Phishing,Hard,All,T1566.002,0,0.2571,0,0,0,0,0,0,0,0
EVT000649,EMP0065,Sales,Sales Manager,Low,1,89,PHISH009,Resume Attachment,Malicious Attachment Simulation,Medium,Human Resources,T1566.001,0,0.236,1,0,0,0,0,0,0,0
EVT000650,EMP0065,Sales,Sales Manager,Low,1,89,PHISH010,IT Helpdesk Account Verification,Credential Phishing,Hard,All,T1566.002,0,0.3549,1,1,0,0,1,430,1,1
EVT000651,EMP0066,Executive,Director,Privileged,1,82,PHISH001,Microsoft 365 Password Expiration,Credential Phishing,Easy,All,T1566.002,0,0.1384,1,0,0,0,1,223,0,0
EVT000652,EMP0066,Executive,Director,Privileged,1,82,PHISH002,HR Benefits Update,Malicious Attachment Simulation,Medium,All,T1566.001,0,0.2581,1,0,1,0,0,0,1,1
EVT000653,EMP0066,Executive,Director,Privileged,1,82,PHISH003,CEO Urgent Payment Request,Business Email Compromise,Hard,Finance,T1566,0,0.2908,1,0,0,0,1,171,0,0
EVT000654,EMP0066,Executive,Director,Privileged,1,82,PHISH004,Package Delivery Notification,Link Phishing,Easy,All,T1566.002,0,0.1459,1,0,0,0,1,377,0,0
EVT000655,EMP0066,Executive,Director,Privileged,1,82,PHISH005,Shared Cloud Document,Cloud Credential Phishing,Medium,All,T1566.003,0,0.1674,1,0,0,0,0,0,0,0
EVT000656,EMP0066,Executive,Director,Privileged,1,82,PHISH006,Fake MFA Verification Request,Identity Phishing,Hard,Information Technology,T1566.002,0,0.1799,1,0,0,0,0,0,0,0
EVT000657,EMP0066,Executive,Director,Privileged,1,82,PHISH007,Payroll Account Verification,Credential Phishing,Medium,Human Resources,T1566.002,0,0.2542,1,1,0,0,1,349,1,1
EVT000658,EMP0066,Executive,Director,Privileged,1,82,PHISH008,QR Code Security Verification,QR Phishing,Hard,All,T1566.002,0,0.1988,1,0,0,0,0,0,0,0
EVT000659,EMP0066,Executive,Director,Privileged,1,82,PHISH009,Resume Attachment,Malicious Attachment Simulation,Medium,Human Resources,T1566.001,0,0.2174,1,0,0,0,1,105,0,0
EVT000660,EMP0066,Executive,Director,Privileged,1,82,PHISH010,IT Helpdesk Account Verification,Credential Phishing,Hard,All,T1566.002,0,0.2913,0,0,0,0,1,270,0,0
EVT000661,EMP0067,Marketing,Marketing Specialist,Low,1,67,PHISH001,Microsoft 365 Password Expiration,Credential Phishing,Easy,All,T1566.002,0,0.3458,1,1,0,0,1,88,1,1
EVT000662,EMP0067,Marketing,Marketing Specialist,Low,1,67,PHISH002,HR Benefits Update,Malicious Attachment Simulation,Medium,All,T1566.001,0,0.368,0,0,0,0,1,319,0,0
EVT000663,EMP0067,Marketing,Marketing Specialist,Low,1,67,PHISH003,CEO Urgent Payment Request,Business Email Compromise,Hard,Finance,T1566,0,0.3343,1,0,0,0,0,0,1,1
EVT000664,EMP0067,Marketing,Marketing Specialist,Low,1,67,PHISH004,Package Delivery Notification,Link Phishing,Easy,All,T1566.002,0,0.2999,1,0,0,0,1,107,0,0
EVT000665,EMP0067,Marketing,Marketing Specialist,Low,1,67,PHISH005,Shared Cloud Document,Cloud Credential Phishing,Medium,All,T1566.003,0,0.3766,1,1,0,1,0,0,1,1
EVT000666,EMP0067,Marketing,Marketing Specialist,Low,1,67,PHISH006,Fake MFA Verification Request,Identity Phishing,Hard,Information Technology,T1566.002,0,0.3994,0,0,0,0,0,0,0,0
EVT000667,EMP0067,Marketing,Marketing Specialist,Low,1,67,PHISH007,Payroll Account Verification,Credential Phishing,Medium,Human Resources,T1566.002,0,0.4513,0,0,0,0,0,0,0,0
EVT000668,EMP0067,Marketing,Marketing Specialist,Low,1,67,PHISH008,QR Code Security Verification,QR Phishing,Hard,All,T1566.002,0,0.4512,1,1,0,0,0,0,1,1
EVT000669,EMP0067,Marketing,Marketing Specialist,Low,1,67,PHISH009,Resume Attachment,Malicious Attachment Simulation,Medium,Human Resources,T1566.001,0,0.3106,0,0,0,0,1,91,0,0
EVT000670,EMP0067,Marketing,Marketing Specialist,Low,1,67,PHISH010,IT Helpdesk Account Verification,Credential Phishing,Hard,All,T1566.002,0,0.3486,0,0,0,0,0,0,0,0
EVT000671,EMP0068,Human Resources,HR Manager,High,1,68,PHISH001,Microsoft 365 Password Expiration,Credential Phishing,Easy,All,T1566.002,0,0.3851,1,0,0,0,1,452,0,0
EVT000672,EMP0068,Human Resources,HR Manager,High,1,68,PHISH002,HR Benefits Update,Malicious Attachment Simulation,Medium,All,T1566.001,0,0.4073,0,0,0,0,1,718,1,1
EVT000673,EMP0068,Human Resources,HR Manager,High,1,68,PHISH003,CEO Urgent Payment Request,Business Email Compromise,Hard,Finance,T1566,0,0.3548,1,0,0,0,1,282,0,0
EVT000674,EMP0068,Human Resources,HR Manager,High,1,68,PHISH004,Package Delivery Notification,Link Phishing,Easy,All,T1566.002,0,0.2832,1,0,0,0,0,0,0,0
EVT000675,EMP0068,Human Resources,HR Manager,High,1,68,PHISH005,Shared Cloud Document,Cloud Credential Phishing,Medium,All,T1566.003,0,0.4688,1,0,0,0,1,161,0,0
EVT000676,EMP0068,Human Resources,HR Manager,High,1,68,PHISH006,Fake MFA Verification Request,Identity Phishing,Hard,Information Technology,T1566.002,0,0.3809,0,0,0,0,0,0,0,0
EVT000677,EMP0068,Human Resources,HR Manager,High,1,68,PHISH007,Payroll Account Verification,Credential Phishing,Medium,Human Resources,T1566.002,1,0.4944,1,0,0,0,1,114,0,0
EVT000678,EMP0068,Human Resources,HR Manager,High,1,68,PHISH008,QR Code Security Verification,QR Phishing,Hard,All,T1566.002,0,0.3408,1,0,0,0,0,0,0,0
EVT000679,EMP0068,Human Resources,HR Manager,High,1,68,PHISH009,Resume Attachment,Malicious Attachment Simulation,Medium,Human Resources,T1566.001,1,0.5299,1,0,1,0,1,568,1,1
EVT000680,EMP0068,Human Resources,HR Manager,High,1,68,PHISH010,IT Helpdesk Account Verification,Credential Phishing,Hard,All,T1566.002,0,0.3061,0,0,0,0,0,0,0,0
EVT000681,EMP0069,Legal,Compliance Analyst,High,1,78,PHISH001,Microsoft 365 Password Expiration,Credential Phishing,Easy,All,T1566.002,0,0.1765,0,0,0,0,1,321,0,0
EVT000682,EMP0069,Legal,Compliance Analyst,High,1,78,PHISH002,HR Benefits Update,Malicious Attachment Simulation,Medium,All,T1566.001,0,0.1956,0,0,0,0,1,402,0,0
EVT000683,EMP0069,Legal,Compliance Analyst,High,1,78,PHISH003,CEO Urgent Payment Request,Business Email Compromise,Hard,Finance,T1566,0,0.282,1,0,0,0,0,0,0,0
EVT000684,EMP0069,Legal,Compliance Analyst,High,1,78,PHISH004,Package Delivery Notification,Link Phishing,Easy,All,T1566.002,0,0.306,1,1,0,0,1,195,1,1
EVT000685,EMP0069,Legal,Compliance Analyst,High,1,78,PHISH005,Shared Cloud Document,Cloud Credential Phishing,Medium,All,T1566.003,0,0.217,1,1,0,1,0,0,1,1
EVT000686,EMP0069,Legal,Compliance Analyst,High,1,78,PHISH006,Fake MFA Verification Request,Identity Phishing,Hard,Information Technology,T1566.002,0,0.2323,1,1,0,0,0,0,1,1
EVT000687,EMP0069,Legal,Compliance Analyst,High,1,78,PHISH007,Payroll Account Verification,Credential Phishing,Medium,Human Resources,T1566.002,0,0.2397,1,0,0,0,1,153,0,0
EVT000688,EMP0069,Legal,Compliance Analyst,High,1,78,PHISH008,QR Code Security Verification,QR Phishing,Hard,All,T1566.002,0,0.3349,1,1,0,0,1,139,1,1
EVT000689,EMP0069,Legal,Compliance Analyst,High,1,78,PHISH009,Resume Attachment,Malicious Attachment Simulation,Medium,Human Resources,T1566.001,0,0.189,1,0,0,0,1,176,0,0
EVT000690,EMP0069,Legal,Compliance Analyst,High,1,78,PHISH010,IT Helpdesk Account Verification,Credential Phishing,Hard,All,T1566.002,0,0.2867,0,0,0,0,1,217,0,0
EVT000691,EMP0070,Executive,Chief Officer,High,1,95,PHISH001,Microsoft 365 Password Expiration,Credential Phishing,Easy,All,T1566.002,0,0.1666,1,0,0,0,1,75,0,0
EVT000692,EMP0070,Executive,Chief Officer,High,1,95,PHISH002,HR Benefits Update,Malicious Attachment Simulation,Medium,All,T1566.001,0,0.0673,1,0,0,0,1,223,0,0
EVT000693,EMP0070,Executive,Chief Officer,High,1,95,PHISH003,CEO Urgent Payment Request,Business Email Compromise,Hard,Finance,T1566,0,0.1499,0,0,0,0,1,134,0,0
EVT000694,EMP0070,Executive,Chief Officer,High,1,95,PHISH004,Package Delivery Notification,Link Phishing,Easy,All,T1566.002,0,0.0736,1,0,0,0,0,0,0,0
EVT000695,EMP0070,Executive,Chief Officer,High,1,95,PHISH005,Shared Cloud Document,Cloud Credential Phishing,Medium,All,T1566.003,0,0.03,0,0,0,0,1,461,0,0
EVT000696,EMP0070,Executive,Chief Officer,High,1,95,PHISH006,Fake MFA Verification Request,Identity Phishing,Hard,Information Technology,T1566.002,0,0.1579,0,0,0,0,1,215,0,0
EVT000697,EMP0070,Executive,Chief Officer,High,1,95,PHISH007,Payroll Account Verification,Credential Phishing,Medium,Human Resources,T1566.002,0,0.0604,1,0,0,0,1,171,0,0
EVT000698,EMP0070,Executive,Chief Officer,High,1,95,PHISH008,QR Code Security Verification,QR Phishing,Hard,All,T1566.002,0,0.2219,1,0,0,0,1,565,0,0
EVT000699,EMP0070,Executive,Chief Officer,High,1,95,PHISH009,Resume Attachment,Malicious Attachment Simulation,Medium,Human Resources,T1566.001,0,0.1383,1,0,1,0,0,0,1,1
EVT000700,EMP0070,Executive,Chief Officer,High,1,95,PHISH010,IT Helpdesk Account Verification,Credential Phishing,Hard,All,T1566.002,0,0.1704,1,0,0,0,0,0,0,0
EVT000701,EMP0071,Human Resources,HR Specialist,High,1,65,PHISH001,Microsoft 365 Password Expiration,Credential Phishing,Easy,All,T1566.002,0,0.2493,1,0,0,0,1,89,0,0
EVT000702,EMP0071,Human Resources,HR Specialist,High,1,65,PHISH002,HR Benefits Update,Malicious Attachment Simulation,Medium,All,T1566.001,0,0.1591,1,0,0,0,1,263,0,0
EVT000703,EMP0071,Human Resources,HR Specialist,High,1,65,PHISH003,CEO Urgent Payment Request,Business Email Compromise,Hard,Finance,T1566,0,0.2212,0,0,0,0,0,0,0,0
EVT000704,EMP0071,Human Resources,HR Specialist,High,1,65,PHISH004,Package Delivery Notification,Link Phishing,Easy,All,T1566.002,0,0.2941,1,1,0,0,0,0,1,1
EVT000705,EMP0071,Human Resources,HR Specialist,High,1,65,PHISH005,Shared Cloud Document,Cloud Credential Phishing,Medium,All,T1566.003,0,0.206,0,0,0,0,0,0,0,0
EVT000706,EMP0071,Human Resources,HR Specialist,High,1,65,PHISH006,Fake MFA Verification Request,Identity Phishing,Hard,Information Technology,T1566.002,0,0.2352,1,1,0,1,1,178,1,1
EVT000707,EMP0071,Human Resources,HR Specialist,High,1,65,PHISH007,Payroll Account Verification,Credential Phishing,Medium,Human Resources,T1566.002,1,0.3464,1,1,0,0,0,0,1,1
EVT000708,EMP0071,Human Resources,HR Specialist,High,1,65,PHISH008,QR Code Security Verification,QR Phishing,Hard,All,T1566.002,0,0.3403,1,1,0,0,0,0,1,1
EVT000709,EMP0071,Human Resources,HR Specialist,High,1,65,PHISH009,Resume Attachment,Malicious Attachment Simulation,Medium,Human Resources,T1566.001,1,0.3654,1,0,1,0,0,0,1,1
EVT000710,EMP0071,Human Resources,HR Specialist,High,1,65,PHISH010,IT Helpdesk Account Verification,Credential Phishing,Hard,All,T1566.002,0,0.2147,1,0,0,0,1,142,0,0
EVT000711,EMP0072,Legal,Legal Assistant,Medium,1,83,PHISH001,Microsoft 365 Password Expiration,Credential Phishing,Easy,All,T1566.002,0,0.2237,1,0,0,0,0,0,0,0
EVT000712,EMP0072,Legal,Legal Assistant,Medium,1,83,PHISH002,HR Benefits Update,Malicious Attachment Simulation,Medium,All,T1566.001,0,0.2715,1,0,1,0,1,177,1,1
EVT000713,EMP0072,Legal,Legal Assistant,Medium,1,83,PHISH003,CEO Urgent Payment Request,Business Email Compromise,Hard,Finance,T1566,0,0.2272,0,0,0,0,1,61,0,0
EVT000714,EMP0072,Legal,Legal Assistant,Medium,1,83,PHISH004,Package Delivery Notification,Link Phishing,Easy,All,T1566.002,0,0.1697,1,1,0,0,0,0,1,1
EVT000715,EMP0072,Legal,Legal Assistant,Medium,1,83,PHISH005,Shared Cloud Document,Cloud Credential Phishing,Medium,All,T1566.003,0,0.2138,1,0,0,0,1,87,0,0
EVT000716,EMP0072,Legal,Legal Assistant,Medium,1,83,PHISH006,Fake MFA Verification Request,Identity Phishing,Hard,Information Technology,T1566.002,0,0.1956,1,1,0,1,0,0,1,1
EVT000717,EMP0072,Legal,Legal Assistant,Medium,1,83,PHISH007,Payroll Account Verification,Credential Phishing,Medium,Human Resources,T1566.002,0,0.1598,1,0,0,0,1,159,0,0
EVT000718,EMP0072,Legal,Legal Assistant,Medium,1,83,PHISH008,QR Code Security Verification,QR Phishing,Hard,All,T1566.002,0,0.1916,1,0,0,0,0,0,0,0
EVT000719,EMP0072,Legal,Legal Assistant,Medium,1,83,PHISH009,Resume Attachment,Malicious Attachment Simulation,Medium,Human Resources,T1566.001,0,0.2402,0,0,0,0,1,234,0,0
EVT000720,EMP0072,Legal,Legal Assistant,Medium,1,83,PHISH010,IT Helpdesk Account Verification,Credential Phishing,Hard,All,T1566.002,0,0.2965,1,0,0,0,1,299,0,0
EVT000721,EMP0073,Sales,Sales Representative,Medium,1,83,PHISH001,Microsoft 365 Password Expiration,Credential Phishing,Easy,All,T1566.002,0,0.2861,1,0,0,0,0,0,0,0
EVT000722,EMP0073,Sales,Sales Representative,Medium,1,83,PHISH002,HR Benefits Update,Malicious Attachment Simulation,Medium,All,T1566.001,0,0.1616,0,0,0,0,0,0,0,0
EVT000723,EMP0073,Sales,Sales Representative,Medium,1,83,PHISH003,CEO Urgent Payment Request,Business Email Compromise,Hard,Finance,T1566,0,0.2091,1,0,0,0,0,0,0,0
EVT000724,EMP0073,Sales,Sales Representative,Medium,1,83,PHISH004,Package Delivery Notification,Link Phishing,Easy,All,T1566.002,0,0.198,1,0,0,0,0,0,0,0
EVT000725,EMP0073,Sales,Sales Representative,Medium,1,83,PHISH005,Shared Cloud Document,Cloud Credential Phishing,Medium,All,T1566.003,0,0.1966,1,1,0,1,1,102,1,1
EVT000726,EMP0073,Sales,Sales Representative,Medium,1,83,PHISH006,Fake MFA Verification Request,Identity Phishing,Hard,Information Technology,T1566.002,0,0.2338,1,0,0,0,1,110,0,0
EVT000727,EMP0073,Sales,Sales Representative,Medium,1,83,PHISH007,Payroll Account Verification,Credential Phishing,Medium,Human Resources,T1566.002,0,0.2763,0,0,0,0,0,0,1,1
EVT000728,EMP0073,Sales,Sales Representative,Medium,1,83,PHISH008,QR Code Security Verification,QR Phishing,Hard,All,T1566.002,0,0.203,1,0,0,0,1,456,0,0
EVT000729,EMP0073,Sales,Sales Representative,Medium,1,83,PHISH009,Resume Attachment,Malicious Attachment Simulation,Medium,Human Resources,T1566.001,0,0.3135,1,0,0,0,0,0,0,0
EVT000730,EMP0073,Sales,Sales Representative,Medium,1,83,PHISH010,IT Helpdesk Account Verification,Credential Phishing,Hard,All,T1566.002,0,0.3008,1,1,0,1,0,0,1,1
EVT000731,EMP0074,Information Technology,System Administrator,Medium,1,77,PHISH001,Microsoft 365 Password Expiration,Credential Phishing,Easy,All,T1566.002,0,0.1969,0,0,0,0,0,0,0,0
EVT000732,EMP0074,Information Technology,System Administrator,Medium,1,77,PHISH002,HR Benefits Update,Malicious Attachment Simulation,Medium,All,T1566.001,0,0.2111,1,0,0,0,1,163,0,0
EVT000733,EMP0074,Information Technology,System Administrator,Medium,1,77,PHISH003,CEO Urgent Payment Request,Business Email Compromise,Hard,Finance,T1566,0,0.2923,1,0,0,0,0,0,0,0
EVT000734,EMP0074,Information Technology,System Administrator,Medium,1,77,PHISH004,Package Delivery Notification,Link Phishing,Easy,All,T1566.002,0,0.333,1,0,0,0,1,157,0,0
EVT000735,EMP0074,Information Technology,System Administrator,Medium,1,77,PHISH005,Shared Cloud Document,Cloud Credential Phishing,Medium,All,T1566.003,0,0.3636,1,0,0,0,1,83,0,0
EVT000736,EMP0074,Information Technology,System Administrator,Medium,1,77,PHISH006,Fake MFA Verification Request,Identity Phishing,Hard,Information Technology,T1566.002,1,0.4415,1,1,0,0,0,0,1,1
EVT000737,EMP0074,Information Technology,System Administrator,Medium,1,77,PHISH007,Payroll Account Verification,Credential Phishing,Medium,Human Resources,T1566.002,0,0.3182,1,0,0,0,0,0,0,0
EVT000738,EMP0074,Information Technology,System Administrator,Medium,1,77,PHISH008,QR Code Security Verification,QR Phishing,Hard,All,T1566.002,0,0.3138,1,0,0,0,0,0,0,0
EVT000739,EMP0074,Information Technology,System Administrator,Medium,1,77,PHISH009,Resume Attachment,Malicious Attachment Simulation,Medium,Human Resources,T1566.001,0,0.3734,1,0,0,0,0,0,0,0
EVT000740,EMP0074,Information Technology,System Administrator,Medium,1,77,PHISH010,IT Helpdesk Account Verification,Credential Phishing,Hard,All,T1566.002,0,0.2601,1,0,0,0,1,208,0,0
EVT000741,EMP0075,Operations,Operations Specialist,Low,1,72,PHISH001,Microsoft 365 Password Expiration,Credential Phishing,Easy,All,T1566.002,0,0.4051,1,1,0,1,1,258,1,1
EVT000742,EMP0075,Operations,Operations Specialist,Low,1,72,PHISH002,HR Benefits Update,Malicious Attachment Simulation,Medium,All,T1566.001,0,0.2995,0,0,0,0,0,0,1,1
EVT000743,EMP0075,Operations,Operations Specialist,Low,1,72,PHISH003,CEO Urgent Payment Request,Business Email Compromise,Hard,Finance,T1566,0,0.3875,1,0,0,0,1,290,1,1
EVT000744,EMP0075,Operations,Operations Specialist,Low,1,72,PHISH004,Package Delivery Notification,Link Phishing,Easy,All,T1566.002,0,0.3567,1,1,0,0,1,687,1,1
EVT000745,EMP0075,Operations,Operations Specialist,Low,1,72,PHISH005,Shared Cloud Document,Cloud Credential Phishing,Medium,All,T1566.003,0,0.2746,0,0,0,0,1,410,0,0
EVT000746,EMP0075,Operations,Operations Specialist,Low,1,72,PHISH006,Fake MFA Verification Request,Identity Phishing,Hard,Information Technology,T1566.002,0,0.3093,1,0,0,0,1,95,0,0
EVT000747,EMP0075,Operations,Operations Specialist,Low,1,72,PHISH007,Payroll Account Verification,Credential Phishing,Medium,Human Resources,T1566.002,0,0.3774,0,0,0,0,1,132,0,0
EVT000748,EMP0075,Operations,Operations Specialist,Low,1,72,PHISH008,QR Code Security Verification,QR Phishing,Hard,All,T1566.002,0,0.4685,1,0,0,0,1,167,0,0
EVT000749,EMP0075,Operations,Operations Specialist,Low,1,72,PHISH009,Resume Attachment,Malicious Attachment Simulation,Medium,Human Resources,T1566.001,0,0.4161,0,0,0,0,0,0,1,1
EVT000750,EMP0075,Operations,Operations Specialist,Low,1,72,PHISH010,IT Helpdesk Account Verification,Credential Phishing,Hard,All,T1566.002,0,0.3803,1,0,0,0,1,111,0,0
EVT000751,EMP0076,Human Resources,Recruiter,Medium,1,88,PHISH001,Microsoft 365 Password Expiration,Credential Phishing,Easy,All,T1566.002,0,0.2029,1,0,0,0,1,228,0,0
EVT000752,EMP0076,Human Resources,Recruiter,Medium,1,88,PHISH002,HR Benefits Update,Malicious Attachment Simulation,Medium,All,T1566.001,0,0.1405,0,0,0,0,0,0,0,0
EVT000753,EMP0076,Human Resources,Recruiter,Medium,1,88,PHISH003,CEO Urgent Payment Request,Business Email Compromise,Hard,Finance,T1566,0,0.2034,1,0,0,0,0,0,1,1
EVT000754,EMP0076,Human Resources,Recruiter,Medium,1,88,PHISH004,Package Delivery Notification,Link Phishing,Easy,All,T1566.002,0,0.2753,1,0,0,0,1,180,0,0
EVT000755,EMP0076,Human Resources,Recruiter,Medium,1,88,PHISH005,Shared Cloud Document,Cloud Credential Phishing,Medium,All,T1566.003,0,0.1828,1,0,0,0,0,0,0,0
EVT000756,EMP0076,Human Resources,Recruiter,Medium,1,88,PHISH006,Fake MFA Verification Request,Identity Phishing,Hard,Information Technology,T1566.002,0,0.1934,1,0,0,0,1,176,0,0
EVT000757,EMP0076,Human Resources,Recruiter,Medium,1,88,PHISH007,Payroll Account Verification,Credential Phishing,Medium,Human Resources,T1566.002,1,0.2548,1,0,0,0,1,89,0,0
EVT000758,EMP0076,Human Resources,Recruiter,Medium,1,88,PHISH008,QR Code Security Verification,QR Phishing,Hard,All,T1566.002,0,0.2401,1,0,0,0,0,0,0,0
EVT000759,EMP0076,Human Resources,Recruiter,Medium,1,88,PHISH009,Resume Attachment,Malicious Attachment Simulation,Medium,Human Resources,T1566.001,1,0.307,0,0,0,0,0,0,0,0
EVT000760,EMP0076,Human Resources,Recruiter,Medium,1,88,PHISH010,IT Helpdesk Account Verification,Credential Phishing,Hard,All,T1566.002,0,0.2004,1,0,0,0,0,0,0,0
EVT000761,EMP0077,Finance,Finance Manager,Medium,1,67,PHISH001,Microsoft 365 Password Expiration,Credential Phishing,Easy,All,T1566.002,0,0.4391,1,1,0,0,1,242,1,1
EVT000762,EMP0077,Finance,Finance Manager,Medium,1,67,PHISH002,HR Benefits Update,Malicious Attachment Simulation,Medium,All,T1566.001,0,0.4983,1,0,0,0,1,198,0,0
EVT000763,EMP0077,Finance,Finance Manager,Medium,1,67,PHISH003,CEO Urgent Payment Request,Business Email Compromise,Hard,Finance,T1566,1,0.5291,1,0,0,0,0,0,0,0
EVT000764,EMP0077,Finance,Finance Manager,Medium,1,67,PHISH004,Package Delivery Notification,Link Phishing,Easy,All,T1566.002,0,0.4709,1,1,0,0,1,76,1,1
EVT000765,EMP0077,Finance,Finance Manager,Medium,1,67,PHISH005,Shared Cloud Document,Cloud Credential Phishing,Medium,All,T1566.003,0,0.4298,1,0,0,0,0,0,0,0
EVT000766,EMP0077,Finance,Finance Manager,Medium,1,67,PHISH006,Fake MFA Verification Request,Identity Phishing,Hard,Information Technology,T1566.002,0,0.4607,0,0,0,0,1,144,0,0
EVT000767,EMP0077,Finance,Finance Manager,Medium,1,67,PHISH007,Payroll Account Verification,Credential Phishing,Medium,Human Resources,T1566.002,0,0.4818,1,0,0,0,0,0,0,0
EVT000768,EMP0077,Finance,Finance Manager,Medium,1,67,PHISH008,QR Code Security Verification,QR Phishing,Hard,All,T1566.002,0,0.5225,0,0,0,0,1,425,1,1
EVT000769,EMP0077,Finance,Finance Manager,Medium,1,67,PHISH009,Resume Attachment,Malicious Attachment Simulation,Medium,Human Resources,T1566.001,0,0.3629,1,0,1,0,0,0,1,1
EVT000770,EMP0077,Finance,Finance Manager,Medium,1,67,PHISH010,IT Helpdesk Account Verification,Credential Phishing,Hard,All,T1566.002,0,0.4749,1,1,0,1,0,0,1,1
EVT000771,EMP0078,Human Resources,HR Specialist,Medium,1,79,PHISH001,Microsoft 365 Password Expiration,Credential Phishing,Easy,All,T1566.002,0,0.1852,1,1,0,1,1,176,1,1
EVT000772,EMP0078,Human Resources,HR Specialist,Medium,1,79,PHISH002,HR Benefits Update,Malicious Attachment Simulation,Medium,All,T1566.001,0,0.1733,0,0,0,0,1,70,0,0
EVT000773,EMP0078,Human Resources,HR Specialist,Medium,1,79,PHISH003,CEO Urgent Payment Request,Business Email Compromise,Hard,Finance,T1566,0,0.3003,1,0,0,0,1,147,1,1
EVT000774,EMP0078,Human Resources,HR Specialist,Medium,1,79,PHISH004,Package Delivery Notification,Link Phishing,Easy,All,T1566.002,0,0.2715,1,1,0,0,1,226,1,1
EVT000775,EMP0078,Human Resources,HR Specialist,Medium,1,79,PHISH005,Shared Cloud Document,Cloud Credential Phishing,Medium,All,T1566.003,0,0.2428,1,0,0,0,1,191,0,0
EVT000776,EMP0078,Human Resources,HR Specialist,Medium,1,79,PHISH006,Fake MFA Verification Request,Identity Phishing,Hard,Information Technology,T1566.002,0,0.263,1,0,0,0,1,286,0,0
EVT000777,EMP0078,Human Resources,HR Specialist,Medium,1,79,PHISH007,Payroll Account Verification,Credential Phishing,Medium,Human Resources,T1566.002,1,0.3094,1,1,0,0,0,0,1,1
EVT000778,EMP0078,Human Resources,HR Specialist,Medium,1,79,PHISH008,QR Code Security Verification,QR Phishing,Hard,All,T1566.002,0,0.2196,0,0,0,0,1,129,0,0
EVT000779,EMP0078,Human Resources,HR Specialist,Medium,1,79,PHISH009,Resume Attachment,Malicious Attachment Simulation,Medium,Human Resources,T1566.001,1,0.3318,1,0,1,0,0,0,1,1
EVT000780,EMP0078,Human Resources,HR Specialist,Medium,1,79,PHISH010,IT Helpdesk Account Verification,Credential Phishing,Hard,All,T1566.002,0,0.1747,1,0,0,0,1,257,0,0
EVT000781,EMP0079,Marketing,Digital Marketing Analyst,Medium,1,82,PHISH001,Microsoft 365 Password Expiration,Credential Phishing,Easy,All,T1566.002,0,0.2021,1,1,0,1,1,339,1,1
EVT000782,EMP0079,Marketing,Digital Marketing Analyst,Medium,1,82,PHISH002,HR Benefits Update,Malicious Attachment Simulation,Medium,All,T1566.001,0,0.2725,1,0,1,0,1,131,1,1
EVT000783,EMP0079,Marketing,Digital Marketing Analyst,Medium,1,82,PHISH003,CEO Urgent Payment Request,Business Email Compromise,Hard,Finance,T1566,0,0.1313,1,0,0,0,0,0,0,0
EVT000784,EMP0079,Marketing,Digital Marketing Analyst,Medium,1,82,PHISH004,Package Delivery Notification,Link Phishing,Easy,All,T1566.002,0,0.2146,1,0,0,0,1,91,0,0
EVT000785,EMP0079,Marketing,Digital Marketing Analyst,Medium,1,82,PHISH005,Shared Cloud Document,Cloud Credential Phishing,Medium,All,T1566.003,0,0.153,0,0,0,0,0,0,0,0
EVT000786,EMP0079,Marketing,Digital Marketing Analyst,Medium,1,82,PHISH006,Fake MFA Verification Request,Identity Phishing,Hard,Information Technology,T1566.002,0,0.1606,1,1,0,1,0,0,1,1
EVT000787,EMP0079,Marketing,Digital Marketing Analyst,Medium,1,82,PHISH007,Payroll Account Verification,Credential Phishing,Medium,Human Resources,T1566.002,0,0.249,1,0,0,0,0,0,0,0
EVT000788,EMP0079,Marketing,Digital Marketing Analyst,Medium,1,82,PHISH008,QR Code Security Verification,QR Phishing,Hard,All,T1566.002,0,0.2467,1,0,0,0,1,663,0,0
EVT000789,EMP0079,Marketing,Digital Marketing Analyst,Medium,1,82,PHISH009,Resume Attachment,Malicious Attachment Simulation,Medium,Human Resources,T1566.001,0,0.1092,1,0,0,0,1,639,0,0
EVT000790,EMP0079,Marketing,Digital Marketing Analyst,Medium,1,82,PHISH010,IT Helpdesk Account Verification,Credential Phishing,Hard,All,T1566.002,0,0.1657,1,0,0,0,0,0,0,0
EVT000791,EMP0080,Sales,Account Executive,Low,1,84,PHISH001,Microsoft 365 Password Expiration,Credential Phishing,Easy,All,T1566.002,0,0.3429,1,1,0,1,0,0,1,1
EVT000792,EMP0080,Sales,Account Executive,Low,1,84,PHISH002,HR Benefits Update,Malicious Attachment Simulation,Medium,All,T1566.001,0,0.2775,1,0,0,0,1,139,0,0
EVT000793,EMP0080,Sales,Account Executive,Low,1,84,PHISH003,CEO Urgent Payment Request,Business Email Compromise,Hard,Finance,T1566,0,0.3271,1,0,0,0,1,168,0,0
EVT000794,EMP0080,Sales,Account Executive,Low,1,84,PHISH004,Package Delivery Notification,Link Phishing,Easy,All,T1566.002,0,0.3209,1,0,0,0,0,0,0,0
EVT000795,EMP0080,Sales,Account Executive,Low,1,84,PHISH005,Shared Cloud Document,Cloud Credential Phishing,Medium,All,T1566.003,0,0.3164,1,0,0,0,0,0,0,0
EVT000796,EMP0080,Sales,Account Executive,Low,1,84,PHISH006,Fake MFA Verification Request,Identity Phishing,Hard,Information Technology,T1566.002,0,0.3791,1,1,0,1,0,0,1,1
EVT000797,EMP0080,Sales,Account Executive,Low,1,84,PHISH007,Payroll Account Verification,Credential Phishing,Medium,Human Resources,T1566.002,0,0.2187,1,1,0,1,0,0,1,1
EVT000798,EMP0080,Sales,Account Executive,Low,1,84,PHISH008,QR Code Security Verification,QR Phishing,Hard,All,T1566.002,0,0.3248,1,1,0,0,1,353,1,1
EVT000799,EMP0080,Sales,Account Executive,Low,1,84,PHISH009,Resume Attachment,Malicious Attachment Simulation,Medium,Human Resources,T1566.001,0,0.2749,1,0,0,0,1,198,0,0
EVT000800,EMP0080,Sales,Account Executive,Low,1,84,PHISH010,IT Helpdesk Account Verification,Credential Phishing,Hard,All,T1566.002,0,0.2579,1,1,0,1,0,0,1,1
EVT000801,EMP0081,Information Technology,System Administrator,Medium,1,84,PHISH001,Microsoft 365 Password Expiration,Credential Phishing,Easy,All,T1566.002,0,0.1435,0,0,0,0,1,247,0,0
EVT000802,EMP0081,Information Technology,System Administrator,Medium,1,84,PHISH002,HR Benefits Update,Malicious Attachment Simulation,Medium,All,T1566.001,0,0.257,1,0,0,0,1,249,0,0
EVT000803,EMP0081,Information Technology,System Administrator,Medium,1,84,PHISH003,CEO Urgent Payment Request,Business Email Compromise,Hard,Finance,T1566,0,0.1704,0,0,0,0,1,288,0,0
EVT000804,EMP0081,Information Technology,System Administrator,Medium,1,84,PHISH004,Package Delivery Notification,Link Phishing,Easy,All,T1566.002,0,0.1643,1,0,0,0,0,0,0,0
EVT000805,EMP0081,Information Technology,System Administrator,Medium,1,84,PHISH005,Shared Cloud Document,Cloud Credential Phishing,Medium,All,T1566.003,0,0.2199,1,0,0,0,0,0,0,0
EVT000806,EMP0081,Information Technology,System Administrator,Medium,1,84,PHISH006,Fake MFA Verification Request,Identity Phishing,Hard,Information Technology,T1566.002,1,0.2924,1,0,0,0,1,327,0,0
EVT000807,EMP0081,Information Technology,System Administrator,Medium,1,84,PHISH007,Payroll Account Verification,Credential Phishing,Medium,Human Resources,T1566.002,0,0.14,1,0,0,0,1,128,0,0
EVT000808,EMP0081,Information Technology,System Administrator,Medium,1,84,PHISH008,QR Code Security Verification,QR Phishing,Hard,All,T1566.002,0,0.2936,1,0,0,0,1,140,0,0
EVT000809,EMP0081,Information Technology,System Administrator,Medium,1,84,PHISH009,Resume Attachment,Malicious Attachment Simulation,Medium,Human Resources,T1566.001,0,0.2355,1,0,0,0,0,0,0,0
EVT000810,EMP0081,Information Technology,System Administrator,Medium,1,84,PHISH010,IT Helpdesk Account Verification,Credential Phishing,Hard,All,T1566.002,0,0.1633,1,0,0,0,1,499,0,0
EVT000811,EMP0082,Marketing,Digital Marketing Analyst,Medium,1,84,PHISH001,Microsoft 365 Password Expiration,Credential Phishing,Easy,All,T1566.002,0,0.431,1,1,0,1,0,0,1,1
EVT000812,EMP0082,Marketing,Digital Marketing Analyst,Medium,1,84,PHISH002,HR Benefits Update,Malicious Attachment Simulation,Medium,All,T1566.001,0,0.1867,1,0,1,0,1,154,1,1
EVT000813,EMP0082,Marketing,Digital Marketing Analyst,Medium,1,84,PHISH003,CEO Urgent Payment Request,Business Email Compromise,Hard,Finance,T1566,0,0.3726,0,0,0,0,0,0,0,0
EVT000814,EMP0082,Marketing,Digital Marketing Analyst,Medium,1,84,PHISH004,Package Delivery Notification,Link Phishing,Easy,All,T1566.002,0,0.1282,1,0,0,0,1,605,0,0
EVT000815,EMP0082,Marketing,Digital Marketing Analyst,Medium,1,84,PHISH005,Shared Cloud Document,Cloud Credential Phishing,Medium,All,T1566.003,0,0.2258,1,0,0,0,1,127,0,0
EVT000816,EMP0082,Marketing,Digital Marketing Analyst,Medium,1,84,PHISH006,Fake MFA Verification Request,Identity Phishing,Hard,Information Technology,T1566.002,0,0.3021,1,0,0,0,0,0,0,0
EVT000817,EMP0082,Marketing,Digital Marketing Analyst,Medium,1,84,PHISH007,Payroll Account Verification,Credential Phishing,Medium,Human Resources,T1566.002,0,0.3094,1,0,0,0,0,0,0,0
EVT000818,EMP0082,Marketing,Digital Marketing Analyst,Medium,1,84,PHISH008,QR Code Security Verification,QR Phishing,Hard,All,T1566.002,0,0.3142,1,1,0,0,1,774,1,1
EVT000819,EMP0082,Marketing,Digital Marketing Analyst,Medium,1,84,PHISH009,Resume Attachment,Malicious Attachment Simulation,Medium,Human Resources,T1566.001,0,0.2266,1,0,0,0,1,1025,0,0
EVT000820,EMP0082,Marketing,Digital Marketing Analyst,Medium,1,84,PHISH010,IT Helpdesk Account Verification,Credential Phishing,Hard,All,T1566.002,0,0.249,1,0,0,0,1,249,0,0
EVT000821,EMP0083,Operations,Operations Specialist,Medium,1,84,PHISH001,Microsoft 365 Password Expiration,Credential Phishing,Easy,All,T1566.002,0,0.0813,0,0,0,0,1,258,0,0
EVT000822,EMP0083,Operations,Operations Specialist,Medium,1,84,PHISH002,HR Benefits Update,Malicious Attachment Simulation,Medium,All,T1566.001,0,0.2975,1,0,1,0,0,0,1,1
EVT000823,EMP0083,Operations,Operations Specialist,Medium,1,84,PHISH003,CEO Urgent Payment Request,Business Email Compromise,Hard,Finance,T1566,0,0.1956,1,0,0,0,0,0,0,0
EVT000824,EMP0083,Operations,Operations Specialist,Medium,1,84,PHISH004,Package Delivery Notification,Link Phishing,Easy,All,T1566.002,0,0.1386,1,0,0,0,1,502,0,0
EVT000825,EMP0083,Operations,Operations Specialist,Medium,1,84,PHISH005,Shared Cloud Document,Cloud Credential Phishing,Medium,All,T1566.003,0,0.2219,0,0,0,0,1,650,0,0
EVT000826,EMP0083,Operations,Operations Specialist,Medium,1,84,PHISH006,Fake MFA Verification Request,Identity Phishing,Hard,Information Technology,T1566.002,0,0.1693,1,0,0,0,1,201,0,0
EVT000827,EMP0083,Operations,Operations Specialist,Medium,1,84,PHISH007,Payroll Account Verification,Credential Phishing,Medium,Human Resources,T1566.002,0,0.1289,1,0,0,0,1,588,0,0
EVT000828,EMP0083,Operations,Operations Specialist,Medium,1,84,PHISH008,QR Code Security Verification,QR Phishing,Hard,All,T1566.002,0,0.2148,1,0,0,0,1,123,0,0
EVT000829,EMP0083,Operations,Operations Specialist,Medium,1,84,PHISH009,Resume Attachment,Malicious Attachment Simulation,Medium,Human Resources,T1566.001,0,0.2015,1,0,1,0,0,0,1,1
EVT000830,EMP0083,Operations,Operations Specialist,Medium,1,84,PHISH010,IT Helpdesk Account Verification,Credential Phishing,Hard,All,T1566.002,0,0.069,1,0,0,0,1,75,0,0
EVT000831,EMP0084,Information Technology,IT Support Analyst,High,1,91,PHISH001,Microsoft 365 Password Expiration,Credential Phishing,Easy,All,T1566.002,0,0.0825,1,0,0,0,0,0,0,0
EVT000832,EMP0084,Information Technology,IT Support Analyst,High,1,91,PHISH002,HR Benefits Update,Malicious Attachment Simulation,Medium,All,T1566.001,0,0.2472,1,0,0,0,0,0,0,0
EVT000833,EMP0084,Information Technology,IT Support Analyst,High,1,91,PHISH003,CEO Urgent Payment Request,Business Email Compromise,Hard,Finance,T1566,0,0.1429,1,0,0,0,1,108,0,0
EVT000834,EMP0084,Information Technology,IT Support Analyst,High,1,91,PHISH004,Package Delivery Notification,Link Phishing,Easy,All,T1566.002,0,0.0875,1,0,0,0,0,0,0,0
EVT000835,EMP0084,Information Technology,IT Support Analyst,High,1,91,PHISH005,Shared Cloud Document,Cloud Credential Phishing,Medium,All,T1566.003,0,0.1208,1,0,0,0,1,402,0,0
EVT000836,EMP0084,Information Technology,IT Support Analyst,High,1,91,PHISH006,Fake MFA Verification Request,Identity Phishing,Hard,Information Technology,T1566.002,1,0.2278,1,0,0,0,0,0,0,0
EVT000837,EMP0084,Information Technology,IT Support Analyst,High,1,91,PHISH007,Payroll Account Verification,Credential Phishing,Medium,Human Resources,T1566.002,0,0.0885,0,0,0,0,1,232,0,0
EVT000838,EMP0084,Information Technology,IT Support Analyst,High,1,91,PHISH008,QR Code Security Verification,QR Phishing,Hard,All,T1566.002,0,0.1063,1,0,0,0,1,170,0,0
EVT000839,EMP0084,Information Technology,IT Support Analyst,High,1,91,PHISH009,Resume Attachment,Malicious Attachment Simulation,Medium,Human Resources,T1566.001,0,0.1778,1,0,0,0,1,541,0,0
EVT000840,EMP0084,Information Technology,IT Support Analyst,High,1,91,PHISH010,IT Helpdesk Account Verification,Credential Phishing,Hard,All,T1566.002,0,0.2132,1,0,0,0,0,0,0,0
EVT000841,EMP0085,Sales,Sales Representative,Low,1,68,PHISH001,Microsoft 365 Password Expiration,Credential Phishing,Easy,All,T1566.002,0,0.3467,0,0,0,0,0,0,0,0
EVT000842,EMP0085,Sales,Sales Representative,Low,1,68,PHISH002,HR Benefits Update,Malicious Attachment Simulation,Medium,All,T1566.001,0,0.1736,1,0,0,0,0,0,0,0
EVT000843,EMP0085,Sales,Sales Representative,Low,1,68,PHISH003,CEO Urgent Payment Request,Business Email Compromise,Hard,Finance,T1566,0,0.3025,1,0,0,0,1,173,0,0
EVT000844,EMP0085,Sales,Sales Representative,Low,1,68,PHISH004,Package Delivery Notification,Link Phishing,Easy,All,T1566.002,0,0.3409,1,0,0,0,1,155,0,0
EVT000845,EMP0085,Sales,Sales Representative,Low,1,68,PHISH005,Shared Cloud Document,Cloud Credential Phishing,Medium,All,T1566.003,0,0.3016,0,0,0,0,0,0,0,0
EVT000846,EMP0085,Sales,Sales Representative,Low,1,68,PHISH006,Fake MFA Verification Request,Identity Phishing,Hard,Information Technology,T1566.002,0,0.3334,1,0,0,0,0,0,0,0
EVT000847,EMP0085,Sales,Sales Representative,Low,1,68,PHISH007,Payroll Account Verification,Credential Phishing,Medium,Human Resources,T1566.002,0,0.3597,1,0,0,0,1,428,0,0
EVT000848,EMP0085,Sales,Sales Representative,Low,1,68,PHISH008,QR Code Security Verification,QR Phishing,Hard,All,T1566.002,0,0.3511,1,0,0,0,0,0,0,0
EVT000849,EMP0085,Sales,Sales Representative,Low,1,68,PHISH009,Resume Attachment,Malicious Attachment Simulation,Medium,Human Resources,T1566.001,0,0.3776,1,0,0,0,1,512,0,0
EVT000850,EMP0085,Sales,Sales Representative,Low,1,68,PHISH010,IT Helpdesk Account Verification,Credential Phishing,Hard,All,T1566.002,0,0.3763,1,0,0,0,0,0,0,0
EVT000851,EMP0086,Legal,Legal Assistant,Medium,0,75,PHISH001,Microsoft 365 Password Expiration,Credential Phishing,Easy,All,T1566.002,0,0.3006,1,1,0,1,0,0,1,1
EVT000852,EMP0086,Legal,Legal Assistant,Medium,0,75,PHISH002,HR Benefits Update,Malicious Attachment Simulation,Medium,All,T1566.001,0,0.3463,1,0,0,0,1,158,0,0
EVT000853,EMP0086,Legal,Legal Assistant,Medium,0,75,PHISH003,CEO Urgent Payment Request,Business Email Compromise,Hard,Finance,T1566,0,0.3596,1,0,0,0,1,248,0,0
EVT000854,EMP0086,Legal,Legal Assistant,Medium,0,75,PHISH004,Package Delivery Notification,Link Phishing,Easy,All,T1566.002,0,0.4632,1,0,0,0,0,0,0,0
EVT000855,EMP0086,Legal,Legal Assistant,Medium,0,75,PHISH005,Shared Cloud Document,Cloud Credential Phishing,Medium,All,T1566.003,0,0.4803,1,1,0,1,1,782,1,1
EVT000856,EMP0086,Legal,Legal Assistant,Medium,0,75,PHISH006,Fake MFA Verification Request,Identity Phishing,Hard,Information Technology,T1566.002,0,0.4022,0,0,0,0,0,0,1,1
EVT000857,EMP0086,Legal,Legal Assistant,Medium,0,75,PHISH007,Payroll Account Verification,Credential Phishing,Medium,Human Resources,T1566.002,0,0.3342,1,1,0,1,0,0,1,1
EVT000858,EMP0086,Legal,Legal Assistant,Medium,0,75,PHISH008,QR Code Security Verification,QR Phishing,Hard,All,T1566.002,0,0.3633,1,1,0,0,0,0,1,1
EVT000859,EMP0086,Legal,Legal Assistant,Medium,0,75,PHISH009,Resume Attachment,Malicious Attachment Simulation,Medium,Human Resources,T1566.001,0,0.3906,1,0,1,0,0,0,1,1
EVT000860,EMP0086,Legal,Legal Assistant,Medium,0,75,PHISH010,IT Helpdesk Account Verification,Credential Phishing,Hard,All,T1566.002,0,0.3793,1,1,0,0,0,0,1,1
EVT000861,EMP0087,Executive,Chief Officer,High,1,86,PHISH001,Microsoft 365 Password Expiration,Credential Phishing,Easy,All,T1566.002,0,0.0459,1,0,0,0,1,236,0,0
EVT000862,EMP0087,Executive,Chief Officer,High,1,86,PHISH002,HR Benefits Update,Malicious Attachment Simulation,Medium,All,T1566.001,0,0.2376,1,0,0,0,1,181,0,0
EVT000863,EMP0087,Executive,Chief Officer,High,1,86,PHISH003,CEO Urgent Payment Request,Business Email Compromise,Hard,Finance,T1566,0,0.2118,1,0,0,0,0,0,1,1
EVT000864,EMP0087,Executive,Chief Officer,High,1,86,PHISH004,Package Delivery Notification,Link Phishing,Easy,All,T1566.002,0,0.1304,1,0,0,0,1,1082,0,0
EVT000865,EMP0087,Executive,Chief Officer,High,1,86,PHISH005,Shared Cloud Document,Cloud Credential Phishing,Medium,All,T1566.003,0,0.2905,1,0,0,0,0,0,0,0
EVT000866,EMP0087,Executive,Chief Officer,High,1,86,PHISH006,Fake MFA Verification Request,Identity Phishing,Hard,Information Technology,T1566.002,0,0.182,1,0,0,0,1,268,0,0
EVT000867,EMP0087,Executive,Chief Officer,High,1,86,PHISH007,Payroll Account Verification,Credential Phishing,Medium,Human Resources,T1566.002,0,0.211,1,1,0,1,0,0,1,1
EVT000868,EMP0087,Executive,Chief Officer,High,1,86,PHISH008,QR Code Security Verification,QR Phishing,Hard,All,T1566.002,0,0.3323,1,0,0,0,0,0,0,0
EVT000869,EMP0087,Executive,Chief Officer,High,1,86,PHISH009,Resume Attachment,Malicious Attachment Simulation,Medium,Human Resources,T1566.001,0,0.1198,1,0,1,0,1,477,1,1
EVT000870,EMP0087,Executive,Chief Officer,High,1,86,PHISH010,IT Helpdesk Account Verification,Credential Phishing,Hard,All,T1566.002,0,0.0916,1,0,0,0,0,0,0,0
EVT000871,EMP0088,Finance,Finance Manager,Medium,0,58,PHISH001,Microsoft 365 Password Expiration,Credential Phishing,Easy,All,T1566.002,0,0.4,1,1,0,1,0,0,1,1
EVT000872,EMP0088,Finance,Finance Manager,Medium,0,58,PHISH002,HR Benefits Update,Malicious Attachment Simulation,Medium,All,T1566.001,0,0.5367,1,0,1,0,0,0,1,1
EVT000873,EMP0088,Finance,Finance Manager,Medium,0,58,PHISH003,CEO Urgent Payment Request,Business Email Compromise,Hard,Finance,T1566,1,0.472,1,0,0,0,1,1034,0,0
EVT000874,EMP0088,Finance,Finance Manager,Medium,0,58,PHISH004,Package Delivery Notification,Link Phishing,Easy,All,T1566.002,0,0.3807,1,0,0,0,0,0,0,0
EVT000875,EMP0088,Finance,Finance Manager,Medium,0,58,PHISH005,Shared Cloud Document,Cloud Credential Phishing,Medium,All,T1566.003,0,0.4642,1,0,0,0,1,201,0,0
EVT000876,EMP0088,Finance,Finance Manager,Medium,0,58,PHISH006,Fake MFA Verification Request,Identity Phishing,Hard,Information Technology,T1566.002,0,0.504,1,0,0,0,0,0,0,0
EVT000877,EMP0088,Finance,Finance Manager,Medium,0,58,PHISH007,Payroll Account Verification,Credential Phishing,Medium,Human Resources,T1566.002,0,0.5689,1,1,0,1,0,0,1,1
EVT000878,EMP0088,Finance,Finance Manager,Medium,0,58,PHISH008,QR Code Security Verification,QR Phishing,Hard,All,T1566.002,0,0.498,1,1,0,0,0,0,1,1
EVT000879,EMP0088,Finance,Finance Manager,Medium,0,58,PHISH009,Resume Attachment,Malicious Attachment Simulation,Medium,Human Resources,T1566.001,0,0.6229,1,0,1,0,1,325,1,1
EVT000880,EMP0088,Finance,Finance Manager,Medium,0,58,PHISH010,IT Helpdesk Account Verification,Credential Phishing,Hard,All,T1566.002,0,0.4795,1,1,0,1,0,0,1,1
EVT000881,EMP0089,Information Technology,IT Support Analyst,Privileged,1,78,PHISH001,Microsoft 365 Password Expiration,Credential Phishing,Easy,All,T1566.002,0,0.1967,0,0,0,0,1,388,0,0
EVT000882,EMP0089,Information Technology,IT Support Analyst,Privileged,1,78,PHISH002,HR Benefits Update,Malicious Attachment Simulation,Medium,All,T1566.001,0,0.1411,1,0,0,0,1,268,0,0
EVT000883,EMP0089,Information Technology,IT Support Analyst,Privileged,1,78,PHISH003,CEO Urgent Payment Request,Business Email Compromise,Hard,Finance,T1566,0,0.1591,1,0,0,0,1,151,0,0
EVT000884,EMP0089,Information Technology,IT Support Analyst,Privileged,1,78,PHISH004,Package Delivery Notification,Link Phishing,Easy,All,T1566.002,0,0.0925,1,0,0,0,0,0,0,0
EVT000885,EMP0089,Information Technology,IT Support Analyst,Privileged,1,78,PHISH005,Shared Cloud Document,Cloud Credential Phishing,Medium,All,T1566.003,0,0.2577,1,1,0,1,0,0,1,1
EVT000886,EMP0089,Information Technology,IT Support Analyst,Privileged,1,78,PHISH006,Fake MFA Verification Request,Identity Phishing,Hard,Information Technology,T1566.002,1,0.1391,1,0,0,0,1,493,0,0
EVT000887,EMP0089,Information Technology,IT Support Analyst,Privileged,1,78,PHISH007,Payroll Account Verification,Credential Phishing,Medium,Human Resources,T1566.002,0,0.2085,0,0,0,0,1,881,0,0
EVT000888,EMP0089,Information Technology,IT Support Analyst,Privileged,1,78,PHISH008,QR Code Security Verification,QR Phishing,Hard,All,T1566.002,0,0.0637,1,0,0,0,0,0,0,0
EVT000889,EMP0089,Information Technology,IT Support Analyst,Privileged,1,78,PHISH009,Resume Attachment,Malicious Attachment Simulation,Medium,Human Resources,T1566.001,0,0.1865,1,0,1,0,0,0,1,1
EVT000890,EMP0089,Information Technology,IT Support Analyst,Privileged,1,78,PHISH010,IT Helpdesk Account Verification,Credential Phishing,Hard,All,T1566.002,0,0.1257,1,0,0,0,1,221,0,0
EVT000891,EMP0090,Human Resources,HR Manager,Medium,1,65,PHISH001,Microsoft 365 Password Expiration,Credential Phishing,Easy,All,T1566.002,0,0.308,1,0,0,0,1,349,0,0
EVT000892,EMP0090,Human Resources,HR Manager,Medium,1,65,PHISH002,HR Benefits Update,Malicious Attachment Simulation,Medium,All,T1566.001,0,0.2999,1,0,0,0,0,0,0,0
EVT000893,EMP0090,Human Resources,HR Manager,Medium,1,65,PHISH003,CEO Urgent Payment Request,Business Email Compromise,Hard,Finance,T1566,0,0.3735,1,0,0,0,0,0,1,1
EVT000894,EMP0090,Human Resources,HR Manager,Medium,1,65,PHISH004,Package Delivery Notification,Link Phishing,Easy,All,T1566.002,0,0.3293,1,0,0,0,0,0,0,0
EVT000895,EMP0090,Human Resources,HR Manager,Medium,1,65,PHISH005,Shared Cloud Document,Cloud Credential Phishing,Medium,All,T1566.003,0,0.3764,1,1,0,1,0,0,1,1
EVT000896,EMP0090,Human Resources,HR Manager,Medium,1,65,PHISH006,Fake MFA Verification Request,Identity Phishing,Hard,Information Technology,T1566.002,0,0.4708,1,1,0,1,1,350,1,1
EVT000897,EMP0090,Human Resources,HR Manager,Medium,1,65,PHISH007,Payroll Account Verification,Credential Phishing,Medium,Human Resources,T1566.002,1,0.465,1,1,0,0,0,0,1,1
EVT000898,EMP0090,Human Resources,HR Manager,Medium,1,65,PHISH008,QR Code Security Verification,QR Phishing,Hard,All,T1566.002,0,0.408,0,0,0,0,0,0,1,1
EVT000899,EMP0090,Human Resources,HR Manager,Medium,1,65,PHISH009,Resume Attachment,Malicious Attachment Simulation,Medium,Human Resources,T1566.001,1,0.4386,1,0,0,0,1,198,0,0
EVT000900,EMP0090,Human Resources,HR Manager,Medium,1,65,PHISH010,IT Helpdesk Account Verification,Credential Phishing,Hard,All,T1566.002,0,0.4578,1,0,0,0,0,0,0,0
EVT000901,EMP0091,Marketing,Marketing Specialist,Low,0,78,PHISH001,Microsoft 365 Password Expiration,Credential Phishing,Easy,All,T1566.002,0,0.3325,1,1,0,0,0,0,1,1
EVT000902,EMP0091,Marketing,Marketing Specialist,Low,0,78,PHISH002,HR Benefits Update,Malicious Attachment Simulation,Medium,All,T1566.001,0,0.3461,1,0,1,0,0,0,1,1
EVT000903,EMP0091,Marketing,Marketing Specialist,Low,0,78,PHISH003,CEO Urgent Payment Request,Business Email Compromise,Hard,Finance,T1566,0,0.2678,1,0,0,0,0,0,0,0
EVT000904,EMP0091,Marketing,Marketing Specialist,Low,0,78,PHISH004,Package Delivery Notification,Link Phishing,Easy,All,T1566.002,0,0.3223,0,0,0,0,0,0,1,1
EVT000905,EMP0091,Marketing,Marketing Specialist,Low,0,78,PHISH005,Shared Cloud Document,Cloud Credential Phishing,Medium,All,T1566.003,0,0.3977,0,0,0,0,1,352,0,0
EVT000906,EMP0091,Marketing,Marketing Specialist,Low,0,78,PHISH006,Fake MFA Verification Request,Identity Phishing,Hard,Information Technology,T1566.002,0,0.3873,1,0,0,0,0,0,0,0
EVT000907,EMP0091,Marketing,Marketing Specialist,Low,0,78,PHISH007,Payroll Account Verification,Credential Phishing,Medium,Human Resources,T1566.002,0,0.3729,1,1,0,0,0,0,1,1
EVT000908,EMP0091,Marketing,Marketing Specialist,Low,0,78,PHISH008,QR Code Security Verification,QR Phishing,Hard,All,T1566.002,0,0.3145,0,0,0,0,0,0,1,1
EVT000909,EMP0091,Marketing,Marketing Specialist,Low,0,78,PHISH009,Resume Attachment,Malicious Attachment Simulation,Medium,Human Resources,T1566.001,0,0.3935,1,0,1,0,0,0,1,1
EVT000910,EMP0091,Marketing,Marketing Specialist,Low,0,78,PHISH010,IT Helpdesk Account Verification,Credential Phishing,Hard,All,T1566.002,0,0.2789,0,0,0,0,0,0,0,0
EVT000911,EMP0092,Finance,Finance Manager,Medium,1,70,PHISH001,Microsoft 365 Password Expiration,Credential Phishing,Easy,All,T1566.002,0,0.497,0,0,0,0,0,0,1,1
EVT000912,EMP0092,Finance,Finance Manager,Medium,1,70,PHISH002,HR Benefits Update,Malicious Attachment Simulation,Medium,All,T1566.001,0,0.4924,1,0,1,0,0,0,1,1
EVT000913,EMP0092,Finance,Finance Manager,Medium,1,70,PHISH003,CEO Urgent Payment Request,Business Email Compromise,Hard,Finance,T1566,1,0.5803,1,0,0,0,0,0,1,1
EVT000914,EMP0092,Finance,Finance Manager,Medium,1,70,PHISH004,Package Delivery Notification,Link Phishing,Easy,All,T1566.002,0,0.5236,1,1,0,0,0,0,1,1
EVT000915,EMP0092,Finance,Finance Manager,Medium,1,70,PHISH005,Shared Cloud Document,Cloud Credential Phishing,Medium,All,T1566.003,0,0.4669,1,1,0,1,0,0,1,1
EVT000916,EMP0092,Finance,Finance Manager,Medium,1,70,PHISH006,Fake MFA Verification Request,Identity Phishing,Hard,Information Technology,T1566.002,0,0.4438,0,0,0,0,0,0,1,1
EVT000917,EMP0092,Finance,Finance Manager,Medium,1,70,PHISH007,Payroll Account Verification,Credential Phishing,Medium,Human Resources,T1566.002,0,0.3682,1,0,0,0,1,224,0,0
EVT000918,EMP0092,Finance,Finance Manager,Medium,1,70,PHISH008,QR Code Security Verification,QR Phishing,Hard,All,T1566.002,0,0.5112,1,1,0,0,0,0,1,1
EVT000919,EMP0092,Finance,Finance Manager,Medium,1,70,PHISH009,Resume Attachment,Malicious Attachment Simulation,Medium,Human Resources,T1566.001,0,0.5486,0,0,0,0,0,0,1,1
EVT000920,EMP0092,Finance,Finance Manager,Medium,1,70,PHISH010,IT Helpdesk Account Verification,Credential Phishing,Hard,All,T1566.002,0,0.3745,1,1,0,1,1,55,1,1
EVT000921,EMP0093,Marketing,Marketing Manager,Medium,1,53,PHISH001,Microsoft 365 Password Expiration,Credential Phishing,Easy,All,T1566.002,0,0.3966,1,1,0,1,0,0,1,1
EVT000922,EMP0093,Marketing,Marketing Manager,Medium,1,53,PHISH002,HR Benefits Update,Malicious Attachment Simulation,Medium,All,T1566.001,0,0.3661,1,0,1,0,0,0,1,1
EVT000923,EMP0093,Marketing,Marketing Manager,Medium,1,53,PHISH003,CEO Urgent Payment Request,Business Email Compromise,Hard,Finance,T1566,0,0.4577,1,0,0,0,1,59,0,0
EVT000924,EMP0093,Marketing,Marketing Manager,Medium,1,53,PHISH004,Package Delivery Notification,Link Phishing,Easy,All,T1566.002,0,0.4272,1,1,0,0,0,0,1,1
EVT000925,EMP0093,Marketing,Marketing Manager,Medium,1,53,PHISH005,Shared Cloud Document,Cloud Credential Phishing,Medium,All,T1566.003,0,0.4151,1,0,0,0,0,0,0,0
EVT000926,EMP0093,Marketing,Marketing Manager,Medium,1,53,PHISH006,Fake MFA Verification Request,Identity Phishing,Hard,Information Technology,T1566.002,0,0.3942,1,0,0,0,0,0,0,0
EVT000927,EMP0093,Marketing,Marketing Manager,Medium,1,53,PHISH007,Payroll Account Verification,Credential Phishing,Medium,Human Resources,T1566.002,0,0.4037,1,0,0,0,0,0,0,0
EVT000928,EMP0093,Marketing,Marketing Manager,Medium,1,53,PHISH008,QR Code Security Verification,QR Phishing,Hard,All,T1566.002,0,0.5217,1,0,0,0,0,0,0,0
EVT000929,EMP0093,Marketing,Marketing Manager,Medium,1,53,PHISH009,Resume Attachment,Malicious Attachment Simulation,Medium,Human Resources,T1566.001,0,0.4438,1,0,1,0,0,0,1,1
EVT000930,EMP0093,Marketing,Marketing Manager,Medium,1,53,PHISH010,IT Helpdesk Account Verification,Credential Phishing,Hard,All,T1566.002,0,0.3927,1,1,0,1,0,0,1,1
EVT000931,EMP0094,Operations,Operations Analyst,Medium,1,80,PHISH001,Microsoft 365 Password Expiration,Credential Phishing,Easy,All,T1566.002,0,0.1525,1,1,0,1,1,73,1,1
EVT000932,EMP0094,Operations,Operations Analyst,Medium,1,80,PHISH002,HR Benefits Update,Malicious Attachment Simulation,Medium,All,T1566.001,0,0.1294,0,0,0,0,1,143,0,0
EVT000933,EMP0094,Operations,Operations Analyst,Medium,1,80,PHISH003,CEO Urgent Payment Request,Business Email Compromise,Hard,Finance,T1566,0,0.2019,1,0,0,0,1,118,0,0
EVT000934,EMP0094,Operations,Operations Analyst,Medium,1,80,PHISH004,Package Delivery Notification,Link Phishing,Easy,All,T1566.002,0,0.1402,1,0,0,0,1,129,0,0
EVT000935,EMP0094,Operations,Operations Analyst,Medium,1,80,PHISH005,Shared Cloud Document,Cloud Credential Phishing,Medium,All,T1566.003,0,0.2348,0,0,0,0,1,246,1,1
EVT000936,EMP0094,Operations,Operations Analyst,Medium,1,80,PHISH006,Fake MFA Verification Request,Identity Phishing,Hard,Information Technology,T1566.002,0,0.2938,0,0,0,0,1,196,1,1
EVT000937,EMP0094,Operations,Operations Analyst,Medium,1,80,PHISH007,Payroll Account Verification,Credential Phishing,Medium,Human Resources,T1566.002,0,0.2238,1,0,0,0,1,200,0,0
EVT000938,EMP0094,Operations,Operations Analyst,Medium,1,80,PHISH008,QR Code Security Verification,QR Phishing,Hard,All,T1566.002,0,0.2383,1,0,0,0,1,387,0,0
EVT000939,EMP0094,Operations,Operations Analyst,Medium,1,80,PHISH009,Resume Attachment,Malicious Attachment Simulation,Medium,Human Resources,T1566.001,0,0.0866,1,0,0,0,1,226,0,0
EVT000940,EMP0094,Operations,Operations Analyst,Medium,1,80,PHISH010,IT Helpdesk Account Verification,Credential Phishing,Hard,All,T1566.002,0,0.1025,1,0,0,0,0,0,0,0
EVT000941,EMP0095,Sales,Account Executive,Medium,0,84,PHISH001,Microsoft 365 Password Expiration,Credential Phishing,Easy,All,T1566.002,0,0.2566,1,1,0,1,1,204,1,1
EVT000942,EMP0095,Sales,Account Executive,Medium,0,84,PHISH002,HR Benefits Update,Malicious Attachment Simulation,Medium,All,T1566.001,0,0.358,1,0,1,0,0,0,1,1
EVT000943,EMP0095,Sales,Account Executive,Medium,0,84,PHISH003,CEO Urgent Payment Request,Business Email Compromise,Hard,Finance,T1566,0,0.3268,1,0,0,0,0,0,0,0
EVT000944,EMP0095,Sales,Account Executive,Medium,0,84,PHISH004,Package Delivery Notification,Link Phishing,Easy,All,T1566.002,0,0.357,1,1,0,0,1,449,1,1
EVT000945,EMP0095,Sales,Account Executive,Medium,0,84,PHISH005,Shared Cloud Document,Cloud Credential Phishing,Medium,All,T1566.003,0,0.3747,1,1,0,1,0,0,1,1
EVT000946,EMP0095,Sales,Account Executive,Medium,0,84,PHISH006,Fake MFA Verification Request,Identity Phishing,Hard,Information Technology,T1566.002,0,0.2876,1,0,0,0,1,174,0,0
EVT000947,EMP0095,Sales,Account Executive,Medium,0,84,PHISH007,Payroll Account Verification,Credential Phishing,Medium,Human Resources,T1566.002,0,0.3241,1,1,0,1,0,0,1,1
EVT000948,EMP0095,Sales,Account Executive,Medium,0,84,PHISH008,QR Code Security Verification,QR Phishing,Hard,All,T1566.002,0,0.3356,1,0,0,0,0,0,0,0
EVT000949,EMP0095,Sales,Account Executive,Medium,0,84,PHISH009,Resume Attachment,Malicious Attachment Simulation,Medium,Human Resources,T1566.001,0,0.3418,1,0,0,0,1,93,0,0
EVT000950,EMP0095,Sales,Account Executive,Medium,0,84,PHISH010,IT Helpdesk Account Verification,Credential Phishing,Hard,All,T1566.002,0,0.3311,1,0,0,0,0,0,0,0
EVT000951,EMP0096,Information Technology,Security Analyst,Privileged,1,88,PHISH001,Microsoft 365 Password Expiration,Credential Phishing,Easy,All,T1566.002,0,0.2381,1,0,0,0,1,202,0,0
EVT000952,EMP0096,Information Technology,Security Analyst,Privileged,1,88,PHISH002,HR Benefits Update,Malicious Attachment Simulation,Medium,All,T1566.001,0,0.2329,1,0,0,0,1,188,0,0
EVT000953,EMP0096,Information Technology,Security Analyst,Privileged,1,88,PHISH003,CEO Urgent Payment Request,Business Email Compromise,Hard,Finance,T1566,0,0.2603,1,0,0,0,0,0,0,0
EVT000954,EMP0096,Information Technology,Security Analyst,Privileged,1,88,PHISH004,Package Delivery Notification,Link Phishing,Easy,All,T1566.002,0,0.2289,1,1,0,0,0,0,1,1
EVT000955,EMP0096,Information Technology,Security Analyst,Privileged,1,88,PHISH005,Shared Cloud Document,Cloud Credential Phishing,Medium,All,T1566.003,0,0.286,1,0,0,0,1,402,0,0
EVT000956,EMP0096,Information Technology,Security Analyst,Privileged,1,88,PHISH006,Fake MFA Verification Request,Identity Phishing,Hard,Information Technology,T1566.002,1,0.3328,1,0,0,0,1,316,0,0
EVT000957,EMP0096,Information Technology,Security Analyst,Privileged,1,88,PHISH007,Payroll Account Verification,Credential Phishing,Medium,Human Resources,T1566.002,0,0.3296,1,1,0,1,1,256,1,1
EVT000958,EMP0096,Information Technology,Security Analyst,Privileged,1,88,PHISH008,QR Code Security Verification,QR Phishing,Hard,All,T1566.002,0,0.3057,1,0,0,0,0,0,0,0
EVT000959,EMP0096,Information Technology,Security Analyst,Privileged,1,88,PHISH009,Resume Attachment,Malicious Attachment Simulation,Medium,Human Resources,T1566.001,0,0.2931,1,0,0,0,1,241,0,0
EVT000960,EMP0096,Information Technology,Security Analyst,Privileged,1,88,PHISH010,IT Helpdesk Account Verification,Credential Phishing,Hard,All,T1566.002,0,0.3335,1,0,0,0,1,441,0,0
EVT000961,EMP0097,Operations,Operations Specialist,Medium,1,99,PHISH001,Microsoft 365 Password Expiration,Credential Phishing,Easy,All,T1566.002,0,0.2251,1,0,0,0,0,0,0,0
EVT000962,EMP0097,Operations,Operations Specialist,Medium,1,99,PHISH002,HR Benefits Update,Malicious Attachment Simulation,Medium,All,T1566.001,0,0.1252,0,0,0,0,1,205,0,0
EVT000963,EMP0097,Operations,Operations Specialist,Medium,1,99,PHISH003,CEO Urgent Payment Request,Business Email Compromise,Hard,Finance,T1566,0,0.1418,1,0,0,0,0,0,0,0
EVT000964,EMP0097,Operations,Operations Specialist,Medium,1,99,PHISH004,Package Delivery Notification,Link Phishing,Easy,All,T1566.002,0,0.2455,1,1,0,0,0,0,1,1
EVT000965,EMP0097,Operations,Operations Specialist,Medium,1,99,PHISH005,Shared Cloud Document,Cloud Credential Phishing,Medium,All,T1566.003,0,0.0866,1,0,0,0,0,0,0,0
EVT000966,EMP0097,Operations,Operations Specialist,Medium,1,99,PHISH006,Fake MFA Verification Request,Identity Phishing,Hard,Information Technology,T1566.002,0,0.081,1,0,0,0,0,0,0,0
EVT000967,EMP0097,Operations,Operations Specialist,Medium,1,99,PHISH007,Payroll Account Verification,Credential Phishing,Medium,Human Resources,T1566.002,0,0.1605,1,0,0,0,0,0,0,0
EVT000968,EMP0097,Operations,Operations Specialist,Medium,1,99,PHISH008,QR Code Security Verification,QR Phishing,Hard,All,T1566.002,0,0.2923,1,1,0,0,1,253,1,1
EVT000969,EMP0097,Operations,Operations Specialist,Medium,1,99,PHISH009,Resume Attachment,Malicious Attachment Simulation,Medium,Human Resources,T1566.001,0,0.2211,1,0,0,0,1,108,0,0
EVT000970,EMP0097,Operations,Operations Specialist,Medium,1,99,PHISH010,IT Helpdesk Account Verification,Credential Phishing,Hard,All,T1566.002,0,0.2163,1,0,0,0,0,0,0,0
EVT000971,EMP0098,Human Resources,HR Specialist,High,1,82,PHISH001,Microsoft 365 Password Expiration,Credential Phishing,Easy,All,T1566.002,0,0.2168,1,0,0,0,0,0,0,0
EVT000972,EMP0098,Human Resources,HR Specialist,High,1,82,PHISH002,HR Benefits Update,Malicious Attachment Simulation,Medium,All,T1566.001,0,0.3853,1,0,1,0,0,0,1,1
EVT000973,EMP0098,Human Resources,HR Specialist,High,1,82,PHISH003,CEO Urgent Payment Request,Business Email Compromise,Hard,Finance,T1566,0,0.2522,0,0,0,0,1,546,0,0
EVT000974,EMP0098,Human Resources,HR Specialist,High,1,82,PHISH004,Package Delivery Notification,Link Phishing,Easy,All,T1566.002,0,0.3732,1,1,0,0,1,286,1,1
EVT000975,EMP0098,Human Resources,HR Specialist,High,1,82,PHISH005,Shared Cloud Document,Cloud Credential Phishing,Medium,All,T1566.003,0,0.3648,1,0,0,0,1,667,0,0
EVT000976,EMP0098,Human Resources,HR Specialist,High,1,82,PHISH006,Fake MFA Verification Request,Identity Phishing,Hard,Information Technology,T1566.002,0,0.3404,0,0,0,0,0,0,0,0
EVT000977,EMP0098,Human Resources,HR Specialist,High,1,82,PHISH007,Payroll Account Verification,Credential Phishing,Medium,Human Resources,T1566.002,1,0.3966,0,0,0,0,0,0,0,0
EVT000978,EMP0098,Human Resources,HR Specialist,High,1,82,PHISH008,QR Code Security Verification,QR Phishing,Hard,All,T1566.002,0,0.3589,1,1,0,0,0,0,1,1
EVT000979,EMP0098,Human Resources,HR Specialist,High,1,82,PHISH009,Resume Attachment,Malicious Attachment Simulation,Medium,Human Resources,T1566.001,1,0.4671,1,0,1,0,0,0,1,1
EVT000980,EMP0098,Human Resources,HR Specialist,High,1,82,PHISH010,IT Helpdesk Account Verification,Credential Phishing,Hard,All,T1566.002,0,0.4718,1,1,0,1,0,0,1,1
EVT000981,EMP0099,Human Resources,HR Specialist,Medium,1,100,PHISH001,Microsoft 365 Password Expiration,Credential Phishing,Easy,All,T1566.002,0,0.2613,1,0,0,0,1,248,0,0
EVT000982,EMP0099,Human Resources,HR Specialist,Medium,1,100,PHISH002,HR Benefits Update,Malicious Attachment Simulation,Medium,All,T1566.001,0,0.3119,1,0,0,0,1,547,0,0
EVT000983,EMP0099,Human Resources,HR Specialist,Medium,1,100,PHISH003,CEO Urgent Payment Request,Business Email Compromise,Hard,Finance,T1566,0,0.277,1,0,0,0,1,63,1,1
EVT000984,EMP0099,Human Resources,HR Specialist,Medium,1,100,PHISH004,Package Delivery Notification,Link Phishing,Easy,All,T1566.002,0,0.2448,1,0,0,0,1,134,0,0
EVT000985,EMP0099,Human Resources,HR Specialist,Medium,1,100,PHISH005,Shared Cloud Document,Cloud Credential Phishing,Medium,All,T1566.003,0,0.1389,0,0,0,0,1,347,0,0
EVT000986,EMP0099,Human Resources,HR Specialist,Medium,1,100,PHISH006,Fake MFA Verification Request,Identity Phishing,Hard,Information Technology,T1566.002,0,0.3284,1,1,0,1,0,0,1,1
EVT000987,EMP0099,Human Resources,HR Specialist,Medium,1,100,PHISH007,Payroll Account Verification,Credential Phishing,Medium,Human Resources,T1566.002,1,0.2709,1,1,0,0,1,929,1,1
EVT000988,EMP0099,Human Resources,HR Specialist,Medium,1,100,PHISH008,QR Code Security Verification,QR Phishing,Hard,All,T1566.002,0,0.2901,1,1,0,0,1,165,1,1
EVT000989,EMP0099,Human Resources,HR Specialist,Medium,1,100,PHISH009,Resume Attachment,Malicious Attachment Simulation,Medium,Human Resources,T1566.001,1,0.3704,1,0,1,0,0,0,1,1
EVT000990,EMP0099,Human Resources,HR Specialist,Medium,1,100,PHISH010,IT Helpdesk Account Verification,Credential Phishing,Hard,All,T1566.002,0,0.2695,1,1,0,1,0,0,1,1
EVT000991,EMP0100,Operations,Operations Analyst,Medium,1,90,PHISH001,Microsoft 365 Password Expiration,Credential Phishing,Easy,All,T1566.002,0,0.234,1,0,0,0,1,194,0,0
EVT000992,EMP0100,Operations,Operations Analyst,Medium,1,90,PHISH002,HR Benefits Update,Malicious Attachment Simulation,Medium,All,T1566.001,0,0.2985,1,0,0,0,1,94,0,0
EVT000993,EMP0100,Operations,Operations Analyst,Medium,1,90,PHISH003,CEO Urgent Payment Request,Business Email Compromise,Hard,Finance,T1566,0,0.1692,1,0,0,0,0,0,1,1
EVT000994,EMP0100,Operations,Operations Analyst,Medium,1,90,PHISH004,Package Delivery Notification,Link Phishing,Easy,All,T1566.002,0,0.1268,0,0,0,0,1,116,0,0
EVT000995,EMP0100,Operations,Operations Analyst,Medium,1,90,PHISH005,Shared Cloud Document,Cloud Credential Phishing,Medium,All,T1566.003,0,0.2405,1,0,0,0,1,136,0,0
EVT000996,EMP0100,Operations,Operations Analyst,Medium,1,90,PHISH006,Fake MFA Verification Request,Identity Phishing,Hard,Information Technology,T1566.002,0,0.2382,0,0,0,0,1,373,0,0
EVT000997,EMP0100,Operations,Operations Analyst,Medium,1,90,PHISH007,Payroll Account Verification,Credential Phishing,Medium,Human Resources,T1566.002,0,0.174,1,0,0,0,1,387,0,0
EVT000998,EMP0100,Operations,Operations Analyst,Medium,1,90,PHISH008,QR Code Security Verification,QR Phishing,Hard,All,T1566.002,0,0.1659,1,0,0,0,1,503,0,0
EVT000999,EMP0100,Operations,Operations Analyst,Medium,1,90,PHISH009,Resume Attachment,Malicious Attachment Simulation,Medium,Human Resources,T1566.001,0,0.0878,1,0,1,0,0,0,1,1
EVT001000,EMP0100,Operations,Operations Analyst,Medium,1,90,PHISH010,IT Helpdesk Account Verification,Credential Phishing,Hard,All,T1566.002,0,0.1246,1,0,0,0,1,250,0,0
EVT001001,EMP0101,Human Resources,HR Specialist,High,1,83,PHISH001,Microsoft 365 Password Expiration,Credential Phishing,Easy,All,T1566.002,0,0.3028,1,0,0,0,1,122,0,0
EVT001002,EMP0101,Human Resources,HR Specialist,High,1,83,PHISH002,HR Benefits Update,Malicious Attachment Simulation,Medium,All,T1566.001,0,0.2194,1,0,0,0,0,0,0,0
EVT001003,EMP0101,Human Resources,HR Specialist,High,1,83,PHISH003,CEO Urgent Payment Request,Business Email Compromise,Hard,Finance,T1566,0,0.22,1,0,0,0,1,156,0,0
EVT001004,EMP0101,Human Resources,HR Specialist,High,1,83,PHISH004,Package Delivery Notification,Link Phishing,Easy,All,T1566.002,0,0.2381,1,0,0,0,1,236,0,0
EVT001005,EMP0101,Human Resources,HR Specialist,High,1,83,PHISH005,Shared Cloud Document,Cloud Credential Phishing,Medium,All,T1566.003,0,0.2525,1,0,0,0,1,178,0,0
EVT001006,EMP0101,Human Resources,HR Specialist,High,1,83,PHISH006,Fake MFA Verification Request,Identity Phishing,Hard,Information Technology,T1566.002,0,0.3485,1,0,0,0,1,193,0,0
EVT001007,EMP0101,Human Resources,HR Specialist,High,1,83,PHISH007,Payroll Account Verification,Credential Phishing,Medium,Human Resources,T1566.002,1,0.3225,1,0,0,0,0,0,0,0
EVT001008,EMP0101,Human Resources,HR Specialist,High,1,83,PHISH008,QR Code Security Verification,QR Phishing,Hard,All,T1566.002,0,0.3255,0,0,0,0,0,0,0,0
EVT001009,EMP0101,Human Resources,HR Specialist,High,1,83,PHISH009,Resume Attachment,Malicious Attachment Simulation,Medium,Human Resources,T1566.001,1,0.3784,1,0,1,0,0,0,1,1
EVT001010,EMP0101,Human Resources,HR Specialist,High,1,83,PHISH010,IT Helpdesk Account Verification,Credential Phishing,Hard,All,T1566.002,0,0.2644,0,0,0,0,1,326,0,0
EVT001011,EMP0102,Operations,Operations Analyst,Medium,0,87,PHISH001,Microsoft 365 Password Expiration,Credential Phishing,Easy,All,T1566.002,0,0.3451,1,1,0,0,0,0,1,1
EVT001012,EMP0102,Operations,Operations Analyst,Medium,0,87,PHISH002,HR Benefits Update,Malicious Attachment Simulation,Medium,All,T1566.001,0,0.3223,0,0,0,0,1,185,0,0
EVT001013,EMP0102,Operations,Operations Analyst,Medium,0,87,PHISH003,CEO Urgent Payment Request,Business Email Compromise,Hard,Finance,T1566,0,0.4587,1,0,0,0,0,0,0,0
EVT001014,EMP0102,Operations,Operations Analyst,Medium,0,87,PHISH004,Package Delivery Notification,Link Phishing,Easy,All,T1566.002,0,0.3267,1,0,0,0,0,0,0,0
EVT001015,EMP0102,Operations,Operations Analyst,Medium,0,87,PHISH005,Shared Cloud Document,Cloud Credential Phishing,Medium,All,T1566.003,0,0.3066,1,0,0,0,1,202,0,0
EVT001016,EMP0102,Operations,Operations Analyst,Medium,0,87,PHISH006,Fake MFA Verification Request,Identity Phishing,Hard,Information Technology,T1566.002,0,0.3531,1,0,0,0,1,153,0,0
EVT001017,EMP0102,Operations,Operations Analyst,Medium,0,87,PHISH007,Payroll Account Verification,Credential Phishing,Medium,Human Resources,T1566.002,0,0.3591,0,0,0,0,1,608,0,0
EVT001018,EMP0102,Operations,Operations Analyst,Medium,0,87,PHISH008,QR Code Security Verification,QR Phishing,Hard,All,T1566.002,0,0.4423,1,1,0,0,0,0,1,1
EVT001019,EMP0102,Operations,Operations Analyst,Medium,0,87,PHISH009,Resume Attachment,Malicious Attachment Simulation,Medium,Human Resources,T1566.001,0,0.3627,1,0,0,0,1,221,0,0
EVT001020,EMP0102,Operations,Operations Analyst,Medium,0,87,PHISH010,IT Helpdesk Account Verification,Credential Phishing,Hard,All,T1566.002,0,0.3865,1,0,0,0,0,0,0,0
EVT001021,EMP0103,Operations,Operations Manager,Low,1,74,PHISH001,Microsoft 365 Password Expiration,Credential Phishing,Easy,All,T1566.002,0,0.3043,0,0,0,0,1,591,0,0
EVT001022,EMP0103,Operations,Operations Manager,Low,1,74,PHISH002,HR Benefits Update,Malicious Attachment Simulation,Medium,All,T1566.001,0,0.1308,1,0,0,0,1,162,0,0
EVT001023,EMP0103,Operations,Operations Manager,Low,1,74,PHISH003,CEO Urgent Payment Request,Business Email Compromise,Hard,Finance,T1566,0,0.2861,1,0,0,0,0,0,1,1
EVT001024,EMP0103,Operations,Operations Manager,Low,1,74,PHISH004,Package Delivery Notification,Link Phishing,Easy,All,T1566.002,0,0.3474,1,0,0,0,0,0,0,0
EVT001025,EMP0103,Operations,Operations Manager,Low,1,74,PHISH005,Shared Cloud Document,Cloud Credential Phishing,Medium,All,T1566.003,0,0.2457,1,0,0,0,1,232,0,0
EVT001026,EMP0103,Operations,Operations Manager,Low,1,74,PHISH006,Fake MFA Verification Request,Identity Phishing,Hard,Information Technology,T1566.002,0,0.3535,1,1,0,1,1,208,1,1
EVT001027,EMP0103,Operations,Operations Manager,Low,1,74,PHISH007,Payroll Account Verification,Credential Phishing,Medium,Human Resources,T1566.002,0,0.2705,1,1,0,1,0,0,1,1
EVT001028,EMP0103,Operations,Operations Manager,Low,1,74,PHISH008,QR Code Security Verification,QR Phishing,Hard,All,T1566.002,0,0.3852,0,0,0,0,0,0,1,1
EVT001029,EMP0103,Operations,Operations Manager,Low,1,74,PHISH009,Resume Attachment,Malicious Attachment Simulation,Medium,Human Resources,T1566.001,0,0.3985,1,0,0,0,1,180,0,0
EVT001030,EMP0103,Operations,Operations Manager,Low,1,74,PHISH010,IT Helpdesk Account Verification,Credential Phishing,Hard,All,T1566.002,0,0.2314,1,1,0,1,0,0,1,1
EVT001031,EMP0104,Operations,Operations Manager,Low,1,63,PHISH001,Microsoft 365 Password Expiration,Credential Phishing,Easy,All,T1566.002,0,0.3682,1,0,0,0,1,113,0,0
EVT001032,EMP0104,Operations,Operations Manager,Low,1,63,PHISH002,HR Benefits Update,Malicious Attachment Simulation,Medium,All,T1566.001,0,0.4028,1,0,0,0,1,259,0,0
EVT001033,EMP0104,Operations,Operations Manager,Low,1,63,PHISH003,CEO Urgent Payment Request,Business Email Compromise,Hard,Finance,T1566,0,0.4502,1,0,0,0,0,0,0,0
EVT001034,EMP0104,Operations,Operations Manager,Low,1,63,PHISH004,Package Delivery Notification,Link Phishing,Easy,All,T1566.002,0,0.3712,0,0,0,0,0,0,0,0
EVT001035,EMP0104,Operations,Operations Manager,Low,1,63,PHISH005,Shared Cloud Document,Cloud Credential Phishing,Medium,All,T1566.003,0,0.2871,1,0,0,0,0,0,0,0
EVT001036,EMP0104,Operations,Operations Manager,Low,1,63,PHISH006,Fake MFA Verification Request,Identity Phishing,Hard,Information Technology,T1566.002,0,0.3693,1,1,0,1,0,0,1,1
EVT001037,EMP0104,Operations,Operations Manager,Low,1,63,PHISH007,Payroll Account Verification,Credential Phishing,Medium,Human Resources,T1566.002,0,0.3932,1,1,0,1,0,0,1,1
EVT001038,EMP0104,Operations,Operations Manager,Low,1,63,PHISH008,QR Code Security Verification,QR Phishing,Hard,All,T1566.002,0,0.364,1,1,0,0,1,201,1,1
EVT001039,EMP0104,Operations,Operations Manager,Low,1,63,PHISH009,Resume Attachment,Malicious Attachment Simulation,Medium,Human Resources,T1566.001,0,0.4224,0,0,0,0,1,227,0,0
EVT001040,EMP0104,Operations,Operations Manager,Low,1,63,PHISH010,IT Helpdesk Account Verification,Credential Phishing,Hard,All,T1566.002,0,0.4301,1,1,0,1,0,0,1,1
EVT001041,EMP0105,Information Technology,System Administrator,Medium,0,95,PHISH001,Microsoft 365 Password Expiration,Credential Phishing,Easy,All,T1566.002,0,0.1844,1,0,0,0,1,999,0,0
EVT001042,EMP0105,Information Technology,System Administrator,Medium,0,95,PHISH002,HR Benefits Update,Malicious Attachment Simulation,Medium,All,T1566.001,0,0.2952,1,0,1,0,0,0,1,1
EVT001043,EMP0105,Information Technology,System Administrator,Medium,0,95,PHISH003,CEO Urgent Payment Request,Business Email Compromise,Hard,Finance,T1566,0,0.3317,1,0,0,0,0,0,0,0
EVT001044,EMP0105,Information Technology,System Administrator,Medium,0,95,PHISH004,Package Delivery Notification,Link Phishing,Easy,All,T1566.002,0,0.3056,1,1,0,0,1,523,1,1
EVT001045,EMP0105,Information Technology,System Administrator,Medium,0,95,PHISH005,Shared Cloud Document,Cloud Credential Phishing,Medium,All,T1566.003,0,0.2893,1,0,0,0,0,0,0,0
EVT001046,EMP0105,Information Technology,System Administrator,Medium,0,95,PHISH006,Fake MFA Verification Request,Identity Phishing,Hard,Information Technology,T1566.002,1,0.4445,1,1,0,1,1,159,1,1
EVT001047,EMP0105,Information Technology,System Administrator,Medium,0,95,PHISH007,Payroll Account Verification,Credential Phishing,Medium,Human Resources,T1566.002,0,0.1308,1,0,0,0,0,0,0,0
EVT001048,EMP0105,Information Technology,System Administrator,Medium,0,95,PHISH008,QR Code Security Verification,QR Phishing,Hard,All,T1566.002,0,0.3556,1,1,0,0,0,0,1,1
EVT001049,EMP0105,Information Technology,System Administrator,Medium,0,95,PHISH009,Resume Attachment,Malicious Attachment Simulation,Medium,Human Resources,T1566.001,0,0.413,1,0,1,0,0,0,1,1
EVT001050,EMP0105,Information Technology,System Administrator,Medium,0,95,PHISH010,IT Helpdesk Account Verification,Credential Phishing,Hard,All,T1566.002,0,0.3524,0,0,0,0,1,141,0,0
EVT001051,EMP0106,Human Resources,HR Manager,Medium,1,60,PHISH001,Microsoft 365 Password Expiration,Credential Phishing,Easy,All,T1566.002,0,0.1395,1,0,0,0,1,154,0,0
EVT001052,EMP0106,Human Resources,HR Manager,Medium,1,60,PHISH002,HR Benefits Update,Malicious Attachment Simulation,Medium,All,T1566.001,0,0.2498,1,0,0,0,0,0,0,0
EVT001053,EMP0106,Human Resources,HR Manager,Medium,1,60,PHISH003,CEO Urgent Payment Request,Business Email Compromise,Hard,Finance,T1566,0,0.2438,1,0,0,0,1,212,0,0
EVT001054,EMP0106,Human Resources,HR Manager,Medium,1,60,PHISH004,Package Delivery Notification,Link Phishing,Easy,All,T1566.002,0,0.2871,1,0,0,0,0,0,0,0
EVT001055,EMP0106,Human Resources,HR Manager,Medium,1,60,PHISH005,Shared Cloud Document,Cloud Credential Phishing,Medium,All,T1566.003,0,0.317,1,0,0,0,1,113,0,0
EVT001056,EMP0106,Human Resources,HR Manager,Medium,1,60,PHISH006,Fake MFA Verification Request,Identity Phishing,Hard,Information Technology,T1566.002,0,0.2428,1,0,0,0,1,247,0,0
EVT001057,EMP0106,Human Resources,HR Manager,Medium,1,60,PHISH007,Payroll Account Verification,Credential Phishing,Medium,Human Resources,T1566.002,1,0.3269,1,1,0,0,1,456,1,1
EVT001058,EMP0106,Human Resources,HR Manager,Medium,1,60,PHISH008,QR Code Security Verification,QR Phishing,Hard,All,T1566.002,0,0.2462,1,0,0,0,1,113,0,0
EVT001059,EMP0106,Human Resources,HR Manager,Medium,1,60,PHISH009,Resume Attachment,Malicious Attachment Simulation,Medium,Human Resources,T1566.001,1,0.2861,1,0,1,0,0,0,1,1
EVT001060,EMP0106,Human Resources,HR Manager,Medium,1,60,PHISH010,IT Helpdesk Account Verification,Credential Phishing,Hard,All,T1566.002,0,0.2277,1,1,0,1,0,0,1,1
EVT001061,EMP0107,Operations,Operations Specialist,Low,1,80,PHISH001,Microsoft 365 Password Expiration,Credential Phishing,Easy,All,T1566.002,0,0.1232,1,0,0,0,0,0,0,0
EVT001062,EMP0107,Operations,Operations Specialist,Low,1,80,PHISH002,HR Benefits Update,Malicious Attachment Simulation,Medium,All,T1566.001,0,0.1572,1,0,0,0,1,404,0,0
EVT001063,EMP0107,Operations,Operations Specialist,Low,1,80,PHISH003,CEO Urgent Payment Request,Business Email Compromise,Hard,Finance,T1566,0,0.096,1,0,0,0,1,127,0,0
EVT001064,EMP0107,Operations,Operations Specialist,Low,1,80,PHISH004,Package Delivery Notification,Link Phishing,Easy,All,T1566.002,0,0.1535,1,0,0,0,0,0,0,0
EVT001065,EMP0107,Operations,Operations Specialist,Low,1,80,PHISH005,Shared Cloud Document,Cloud Credential Phishing,Medium,All,T1566.003,0,0.2483,1,0,0,0,0,0,0,0
EVT001066,EMP0107,Operations,Operations Specialist,Low,1,80,PHISH006,Fake MFA Verification Request,Identity Phishing,Hard,Information Technology,T1566.002,0,0.2396,1,1,0,1,1,249,1,1
EVT001067,EMP0107,Operations,Operations Specialist,Low,1,80,PHISH007,Payroll Account Verification,Credential Phishing,Medium,Human Resources,T1566.002,0,0.0655,0,0,0,0,0,0,0,0
EVT001068,EMP0107,Operations,Operations Specialist,Low,1,80,PHISH008,QR Code Security Verification,QR Phishing,Hard,All,T1566.002,0,0.1852,1,0,0,0,1,215,0,0
EVT001069,EMP0107,Operations,Operations Specialist,Low,1,80,PHISH009,Resume Attachment,Malicious Attachment Simulation,Medium,Human Resources,T1566.001,0,0.1043,1,0,0,0,1,110,0,0
EVT001070,EMP0107,Operations,Operations Specialist,Low,1,80,PHISH010,IT Helpdesk Account Verification,Credential Phishing,Hard,All,T1566.002,0,0.1486,1,0,0,0,0,0,0,0
EVT001071,EMP0108,Legal,Legal Assistant,High,1,70,PHISH001,Microsoft 365 Password Expiration,Credential Phishing,Easy,All,T1566.002,0,0.3535,1,1,0,0,0,0,1,1
EVT001072,EMP0108,Legal,Legal Assistant,High,1,70,PHISH002,HR Benefits Update,Malicious Attachment Simulation,Medium,All,T1566.001,0,0.3339,1,0,0,0,0,0,0,0
EVT001073,EMP0108,Legal,Legal Assistant,High,1,70,PHISH003,CEO Urgent Payment Request,Business Email Compromise,Hard,Finance,T1566,0,0.2835,1,0,0,0,1,147,0,0
EVT001074,EMP0108,Legal,Legal Assistant,High,1,70,PHISH004,Package Delivery Notification,Link Phishing,Easy,All,T1566.002,0,0.3364,1,0,0,0,0,0,0,0
EVT001075,EMP0108,Legal,Legal Assistant,High,1,70,PHISH005,Shared Cloud Document,Cloud Credential Phishing,Medium,All,T1566.003,0,0.3522,1,0,0,0,1,139,0,0
EVT001076,EMP0108,Legal,Legal Assistant,High,1,70,PHISH006,Fake MFA Verification Request,Identity Phishing,Hard,Information Technology,T1566.002,0,0.1857,1,1,0,0,0,0,1,1
EVT001077,EMP0108,Legal,Legal Assistant,High,1,70,PHISH007,Payroll Account Verification,Credential Phishing,Medium,Human Resources,T1566.002,0,0.4455,1,0,0,0,1,173,0,0
EVT001078,EMP0108,Legal,Legal Assistant,High,1,70,PHISH008,QR Code Security Verification,QR Phishing,Hard,All,T1566.002,0,0.301,0,0,0,0,0,0,0,0
EVT001079,EMP0108,Legal,Legal Assistant,High,1,70,PHISH009,Resume Attachment,Malicious Attachment Simulation,Medium,Human Resources,T1566.001,0,0.3639,1,0,1,0,1,362,1,1
EVT001080,EMP0108,Legal,Legal Assistant,High,1,70,PHISH010,IT Helpdesk Account Verification,Credential Phishing,Hard,All,T1566.002,0,0.2492,1,0,0,0,1,460,0,0
EVT001081,EMP0109,Executive,Vice President,High,1,97,PHISH001,Microsoft 365 Password Expiration,Credential Phishing,Easy,All,T1566.002,0,0.2962,0,0,0,0,0,0,0,0
EVT001082,EMP0109,Executive,Vice President,High,1,97,PHISH002,HR Benefits Update,Malicious Attachment Simulation,Medium,All,T1566.001,0,0.3245,1,0,1,0,0,0,1,1
EVT001083,EMP0109,Executive,Vice President,High,1,97,PHISH003,CEO Urgent Payment Request,Business Email Compromise,Hard,Finance,T1566,0,0.3414,1,0,0,0,1,423,0,0
EVT001084,EMP0109,Executive,Vice President,High,1,97,PHISH004,Package Delivery Notification,Link Phishing,Easy,All,T1566.002,0,0.2248,1,0,0,0,1,117,0,0
EVT001085,EMP0109,Executive,Vice President,High,1,97,PHISH005,Shared Cloud Document,Cloud Credential Phishing,Medium,All,T1566.003,0,0.1073,1,0,0,0,1,141,0,0
EVT001086,EMP0109,Executive,Vice President,High,1,97,PHISH006,Fake MFA Verification Request,Identity Phishing,Hard,Information Technology,T1566.002,0,0.2598,1,0,0,0,1,503,0,0
EVT001087,EMP0109,Executive,Vice President,High,1,97,PHISH007,Payroll Account Verification,Credential Phishing,Medium,Human Resources,T1566.002,0,0.187,1,0,0,0,1,140,0,0
EVT001088,EMP0109,Executive,Vice President,High,1,97,PHISH008,QR Code Security Verification,QR Phishing,Hard,All,T1566.002,0,0.2447,1,0,0,0,1,76,0,0
EVT001089,EMP0109,Executive,Vice President,High,1,97,PHISH009,Resume Attachment,Malicious Attachment Simulation,Medium,Human Resources,T1566.001,0,0.1284,1,0,1,0,0,0,1,1
EVT001090,EMP0109,Executive,Vice President,High,1,97,PHISH010,IT Helpdesk Account Verification,Credential Phishing,Hard,All,T1566.002,0,0.2342,0,0,0,0,1,89,0,0
EVT001091,EMP0110,Human Resources,HR Manager,High,1,63,PHISH001,Microsoft 365 Password Expiration,Credential Phishing,Easy,All,T1566.002,0,0.2471,0,0,0,0,0,0,1,1
EVT001092,EMP0110,Human Resources,HR Manager,High,1,63,PHISH002,HR Benefits Update,Malicious Attachment Simulation,Medium,All,T1566.001,0,0.226,1,0,0,0,1,449,0,0
EVT001093,EMP0110,Human Resources,HR Manager,High,1,63,PHISH003,CEO Urgent Payment Request,Business Email Compromise,Hard,Finance,T1566,0,0.2851,1,0,0,0,1,543,1,1
EVT001094,EMP0110,Human Resources,HR Manager,High,1,63,PHISH004,Package Delivery Notification,Link Phishing,Easy,All,T1566.002,0,0.2537,1,0,0,0,1,152,0,0
EVT001095,EMP0110,Human Resources,HR Manager,High,1,63,PHISH005,Shared Cloud Document,Cloud Credential Phishing,Medium,All,T1566.003,0,0.3273,1,1,0,1,1,263,1,1
EVT001096,EMP0110,Human Resources,HR Manager,High,1,63,PHISH006,Fake MFA Verification Request,Identity Phishing,Hard,Information Technology,T1566.002,0,0.3225,1,0,0,0,1,671,0,0
EVT001097,EMP0110,Human Resources,HR Manager,High,1,63,PHISH007,Payroll Account Verification,Credential Phishing,Medium,Human Resources,T1566.002,1,0.2641,1,1,0,0,0,0,1,1
EVT001098,EMP0110,Human Resources,HR Manager,High,1,63,PHISH008,QR Code Security Verification,QR Phishing,Hard,All,T1566.002,0,0.2406,1,0,0,0,1,268,0,0
EVT001099,EMP0110,Human Resources,HR Manager,High,1,63,PHISH009,Resume Attachment,Malicious Attachment Simulation,Medium,Human Resources,T1566.001,1,0.4032,1,0,0,0,0,0,0,0
EVT001100,EMP0110,Human Resources,HR Manager,High,1,63,PHISH010,IT Helpdesk Account Verification,Credential Phishing,Hard,All,T1566.002,0,0.2945,1,1,0,1,0,0,1,1
EVT001101,EMP0111,Operations,Operations Analyst,Low,1,81,PHISH001,Microsoft 365 Password Expiration,Credential Phishing,Easy,All,T1566.002,0,0.2726,1,1,0,1,1,167,1,1
EVT001102,EMP0111,Operations,Operations Analyst,Low,1,81,PHISH002,HR Benefits Update,Malicious Attachment Simulation,Medium,All,T1566.001,0,0.3247,1,0,1,0,0,0,1,1
EVT001103,EMP0111,Operations,Operations Analyst,Low,1,81,PHISH003,CEO Urgent Payment Request,Business Email Compromise,Hard,Finance,T1566,0,0.2897,0,0,0,0,1,105,0,0
EVT001104,EMP0111,Operations,Operations Analyst,Low,1,81,PHISH004,Package Delivery Notification,Link Phishing,Easy,All,T1566.002,0,0.3209,1,1,0,0,0,0,1,1
EVT001105,EMP0111,Operations,Operations Analyst,Low,1,81,PHISH005,Shared Cloud Document,Cloud Credential Phishing,Medium,All,T1566.003,0,0.2371,1,0,0,0,0,0,0,0
EVT001106,EMP0111,Operations,Operations Analyst,Low,1,81,PHISH006,Fake MFA Verification Request,Identity Phishing,Hard,Information Technology,T1566.002,0,0.35,1,1,0,1,0,0,1,1
EVT001107,EMP0111,Operations,Operations Analyst,Low,1,81,PHISH007,Payroll Account Verification,Credential Phishing,Medium,Human Resources,T1566.002,0,0.2992,0,0,0,0,1,197,1,1
EVT001108,EMP0111,Operations,Operations Analyst,Low,1,81,PHISH008,QR Code Security Verification,QR Phishing,Hard,All,T1566.002,0,0.3368,0,0,0,0,0,0,1,1
EVT001109,EMP0111,Operations,Operations Analyst,Low,1,81,PHISH009,Resume Attachment,Malicious Attachment Simulation,Medium,Human Resources,T1566.001,0,0.3063,1,0,0,0,1,155,0,0
EVT001110,EMP0111,Operations,Operations Analyst,Low,1,81,PHISH010,IT Helpdesk Account Verification,Credential Phishing,Hard,All,T1566.002,0,0.2342,1,1,0,1,0,0,1,1
EVT001111,EMP0112,Legal,Legal Assistant,High,1,70,PHISH001,Microsoft 365 Password Expiration,Credential Phishing,Easy,All,T1566.002,0,0.2818,1,1,0,1,1,165,1,1
EVT001112,EMP0112,Legal,Legal Assistant,High,1,70,PHISH002,HR Benefits Update,Malicious Attachment Simulation,Medium,All,T1566.001,0,0.3307,1,0,0,0,0,0,0,0
EVT001113,EMP0112,Legal,Legal Assistant,High,1,70,PHISH003,CEO Urgent Payment Request,Business Email Compromise,Hard,Finance,T1566,0,0.3457,1,0,0,0,0,0,1,1
EVT001114,EMP0112,Legal,Legal Assistant,High,1,70,PHISH004,Package Delivery Notification,Link Phishing,Easy,All,T1566.002,0,0.3617,1,0,0,0,0,0,0,0
EVT001115,EMP0112,Legal,Legal Assistant,High,1,70,PHISH005,Shared Cloud Document,Cloud Credential Phishing,Medium,All,T1566.003,0,0.3441,0,0,0,0,0,0,0,0
EVT001116,EMP0112,Legal,Legal Assistant,High,1,70,PHISH006,Fake MFA Verification Request,Identity Phishing,Hard,Information Technology,T1566.002,0,0.3507,1,1,0,1,0,0,1,1
EVT001117,EMP0112,Legal,Legal Assistant,High,1,70,PHISH007,Payroll Account Verification,Credential Phishing,Medium,Human Resources,T1566.002,0,0.2606,1,0,0,0,1,350,0,0
EVT001118,EMP0112,Legal,Legal Assistant,High,1,70,PHISH008,QR Code Security Verification,QR Phishing,Hard,All,T1566.002,0,0.3529,0,0,0,0,1,139,0,0
EVT001119,EMP0112,Legal,Legal Assistant,High,1,70,PHISH009,Resume Attachment,Malicious Attachment Simulation,Medium,Human Resources,T1566.001,0,0.3059,1,0,1,0,1,314,1,1
EVT001120,EMP0112,Legal,Legal Assistant,High,1,70,PHISH010,IT Helpdesk Account Verification,Credential Phishing,Hard,All,T1566.002,0,0.2977,1,0,0,0,0,0,0,0
EVT001121,EMP0113,Information Technology,Security Analyst,High,0,70,PHISH001,Microsoft 365 Password Expiration,Credential Phishing,Easy,All,T1566.002,0,0.4147,1,0,0,0,0,0,0,0
EVT001122,EMP0113,Information Technology,Security Analyst,High,0,70,PHISH002,HR Benefits Update,Malicious Attachment Simulation,Medium,All,T1566.001,0,0.4065,1,0,1,0,0,0,1,1
EVT001123,EMP0113,Information Technology,Security Analyst,High,0,70,PHISH003,CEO Urgent Payment Request,Business Email Compromise,Hard,Finance,T1566,0,0.3882,0,0,0,0,0,0,1,1
EVT001124,EMP0113,Information Technology,Security Analyst,High,0,70,PHISH004,Package Delivery Notification,Link Phishing,Easy,All,T1566.002,0,0.4452,0,0,0,0,1,369,0,0
EVT001125,EMP0113,Information Technology,Security Analyst,High,0,70,PHISH005,Shared Cloud Document,Cloud Credential Phishing,Medium,All,T1566.003,0,0.3632,0,0,0,0,0,0,0,0
EVT001126,EMP0113,Information Technology,Security Analyst,High,0,70,PHISH006,Fake MFA Verification Request,Identity Phishing,Hard,Information Technology,T1566.002,1,0.4833,0,0,0,0,1,268,0,0
EVT001127,EMP0113,Information Technology,Security Analyst,High,0,70,PHISH007,Payroll Account Verification,Credential Phishing,Medium,Human Resources,T1566.002,0,0.3962,1,1,0,1,1,185,1,1
EVT001128,EMP0113,Information Technology,Security Analyst,High,0,70,PHISH008,QR Code Security Verification,QR Phishing,Hard,All,T1566.002,0,0.3764,0,0,0,0,0,0,1,1
EVT001129,EMP0113,Information Technology,Security Analyst,High,0,70,PHISH009,Resume Attachment,Malicious Attachment Simulation,Medium,Human Resources,T1566.001,0,0.5512,1,0,1,0,1,251,1,1
EVT001130,EMP0113,Information Technology,Security Analyst,High,0,70,PHISH010,IT Helpdesk Account Verification,Credential Phishing,Hard,All,T1566.002,0,0.3829,1,0,0,0,0,0,0,0
EVT001131,EMP0114,Marketing,Marketing Manager,Low,1,88,PHISH001,Microsoft 365 Password Expiration,Credential Phishing,Easy,All,T1566.002,0,0.2909,1,0,0,0,1,153,0,0
EVT001132,EMP0114,Marketing,Marketing Manager,Low,1,88,PHISH002,HR Benefits Update,Malicious Attachment Simulation,Medium,All,T1566.001,0,0.3353,1,0,0,0,0,0,0,0
EVT001133,EMP0114,Marketing,Marketing Manager,Low,1,88,PHISH003,CEO Urgent Payment Request,Business Email Compromise,Hard,Finance,T1566,0,0.4218,1,0,0,0,1,207,0,0
EVT001134,EMP0114,Marketing,Marketing Manager,Low,1,88,PHISH004,Package Delivery Notification,Link Phishing,Easy,All,T1566.002,0,0.3181,1,0,0,0,1,388,0,0
EVT001135,EMP0114,Marketing,Marketing Manager,Low,1,88,PHISH005,Shared Cloud Document,Cloud Credential Phishing,Medium,All,T1566.003,0,0.2921,1,0,0,0,1,148,0,0
EVT001136,EMP0114,Marketing,Marketing Manager,Low,1,88,PHISH006,Fake MFA Verification Request,Identity Phishing,Hard,Information Technology,T1566.002,0,0.4226,1,1,0,1,0,0,1,1
EVT001137,EMP0114,Marketing,Marketing Manager,Low,1,88,PHISH007,Payroll Account Verification,Credential Phishing,Medium,Human Resources,T1566.002,0,0.3003,1,0,0,0,1,597,0,0
EVT001138,EMP0114,Marketing,Marketing Manager,Low,1,88,PHISH008,QR Code Security Verification,QR Phishing,Hard,All,T1566.002,0,0.3109,1,0,0,0,1,274,0,0
EVT001139,EMP0114,Marketing,Marketing Manager,Low,1,88,PHISH009,Resume Attachment,Malicious Attachment Simulation,Medium,Human Resources,T1566.001,0,0.4168,1,0,1,0,0,0,1,1
EVT001140,EMP0114,Marketing,Marketing Manager,Low,1,88,PHISH010,IT Helpdesk Account Verification,Credential Phishing,Hard,All,T1566.002,0,0.3226,0,0,0,0,0,0,1,1
EVT001141,EMP0115,Human Resources,HR Specialist,Medium,1,87,PHISH001,Microsoft 365 Password Expiration,Credential Phishing,Easy,All,T1566.002,0,0.2474,1,1,0,1,0,0,1,1
EVT001142,EMP0115,Human Resources,HR Specialist,Medium,1,87,PHISH002,HR Benefits Update,Malicious Attachment Simulation,Medium,All,T1566.001,0,0.1183,1,0,0,0,1,632,0,0
EVT001143,EMP0115,Human Resources,HR Specialist,Medium,1,87,PHISH003,CEO Urgent Payment Request,Business Email Compromise,Hard,Finance,T1566,0,0.2872,1,0,0,0,1,83,0,0
EVT001144,EMP0115,Human Resources,HR Specialist,Medium,1,87,PHISH004,Package Delivery Notification,Link Phishing,Easy,All,T1566.002,0,0.2869,1,0,0,0,0,0,0,0
EVT001145,EMP0115,Human Resources,HR Specialist,Medium,1,87,PHISH005,Shared Cloud Document,Cloud Credential Phishing,Medium,All,T1566.003,0,0.4386,1,0,0,0,1,309,0,0
EVT001146,EMP0115,Human Resources,HR Specialist,Medium,1,87,PHISH006,Fake MFA Verification Request,Identity Phishing,Hard,Information Technology,T1566.002,0,0.3204,1,0,0,0,1,136,0,0
EVT001147,EMP0115,Human Resources,HR Specialist,Medium,1,87,PHISH007,Payroll Account Verification,Credential Phishing,Medium,Human Resources,T1566.002,1,0.3513,1,0,0,0,1,110,0,0
EVT001148,EMP0115,Human Resources,HR Specialist,Medium,1,87,PHISH008,QR Code Security Verification,QR Phishing,Hard,All,T1566.002,0,0.2643,1,0,0,0,1,226,0,0
EVT001149,EMP0115,Human Resources,HR Specialist,Medium,1,87,PHISH009,Resume Attachment,Malicious Attachment Simulation,Medium,Human Resources,T1566.001,1,0.3253,1,0,0,0,0,0,0,0
EVT001150,EMP0115,Human Resources,HR Specialist,Medium,1,87,PHISH010,IT Helpdesk Account Verification,Credential Phishing,Hard,All,T1566.002,0,0.3228,1,1,0,0,0,0,1,1
EVT001151,EMP0116,Finance,Accountant,Medium,1,85,PHISH001,Microsoft 365 Password Expiration,Credential Phishing,Easy,All,T1566.002,0,0.2911,1,1,0,1,0,0,1,1
EVT001152,EMP0116,Finance,Accountant,Medium,1,85,PHISH002,HR Benefits Update,Malicious Attachment Simulation,Medium,All,T1566.001,0,0.3693,1,0,0,0,1,145,0,0
EVT001153,EMP0116,Finance,Accountant,Medium,1,85,PHISH003,CEO Urgent Payment Request,Business Email Compromise,Hard,Finance,T1566,1,0.3294,1,0,0,0,0,0,1,1
EVT001154,EMP0116,Finance,Accountant,Medium,1,85,PHISH004,Package Delivery Notification,Link Phishing,Easy,All,T1566.002,0,0.1923,1,0,0,0,1,185,0,0
EVT001155,EMP0116,Finance,Accountant,Medium,1,85,PHISH005,Shared Cloud Document,Cloud Credential Phishing,Medium,All,T1566.003,0,0.3098,1,1,0,1,1,90,1,1
EVT001156,EMP0116,Finance,Accountant,Medium,1,85,PHISH006,Fake MFA Verification Request,Identity Phishing,Hard,Information Technology,T1566.002,0,0.3511,1,0,0,0,0,0,0,0
EVT001157,EMP0116,Finance,Accountant,Medium,1,85,PHISH007,Payroll Account Verification,Credential Phishing,Medium,Human Resources,T1566.002,0,0.3232,1,0,0,0,1,204,0,0
EVT001158,EMP0116,Finance,Accountant,Medium,1,85,PHISH008,QR Code Security Verification,QR Phishing,Hard,All,T1566.002,0,0.333,1,1,0,0,0,0,1,1
EVT001159,EMP0116,Finance,Accountant,Medium,1,85,PHISH009,Resume Attachment,Malicious Attachment Simulation,Medium,Human Resources,T1566.001,0,0.3314,0,0,0,0,1,238,1,1
EVT001160,EMP0116,Finance,Accountant,Medium,1,85,PHISH010,IT Helpdesk Account Verification,Credential Phishing,Hard,All,T1566.002,0,0.2279,1,0,0,0,1,341,0,0
EVT001161,EMP0117,Marketing,Marketing Specialist,Low,1,77,PHISH001,Microsoft 365 Password Expiration,Credential Phishing,Easy,All,T1566.002,0,0.3245,1,1,0,1,0,0,1,1
EVT001162,EMP0117,Marketing,Marketing Specialist,Low,1,77,PHISH002,HR Benefits Update,Malicious Attachment Simulation,Medium,All,T1566.001,0,0.3002,1,0,1,0,0,0,1,1
EVT001163,EMP0117,Marketing,Marketing Specialist,Low,1,77,PHISH003,CEO Urgent Payment Request,Business Email Compromise,Hard,Finance,T1566,0,0.2813,1,0,0,0,1,574,1,1
EVT001164,EMP0117,Marketing,Marketing Specialist,Low,1,77,PHISH004,Package Delivery Notification,Link Phishing,Easy,All,T1566.002,0,0.294,0,0,0,0,0,0,1,1
EVT001165,EMP0117,Marketing,Marketing Specialist,Low,1,77,PHISH005,Shared Cloud Document,Cloud Credential Phishing,Medium,All,T1566.003,0,0.3391,1,1,0,1,0,0,1,1
EVT001166,EMP0117,Marketing,Marketing Specialist,Low,1,77,PHISH006,Fake MFA Verification Request,Identity Phishing,Hard,Information Technology,T1566.002,0,0.0956,1,0,0,0,0,0,0,0
EVT001167,EMP0117,Marketing,Marketing Specialist,Low,1,77,PHISH007,Payroll Account Verification,Credential Phishing,Medium,Human Resources,T1566.002,0,0.2843,1,0,0,0,1,314,0,0
EVT001168,EMP0117,Marketing,Marketing Specialist,Low,1,77,PHISH008,QR Code Security Verification,QR Phishing,Hard,All,T1566.002,0,0.2694,1,1,0,0,1,90,1,1
EVT001169,EMP0117,Marketing,Marketing Specialist,Low,1,77,PHISH009,Resume Attachment,Malicious Attachment Simulation,Medium,Human Resources,T1566.001,0,0.3634,1,0,0,0,0,0,0,0
EVT001170,EMP0117,Marketing,Marketing Specialist,Low,1,77,PHISH010,IT Helpdesk Account Verification,Credential Phishing,Hard,All,T1566.002,0,0.3335,1,0,0,0,0,0,0,0
EVT001171,EMP0118,Operations,Operations Specialist,Low,1,79,PHISH001,Microsoft 365 Password Expiration,Credential Phishing,Easy,All,T1566.002,0,0.1315,1,0,0,0,0,0,0,0
EVT001172,EMP0118,Operations,Operations Specialist,Low,1,79,PHISH002,HR Benefits Update,Malicious Attachment Simulation,Medium,All,T1566.001,0,0.2111,1,0,0,0,1,326,0,0
EVT001173,EMP0118,Operations,Operations Specialist,Low,1,79,PHISH003,CEO Urgent Payment Request,Business Email Compromise,Hard,Finance,T1566,0,0.2148,1,0,0,0,0,0,0,0
EVT001174,EMP0118,Operations,Operations Specialist,Low,1,79,PHISH004,Package Delivery Notification,Link Phishing,Easy,All,T1566.002,0,0.03,0,0,0,0,0,0,0,0
EVT001175,EMP0118,Operations,Operations Specialist,Low,1,79,PHISH005,Shared Cloud Document,Cloud Credential Phishing,Medium,All,T1566.003,0,0.1596,1,0,0,0,1,89,0,0
EVT001176,EMP0118,Operations,Operations Specialist,Low,1,79,PHISH006,Fake MFA Verification Request,Identity Phishing,Hard,Information Technology,T1566.002,0,0.2338,1,0,0,0,1,188,0,0
EVT001177,EMP0118,Operations,Operations Specialist,Low,1,79,PHISH007,Payroll Account Verification,Credential Phishing,Medium,Human Resources,T1566.002,0,0.1796,1,0,0,0,1,71,0,0
EVT001178,EMP0118,Operations,Operations Specialist,Low,1,79,PHISH008,QR Code Security Verification,QR Phishing,Hard,All,T1566.002,0,0.1955,1,1,0,0,0,0,1,1
EVT001179,EMP0118,Operations,Operations Specialist,Low,1,79,PHISH009,Resume Attachment,Malicious Attachment Simulation,Medium,Human Resources,T1566.001,0,0.0906,0,0,0,0,1,344,0,0
EVT001180,EMP0118,Operations,Operations Specialist,Low,1,79,PHISH010,IT Helpdesk Account Verification,Credential Phishing,Hard,All,T1566.002,0,0.162,1,0,0,0,1,136,0,0
EVT001181,EMP0119,Legal,Legal Assistant,Medium,1,75,PHISH001,Microsoft 365 Password Expiration,Credential Phishing,Easy,All,T1566.002,0,0.3261,1,0,0,0,1,178,0,0
EVT001182,EMP0119,Legal,Legal Assistant,Medium,1,75,PHISH002,HR Benefits Update,Malicious Attachment Simulation,Medium,All,T1566.001,0,0.3812,1,0,0,0,0,0,0,0
EVT001183,EMP0119,Legal,Legal Assistant,Medium,1,75,PHISH003,CEO Urgent Payment Request,Business Email Compromise,Hard,Finance,T1566,0,0.4114,1,0,0,0,0,0,1,1
EVT001184,EMP0119,Legal,Legal Assistant,Medium,1,75,PHISH004,Package Delivery Notification,Link Phishing,Easy,All,T1566.002,0,0.347,1,1,0,0,0,0,1,1
EVT001185,EMP0119,Legal,Legal Assistant,Medium,1,75,PHISH005,Shared Cloud Document,Cloud Credential Phishing,Medium,All,T1566.003,0,0.365,1,0,0,0,1,255,0,0
EVT001186,EMP0119,Legal,Legal Assistant,Medium,1,75,PHISH006,Fake MFA Verification Request,Identity Phishing,Hard,Information Technology,T1566.002,0,0.4292,1,0,0,0,0,0,0,0
EVT001187,EMP0119,Legal,Legal Assistant,Medium,1,75,PHISH007,Payroll Account Verification,Credential Phishing,Medium,Human Resources,T1566.002,0,0.4407,1,1,0,1,0,0,1,1
EVT001188,EMP0119,Legal,Legal Assistant,Medium,1,75,PHISH008,QR Code Security Verification,QR Phishing,Hard,All,T1566.002,0,0.414,1,0,0,0,1,321,0,0
EVT001189,EMP0119,Legal,Legal Assistant,Medium,1,75,PHISH009,Resume Attachment,Malicious Attachment Simulation,Medium,Human Resources,T1566.001,0,0.3237,1,0,0,0,1,92,0,0
EVT001190,EMP0119,Legal,Legal Assistant,Medium,1,75,PHISH010,IT Helpdesk Account Verification,Credential Phishing,Hard,All,T1566.002,0,0.4149,1,0,0,0,1,203,0,0
EVT001191,EMP0120,Human Resources,Recruiter,High,1,91,PHISH001,Microsoft 365 Password Expiration,Credential Phishing,Easy,All,T1566.002,0,0.1337,1,0,0,0,1,45,0,0
EVT001192,EMP0120,Human Resources,Recruiter,High,1,91,PHISH002,HR Benefits Update,Malicious Attachment Simulation,Medium,All,T1566.001,0,0.3088,0,0,0,0,1,151,0,0
EVT001193,EMP0120,Human Resources,Recruiter,High,1,91,PHISH003,CEO Urgent Payment Request,Business Email Compromise,Hard,Finance,T1566,0,0.1768,1,0,0,0,1,373,1,1
EVT001194,EMP0120,Human Resources,Recruiter,High,1,91,PHISH004,Package Delivery Notification,Link Phishing,Easy,All,T1566.002,0,0.2203,0,0,0,0,1,118,1,1
EVT001195,EMP0120,Human Resources,Recruiter,High,1,91,PHISH005,Shared Cloud Document,Cloud Credential Phishing,Medium,All,T1566.003,0,0.1186,1,0,0,0,1,248,0,0
EVT001196,EMP0120,Human Resources,Recruiter,High,1,91,PHISH006,Fake MFA Verification Request,Identity Phishing,Hard,Information Technology,T1566.002,0,0.1662,1,1,0,1,0,0,1,1
EVT001197,EMP0120,Human Resources,Recruiter,High,1,91,PHISH007,Payroll Account Verification,Credential Phishing,Medium,Human Resources,T1566.002,1,0.418,1,0,0,0,1,500,0,0
EVT001198,EMP0120,Human Resources,Recruiter,High,1,91,PHISH008,QR Code Security Verification,QR Phishing,Hard,All,T1566.002,0,0.2305,1,1,0,0,0,0,1,1
EVT001199,EMP0120,Human Resources,Recruiter,High,1,91,PHISH009,Resume Attachment,Malicious Attachment Simulation,Medium,Human Resources,T1566.001,1,0.1424,1,0,1,0,0,0,1,1
EVT001200,EMP0120,Human Resources,Recruiter,High,1,91,PHISH010,IT Helpdesk Account Verification,Credential Phishing,Hard,All,T1566.002,0,0.1287,1,0,0,0,0,0,0,0
EVT001201,EMP0121,Information Technology,IT Support Analyst,Medium,1,93,PHISH001,Microsoft 365 Password Expiration,Credential Phishing,Easy,All,T1566.002,0,0.1154,0,0,0,0,1,294,0,0
EVT001202,EMP0121,Information Technology,IT Support Analyst,Medium,1,93,PHISH002,HR Benefits Update,Malicious Attachment Simulation,Medium,All,T1566.001,0,0.1836,0,0,0,0,0,0,0,0
EVT001203,EMP0121,Information Technology,IT Support Analyst,Medium,1,93,PHISH003,CEO Urgent Payment Request,Business Email Compromise,Hard,Finance,T1566,0,0.1636,0,0,0,0,1,120,1,1
EVT001204,EMP0121,Information Technology,IT Support Analyst,Medium,1,93,PHISH004,Package Delivery Notification,Link Phishing,Easy,All,T1566.002,0,0.0778,1,1,0,0,1,80,1,1
EVT001205,EMP0121,Information Technology,IT Support Analyst,Medium,1,93,PHISH005,Shared Cloud Document,Cloud Credential Phishing,Medium,All,T1566.003,0,0.1168,1,0,0,0,1,96,0,0
EVT001206,EMP0121,Information Technology,IT Support Analyst,Medium,1,93,PHISH006,Fake MFA Verification Request,Identity Phishing,Hard,Information Technology,T1566.002,1,0.167,1,1,0,0,1,136,1,1
EVT001207,EMP0121,Information Technology,IT Support Analyst,Medium,1,93,PHISH007,Payroll Account Verification,Credential Phishing,Medium,Human Resources,T1566.002,0,0.1625,1,0,0,0,0,0,0,0
EVT001208,EMP0121,Information Technology,IT Support Analyst,Medium,1,93,PHISH008,QR Code Security Verification,QR Phishing,Hard,All,T1566.002,0,0.1629,0,0,0,0,1,490,0,0
EVT001209,EMP0121,Information Technology,IT Support Analyst,Medium,1,93,PHISH009,Resume Attachment,Malicious Attachment Simulation,Medium,Human Resources,T1566.001,0,0.1637,1,0,0,0,0,0,0,0
EVT001210,EMP0121,Information Technology,IT Support Analyst,Medium,1,93,PHISH010,IT Helpdesk Account Verification,Credential Phishing,Hard,All,T1566.002,0,0.1212,0,0,0,0,0,0,0,0
EVT001211,EMP0122,Information Technology,System Administrator,Medium,1,78,PHISH001,Microsoft 365 Password Expiration,Credential Phishing,Easy,All,T1566.002,0,0.2052,1,0,0,0,0,0,0,0
EVT001212,EMP0122,Information Technology,System Administrator,Medium,1,78,PHISH002,HR Benefits Update,Malicious Attachment Simulation,Medium,All,T1566.001,0,0.291,1,0,0,0,1,163,0,0
EVT001213,EMP0122,Information Technology,System Administrator,Medium,1,78,PHISH003,CEO Urgent Payment Request,Business Email Compromise,Hard,Finance,T1566,0,0.2515,1,0,0,0,0,0,1,1
EVT001214,EMP0122,Information Technology,System Administrator,Medium,1,78,PHISH004,Package Delivery Notification,Link Phishing,Easy,All,T1566.002,0,0.2112,1,0,0,0,0,0,0,0
EVT001215,EMP0122,Information Technology,System Administrator,Medium,1,78,PHISH005,Shared Cloud Document,Cloud Credential Phishing,Medium,All,T1566.003,0,0.2546,1,0,0,0,0,0,0,0
EVT001216,EMP0122,Information Technology,System Administrator,Medium,1,78,PHISH006,Fake MFA Verification Request,Identity Phishing,Hard,Information Technology,T1566.002,1,0.3301,1,0,0,0,0,0,0,0
EVT001217,EMP0122,Information Technology,System Administrator,Medium,1,78,PHISH007,Payroll Account Verification,Credential Phishing,Medium,Human Resources,T1566.002,0,0.2542,1,0,0,0,0,0,0,0
EVT001218,EMP0122,Information Technology,System Administrator,Medium,1,78,PHISH008,QR Code Security Verification,QR Phishing,Hard,All,T1566.002,0,0.251,1,1,0,0,0,0,1,1
EVT001219,EMP0122,Information Technology,System Administrator,Medium,1,78,PHISH009,Resume Attachment,Malicious Attachment Simulation,Medium,Human Resources,T1566.001,0,0.2061,0,0,0,0,1,355,0,0
EVT001220,EMP0122,Information Technology,System Administrator,Medium,1,78,PHISH010,IT Helpdesk Account Verification,Credential Phishing,Hard,All,T1566.002,0,0.296,1,0,0,0,1,469,0,0
EVT001221,EMP0123,Information Technology,Security Analyst,High,0,81,PHISH001,Microsoft 365 Password Expiration,Credential Phishing,Easy,All,T1566.002,0,0.4063,0,0,0,0,1,182,0,0
EVT001222,EMP0123,Information Technology,Security Analyst,High,0,81,PHISH002,HR Benefits Update,Malicious Attachment Simulation,Medium,All,T1566.001,0,0.3376,1,0,0,0,0,0,0,0
EVT001223,EMP0123,Information Technology,Security Analyst,High,0,81,PHISH003,CEO Urgent Payment Request,Business Email Compromise,Hard,Finance,T1566,0,0.3973,1,0,0,0,1,364,1,1
EVT001224,EMP0123,Information Technology,Security Analyst,High,0,81,PHISH004,Package Delivery Notification,Link Phishing,Easy,All,T1566.002,0,0.3892,1,0,0,0,1,529,0,0
EVT001225,EMP0123,Information Technology,Security Analyst,High,0,81,PHISH005,Shared Cloud Document,Cloud Credential Phishing,Medium,All,T1566.003,0,0.2876,1,0,0,0,0,0,0,0
EVT001226,EMP0123,Information Technology,Security Analyst,High,0,81,PHISH006,Fake MFA Verification Request,Identity Phishing,Hard,Information Technology,T1566.002,1,0.4248,1,1,0,0,1,262,1,1
EVT001227,EMP0123,Information Technology,Security Analyst,High,0,81,PHISH007,Payroll Account Verification,Credential Phishing,Medium,Human Resources,T1566.002,0,0.3981,1,0,0,0,0,0,0,0
EVT001228,EMP0123,Information Technology,Security Analyst,High,0,81,PHISH008,QR Code Security Verification,QR Phishing,Hard,All,T1566.002,0,0.4269,1,0,0,0,1,181,0,0
EVT001229,EMP0123,Information Technology,Security Analyst,High,0,81,PHISH009,Resume Attachment,Malicious Attachment Simulation,Medium,Human Resources,T1566.001,0,0.41,1,0,0,0,1,311,0,0
EVT001230,EMP0123,Information Technology,Security Analyst,High,0,81,PHISH010,IT Helpdesk Account Verification,Credential Phishing,Hard,All,T1566.002,0,0.4357,1,0,0,0,0,0,0,0
EVT001231,EMP0124,Marketing,Marketing Manager,Low,1,76,PHISH001,Microsoft 365 Password Expiration,Credential Phishing,Easy,All,T1566.002,0,0.343,1,0,0,0,1,168,0,0
EVT001232,EMP0124,Marketing,Marketing Manager,Low,1,76,PHISH002,HR Benefits Update,Malicious Attachment Simulation,Medium,All,T1566.001,0,0.4541,1,0,0,0,1,481,0,0
EVT001233,EMP0124,Marketing,Marketing Manager,Low,1,76,PHISH003,CEO Urgent Payment Request,Business Email Compromise,Hard,Finance,T1566,0,0.4868,1,0,0,0,1,343,1,1
EVT001234,EMP0124,Marketing,Marketing Manager,Low,1,76,PHISH004,Package Delivery Notification,Link Phishing,Easy,All,T1566.002,0,0.4282,1,0,0,0,1,239,0,0
EVT001235,EMP0124,Marketing,Marketing Manager,Low,1,76,PHISH005,Shared Cloud Document,Cloud Credential Phishing,Medium,All,T1566.003,0,0.3953,1,1,0,1,0,0,1,1
EVT001236,EMP0124,Marketing,Marketing Manager,Low,1,76,PHISH006,Fake MFA Verification Request,Identity Phishing,Hard,Information Technology,T1566.002,0,0.4098,1,0,0,0,1,223,0,0
EVT001237,EMP0124,Marketing,Marketing Manager,Low,1,76,PHISH007,Payroll Account Verification,Credential Phishing,Medium,Human Resources,T1566.002,0,0.3052,1,0,0,0,1,343,0,0
EVT001238,EMP0124,Marketing,Marketing Manager,Low,1,76,PHISH008,QR Code Security Verification,QR Phishing,Hard,All,T1566.002,0,0.4283,0,0,0,0,0,0,0,0
EVT001239,EMP0124,Marketing,Marketing Manager,Low,1,76,PHISH009,Resume Attachment,Malicious Attachment Simulation,Medium,Human Resources,T1566.001,0,0.3628,1,0,1,0,0,0,1,1
EVT001240,EMP0124,Marketing,Marketing Manager,Low,1,76,PHISH010,IT Helpdesk Account Verification,Credential Phishing,Hard,All,T1566.002,0,0.3927,1,0,0,0,1,133,0,0
EVT001241,EMP0125,Operations,Operations Analyst,Low,1,65,PHISH001,Microsoft 365 Password Expiration,Credential Phishing,Easy,All,T1566.002,0,0.4053,0,0,0,0,1,162,0,0
EVT001242,EMP0125,Operations,Operations Analyst,Low,1,65,PHISH002,HR Benefits Update,Malicious Attachment Simulation,Medium,All,T1566.001,0,0.1954,0,0,0,0,0,0,0,0
EVT001243,EMP0125,Operations,Operations Analyst,Low,1,65,PHISH003,CEO Urgent Payment Request,Business Email Compromise,Hard,Finance,T1566,0,0.336,1,0,0,0,0,0,0,0
EVT001244,EMP0125,Operations,Operations Analyst,Low,1,65,PHISH004,Package Delivery Notification,Link Phishing,Easy,All,T1566.002,0,0.2543,0,0,0,0,1,112,0,0
EVT001245,EMP0125,Operations,Operations Analyst,Low,1,65,PHISH005,Shared Cloud Document,Cloud Credential Phishing,Medium,All,T1566.003,0,0.3887,1,0,0,0,1,175,0,0
EVT001246,EMP0125,Operations,Operations Analyst,Low,1,65,PHISH006,Fake MFA Verification Request,Identity Phishing,Hard,Information Technology,T1566.002,0,0.377,1,0,0,0,0,0,0,0
EVT001247,EMP0125,Operations,Operations Analyst,Low,1,65,PHISH007,Payroll Account Verification,Credential Phishing,Medium,Human Resources,T1566.002,0,0.315,1,0,0,0,1,109,0,0
EVT001248,EMP0125,Operations,Operations Analyst,Low,1,65,PHISH008,QR Code Security Verification,QR Phishing,Hard,All,T1566.002,0,0.3292,1,0,0,0,1,574,0,0
EVT001249,EMP0125,Operations,Operations Analyst,Low,1,65,PHISH009,Resume Attachment,Malicious Attachment Simulation,Medium,Human Resources,T1566.001,0,0.3764,0,0,0,0,0,0,0,0
EVT001250,EMP0125,Operations,Operations Analyst,Low,1,65,PHISH010,IT Helpdesk Account Verification,Credential Phishing,Hard,All,T1566.002,0,0.3574,1,0,0,0,1,537,0,0
EVT001251,EMP0126,Marketing,Marketing Specialist,Medium,1,63,PHISH001,Microsoft 365 Password Expiration,Credential Phishing,Easy,All,T1566.002,0,0.2244,1,1,0,1,0,0,1,1
EVT001252,EMP0126,Marketing,Marketing Specialist,Medium,1,63,PHISH002,HR Benefits Update,Malicious Attachment Simulation,Medium,All,T1566.001,0,0.2456,1,0,0,0,0,0,0,0
EVT001253,EMP0126,Marketing,Marketing Specialist,Medium,1,63,PHISH003,CEO Urgent Payment Request,Business Email Compromise,Hard,Finance,T1566,0,0.2361,0,0,0,0,1,322,0,0
EVT001254,EMP0126,Marketing,Marketing Specialist,Medium,1,63,PHISH004,Package Delivery Notification,Link Phishing,Easy,All,T1566.002,0,0.207,1,1,0,0,0,0,1,1
EVT001255,EMP0126,Marketing,Marketing Specialist,Medium,1,63,PHISH005,Shared Cloud Document,Cloud Credential Phishing,Medium,All,T1566.003,0,0.2217,1,0,0,0,0,0,0,0
EVT001256,EMP0126,Marketing,Marketing Specialist,Medium,1,63,PHISH006,Fake MFA Verification Request,Identity Phishing,Hard,Information Technology,T1566.002,0,0.2079,1,0,0,0,1,139,0,0
EVT001257,EMP0126,Marketing,Marketing Specialist,Medium,1,63,PHISH007,Payroll Account Verification,Credential Phishing,Medium,Human Resources,T1566.002,0,0.2277,1,0,0,0,0,0,0,0
EVT001258,EMP0126,Marketing,Marketing Specialist,Medium,1,63,PHISH008,QR Code Security Verification,QR Phishing,Hard,All,T1566.002,0,0.2676,1,0,0,0,0,0,0,0
EVT001259,EMP0126,Marketing,Marketing Specialist,Medium,1,63,PHISH009,Resume Attachment,Malicious Attachment Simulation,Medium,Human Resources,T1566.001,0,0.2973,1,0,0,0,0,0,0,0
EVT001260,EMP0126,Marketing,Marketing Specialist,Medium,1,63,PHISH010,IT Helpdesk Account Verification,Credential Phishing,Hard,All,T1566.002,0,0.2484,1,0,0,0,1,121,0,0
EVT001261,EMP0127,Sales,Sales Representative,Medium,1,77,PHISH001,Microsoft 365 Password Expiration,Credential Phishing,Easy,All,T1566.002,0,0.1707,1,0,0,0,1,347,0,0
EVT001262,EMP0127,Sales,Sales Representative,Medium,1,77,PHISH002,HR Benefits Update,Malicious Attachment Simulation,Medium,All,T1566.001,0,0.3529,1,0,1,0,1,189,1,1
EVT001263,EMP0127,Sales,Sales Representative,Medium,1,77,PHISH003,CEO Urgent Payment Request,Business Email Compromise,Hard,Finance,T1566,0,0.2733,1,0,0,0,1,214,1,1
EVT001264,EMP0127,Sales,Sales Representative,Medium,1,77,PHISH004,Package Delivery Notification,Link Phishing,Easy,All,T1566.002,0,0.2177,1,1,0,0,0,0,1,1
EVT001265,EMP0127,Sales,Sales Representative,Medium,1,77,PHISH005,Shared Cloud Document,Cloud Credential Phishing,Medium,All,T1566.003,0,0.2815,1,0,0,0,1,234,0,0
EVT001266,EMP0127,Sales,Sales Representative,Medium,1,77,PHISH006,Fake MFA Verification Request,Identity Phishing,Hard,Information Technology,T1566.002,0,0.3037,1,0,0,0,1,285,0,0
EVT001267,EMP0127,Sales,Sales Representative,Medium,1,77,PHISH007,Payroll Account Verification,Credential Phishing,Medium,Human Resources,T1566.002,0,0.2963,1,0,0,0,1,342,0,0
EVT001268,EMP0127,Sales,Sales Representative,Medium,1,77,PHISH008,QR Code Security Verification,QR Phishing,Hard,All,T1566.002,0,0.3204,1,1,0,0,0,0,1,1
EVT001269,EMP0127,Sales,Sales Representative,Medium,1,77,PHISH009,Resume Attachment,Malicious Attachment Simulation,Medium,Human Resources,T1566.001,0,0.2401,0,0,0,0,1,248,1,1
EVT001270,EMP0127,Sales,Sales Representative,Medium,1,77,PHISH010,IT Helpdesk Account Verification,Credential Phishing,Hard,All,T1566.002,0,0.3494,0,0,0,0,1,205,0,0
EVT001271,EMP0128,Legal,Compliance Analyst,Medium,1,67,PHISH001,Microsoft 365 Password Expiration,Credential Phishing,Easy,All,T1566.002,0,0.3307,1,0,0,0,1,269,0,0
EVT001272,EMP0128,Legal,Compliance Analyst,Medium,1,67,PHISH002,HR Benefits Update,Malicious Attachment Simulation,Medium,All,T1566.001,0,0.2886,1,0,1,0,0,0,1,1
EVT001273,EMP0128,Legal,Compliance Analyst,Medium,1,67,PHISH003,CEO Urgent Payment Request,Business Email Compromise,Hard,Finance,T1566,0,0.2032,1,0,0,0,1,1023,1,1
EVT001274,EMP0128,Legal,Compliance Analyst,Medium,1,67,PHISH004,Package Delivery Notification,Link Phishing,Easy,All,T1566.002,0,0.3375,1,1,0,0,0,0,1,1
EVT001275,EMP0128,Legal,Compliance Analyst,Medium,1,67,PHISH005,Shared Cloud Document,Cloud Credential Phishing,Medium,All,T1566.003,0,0.2732,0,0,0,0,1,202,0,0
EVT001276,EMP0128,Legal,Compliance Analyst,Medium,1,67,PHISH006,Fake MFA Verification Request,Identity Phishing,Hard,Information Technology,T1566.002,0,0.2439,1,0,0,0,1,158,0,0
EVT001277,EMP0128,Legal,Compliance Analyst,Medium,1,67,PHISH007,Payroll Account Verification,Credential Phishing,Medium,Human Resources,T1566.002,0,0.3314,1,0,0,0,0,0,0,0
EVT001278,EMP0128,Legal,Compliance Analyst,Medium,1,67,PHISH008,QR Code Security Verification,QR Phishing,Hard,All,T1566.002,0,0.4215,1,1,0,0,0,0,1,1
EVT001279,EMP0128,Legal,Compliance Analyst,Medium,1,67,PHISH009,Resume Attachment,Malicious Attachment Simulation,Medium,Human Resources,T1566.001,0,0.3216,1,0,0,0,1,169,0,0
EVT001280,EMP0128,Legal,Compliance Analyst,Medium,1,67,PHISH010,IT Helpdesk Account Verification,Credential Phishing,Hard,All,T1566.002,0,0.3679,1,0,0,0,1,246,0,0
EVT001281,EMP0129,Sales,Sales Representative,Low,1,68,PHISH001,Microsoft 365 Password Expiration,Credential Phishing,Easy,All,T1566.002,0,0.3433,1,0,0,0,1,193,0,0
EVT001282,EMP0129,Sales,Sales Representative,Low,1,68,PHISH002,HR Benefits Update,Malicious Attachment Simulation,Medium,All,T1566.001,0,0.3308,1,0,1,0,0,0,1,1
EVT001283,EMP0129,Sales,Sales Representative,Low,1,68,PHISH003,CEO Urgent Payment Request,Business Email Compromise,Hard,Finance,T1566,0,0.2111,1,0,0,0,0,0,1,1
EVT001284,EMP0129,Sales,Sales Representative,Low,1,68,PHISH004,Package Delivery Notification,Link Phishing,Easy,All,T1566.002,0,0.3075,1,0,0,0,0,0,0,0
EVT001285,EMP0129,Sales,Sales Representative,Low,1,68,PHISH005,Shared Cloud Document,Cloud Credential Phishing,Medium,All,T1566.003,0,0.3265,1,0,0,0,1,163,0,0
EVT001286,EMP0129,Sales,Sales Representative,Low,1,68,PHISH006,Fake MFA Verification Request,Identity Phishing,Hard,Information Technology,T1566.002,0,0.3004,0,0,0,0,0,0,0,0
EVT001287,EMP0129,Sales,Sales Representative,Low,1,68,PHISH007,Payroll Account Verification,Credential Phishing,Medium,Human Resources,T1566.002,0,0.2556,1,1,0,1,0,0,1,1
EVT001288,EMP0129,Sales,Sales Representative,Low,1,68,PHISH008,QR Code Security Verification,QR Phishing,Hard,All,T1566.002,0,0.2361,1,0,0,0,1,107,0,0
EVT001289,EMP0129,Sales,Sales Representative,Low,1,68,PHISH009,Resume Attachment,Malicious Attachment Simulation,Medium,Human Resources,T1566.001,0,0.2376,1,0,0,0,1,48,0,0
EVT001290,EMP0129,Sales,Sales Representative,Low,1,68,PHISH010,IT Helpdesk Account Verification,Credential Phishing,Hard,All,T1566.002,0,0.2979,1,0,0,0,1,393,0,0
EVT001291,EMP0130,Marketing,Digital Marketing Analyst,Medium,1,74,PHISH001,Microsoft 365 Password Expiration,Credential Phishing,Easy,All,T1566.002,0,0.2415,1,0,0,0,1,246,0,0
EVT001292,EMP0130,Marketing,Digital Marketing Analyst,Medium,1,74,PHISH002,HR Benefits Update,Malicious Attachment Simulation,Medium,All,T1566.001,0,0.3489,1,0,1,0,0,0,1,1
EVT001293,EMP0130,Marketing,Digital Marketing Analyst,Medium,1,74,PHISH003,CEO Urgent Payment Request,Business Email Compromise,Hard,Finance,T1566,0,0.3146,1,0,0,0,1,530,0,0
EVT001294,EMP0130,Marketing,Digital Marketing Analyst,Medium,1,74,PHISH004,Package Delivery Notification,Link Phishing,Easy,All,T1566.002,0,0.3553,0,0,0,0,1,285,1,1
EVT001295,EMP0130,Marketing,Digital Marketing Analyst,Medium,1,74,PHISH005,Shared Cloud Document,Cloud Credential Phishing,Medium,All,T1566.003,0,0.2783,1,0,0,0,1,147,0,0
EVT001296,EMP0130,Marketing,Digital Marketing Analyst,Medium,1,74,PHISH006,Fake MFA Verification Request,Identity Phishing,Hard,Information Technology,T1566.002,0,0.2864,1,0,0,0,1,142,0,0
EVT001297,EMP0130,Marketing,Digital Marketing Analyst,Medium,1,74,PHISH007,Payroll Account Verification,Credential Phishing,Medium,Human Resources,T1566.002,0,0.3338,1,0,0,0,0,0,0,0
EVT001298,EMP0130,Marketing,Digital Marketing Analyst,Medium,1,74,PHISH008,QR Code Security Verification,QR Phishing,Hard,All,T1566.002,0,0.3385,1,1,0,0,1,154,1,1
EVT001299,EMP0130,Marketing,Digital Marketing Analyst,Medium,1,74,PHISH009,Resume Attachment,Malicious Attachment Simulation,Medium,Human Resources,T1566.001,0,0.3602,1,0,1,0,0,0,1,1
EVT001300,EMP0130,Marketing,Digital Marketing Analyst,Medium,1,74,PHISH010,IT Helpdesk Account Verification,Credential Phishing,Hard,All,T1566.002,0,0.236,1,0,0,0,0,0,0,0
EVT001301,EMP0131,Human Resources,Recruiter,High,0,80,PHISH001,Microsoft 365 Password Expiration,Credential Phishing,Easy,All,T1566.002,0,0.4093,1,1,0,1,0,0,1,1
EVT001302,EMP0131,Human Resources,Recruiter,High,0,80,PHISH002,HR Benefits Update,Malicious Attachment Simulation,Medium,All,T1566.001,0,0.3608,1,0,1,0,1,150,1,1
EVT001303,EMP0131,Human Resources,Recruiter,High,0,80,PHISH003,CEO Urgent Payment Request,Business Email Compromise,Hard,Finance,T1566,0,0.4405,1,0,0,0,0,0,0,0
EVT001304,EMP0131,Human Resources,Recruiter,High,0,80,PHISH004,Package Delivery Notification,Link Phishing,Easy,All,T1566.002,0,0.4403,1,1,0,0,1,461,1,1
EVT001305,EMP0131,Human Resources,Recruiter,High,0,80,PHISH005,Shared Cloud Document,Cloud Credential Phishing,Medium,All,T1566.003,0,0.4904,1,1,0,1,0,0,1,1
EVT001306,EMP0131,Human Resources,Recruiter,High,0,80,PHISH006,Fake MFA Verification Request,Identity Phishing,Hard,Information Technology,T1566.002,0,0.4233,1,0,0,0,0,0,0,0
EVT001307,EMP0131,Human Resources,Recruiter,High,0,80,PHISH007,Payroll Account Verification,Credential Phishing,Medium,Human Resources,T1566.002,1,0.5068,0,0,0,0,1,122,0,0
EVT001308,EMP0131,Human Resources,Recruiter,High,0,80,PHISH008,QR Code Security Verification,QR Phishing,Hard,All,T1566.002,0,0.3982,1,1,0,0,0,0,1,1
EVT001309,EMP0131,Human Resources,Recruiter,High,0,80,PHISH009,Resume Attachment,Malicious Attachment Simulation,Medium,Human Resources,T1566.001,1,0.4198,0,0,0,0,0,0,1,1
EVT001310,EMP0131,Human Resources,Recruiter,High,0,80,PHISH010,IT Helpdesk Account Verification,Credential Phishing,Hard,All,T1566.002,0,0.3526,1,1,0,0,0,0,1,1
EVT001311,EMP0132,Marketing,Marketing Manager,Medium,1,71,PHISH001,Microsoft 365 Password Expiration,Credential Phishing,Easy,All,T1566.002,0,0.2028,1,0,0,0,1,193,0,0
EVT001312,EMP0132,Marketing,Marketing Manager,Medium,1,71,PHISH002,HR Benefits Update,Malicious Attachment Simulation,Medium,All,T1566.001,0,0.3377,1,0,1,0,0,0,1,1
EVT001313,EMP0132,Marketing,Marketing Manager,Medium,1,71,PHISH003,CEO Urgent Payment Request,Business Email Compromise,Hard,Finance,T1566,0,0.3215,1,0,0,0,0,0,1,1
EVT001314,EMP0132,Marketing,Marketing Manager,Medium,1,71,PHISH004,Package Delivery Notification,Link Phishing,Easy,All,T1566.002,0,0.3016,1,0,0,0,1,436,0,0
EVT001315,EMP0132,Marketing,Marketing Manager,Medium,1,71,PHISH005,Shared Cloud Document,Cloud Credential Phishing,Medium,All,T1566.003,0,0.3395,1,1,0,1,0,0,1,1
EVT001316,EMP0132,Marketing,Marketing Manager,Medium,1,71,PHISH006,Fake MFA Verification Request,Identity Phishing,Hard,Information Technology,T1566.002,0,0.2061,1,0,0,0,0,0,0,0
EVT001317,EMP0132,Marketing,Marketing Manager,Medium,1,71,PHISH007,Payroll Account Verification,Credential Phishing,Medium,Human Resources,T1566.002,0,0.2456,1,1,0,1,0,0,1,1
EVT001318,EMP0132,Marketing,Marketing Manager,Medium,1,71,PHISH008,QR Code Security Verification,QR Phishing,Hard,All,T1566.002,0,0.2624,0,0,0,0,1,179,0,0
EVT001319,EMP0132,Marketing,Marketing Manager,Medium,1,71,PHISH009,Resume Attachment,Malicious Attachment Simulation,Medium,Human Resources,T1566.001,0,0.3622,0,0,0,0,0,0,1,1
EVT001320,EMP0132,Marketing,Marketing Manager,Medium,1,71,PHISH010,IT Helpdesk Account Verification,Credential Phishing,Hard,All,T1566.002,0,0.3008,1,1,0,1,0,0,1,1
EVT001321,EMP0133,Finance,Financial Analyst,High,0,60,PHISH001,Microsoft 365 Password Expiration,Credential Phishing,Easy,All,T1566.002,0,0.3357,1,0,0,0,1,165,0,0
EVT001322,EMP0133,Finance,Financial Analyst,High,0,60,PHISH002,HR Benefits Update,Malicious Attachment Simulation,Medium,All,T1566.001,0,0.3871,1,0,0,0,0,0,0,0
EVT001323,EMP0133,Finance,Financial Analyst,High,0,60,PHISH003,CEO Urgent Payment Request,Business Email Compromise,Hard,Finance,T1566,1,0.4603,0,0,0,0,1,83,0,0
EVT001324,EMP0133,Finance,Financial Analyst,High,0,60,PHISH004,Package Delivery Notification,Link Phishing,Easy,All,T1566.002,0,0.3035,1,0,0,0,0,0,0,0
EVT001325,EMP0133,Finance,Financial Analyst,High,0,60,PHISH005,Shared Cloud Document,Cloud Credential Phishing,Medium,All,T1566.003,0,0.3251,1,0,0,0,1,185,0,0
EVT001326,EMP0133,Finance,Financial Analyst,High,0,60,PHISH006,Fake MFA Verification Request,Identity Phishing,Hard,Information Technology,T1566.002,0,0.3513,1,0,0,0,0,0,0,0
EVT001327,EMP0133,Finance,Financial Analyst,High,0,60,PHISH007,Payroll Account Verification,Credential Phishing,Medium,Human Resources,T1566.002,0,0.2679,1,0,0,0,1,114,0,0
EVT001328,EMP0133,Finance,Financial Analyst,High,0,60,PHISH008,QR Code Security Verification,QR Phishing,Hard,All,T1566.002,0,0.3687,0,0,0,0,0,0,1,1
EVT001329,EMP0133,Finance,Financial Analyst,High,0,60,PHISH009,Resume Attachment,Malicious Attachment Simulation,Medium,Human Resources,T1566.001,0,0.3583,0,0,0,0,0,0,0,0
EVT001330,EMP0133,Finance,Financial Analyst,High,0,60,PHISH010,IT Helpdesk Account Verification,Credential Phishing,Hard,All,T1566.002,0,0.479,1,1,0,1,1,128,1,1
EVT001331,EMP0134,Information Technology,Security Analyst,High,1,61,PHISH001,Microsoft 365 Password Expiration,Credential Phishing,Easy,All,T1566.002,0,0.475,1,0,0,0,1,224,0,0
EVT001332,EMP0134,Information Technology,Security Analyst,High,1,61,PHISH002,HR Benefits Update,Malicious Attachment Simulation,Medium,All,T1566.001,0,0.3648,0,0,0,0,1,277,0,0
EVT001333,EMP0134,Information Technology,Security Analyst,High,1,61,PHISH003,CEO Urgent Payment Request,Business Email Compromise,Hard,Finance,T1566,0,0.3671,1,0,0,0,1,59,0,0
EVT001334,EMP0134,Information Technology,Security Analyst,High,1,61,PHISH004,Package Delivery Notification,Link Phishing,Easy,All,T1566.002,0,0.5025,0,0,0,0,0,0,1,1
EVT001335,EMP0134,Information Technology,Security Analyst,High,1,61,PHISH005,Shared Cloud Document,Cloud Credential Phishing,Medium,All,T1566.003,0,0.3534,0,0,0,0,0,0,1,1
EVT001336,EMP0134,Information Technology,Security Analyst,High,1,61,PHISH006,Fake MFA Verification Request,Identity Phishing,Hard,Information Technology,T1566.002,1,0.5157,1,1,0,1,0,0,1,1
EVT001337,EMP0134,Information Technology,Security Analyst,High,1,61,PHISH007,Payroll Account Verification,Credential Phishing,Medium,Human Resources,T1566.002,0,0.3882,1,0,0,0,1,88,0,0
EVT001338,EMP0134,Information Technology,Security Analyst,High,1,61,PHISH008,QR Code Security Verification,QR Phishing,Hard,All,T1566.002,0,0.521,1,0,0,0,1,314,0,0
EVT001339,EMP0134,Information Technology,Security Analyst,High,1,61,PHISH009,Resume Attachment,Malicious Attachment Simulation,Medium,Human Resources,T1566.001,0,0.4065,1,0,1,0,1,176,1,1
EVT001340,EMP0134,Information Technology,Security Analyst,High,1,61,PHISH010,IT Helpdesk Account Verification,Credential Phishing,Hard,All,T1566.002,0,0.3284,0,0,0,0,1,122,0,0
EVT001341,EMP0135,Finance,Financial Analyst,High,1,69,PHISH001,Microsoft 365 Password Expiration,Credential Phishing,Easy,All,T1566.002,0,0.0823,0,0,0,0,1,353,0,0
EVT001342,EMP0135,Finance,Financial Analyst,High,1,69,PHISH002,HR Benefits Update,Malicious Attachment Simulation,Medium,All,T1566.001,0,0.3294,1,0,0,0,1,218,0,0
EVT001343,EMP0135,Finance,Financial Analyst,High,1,69,PHISH003,CEO Urgent Payment Request,Business Email Compromise,Hard,Finance,T1566,1,0.2717,1,0,0,0,0,0,1,1
EVT001344,EMP0135,Finance,Financial Analyst,High,1,69,PHISH004,Package Delivery Notification,Link Phishing,Easy,All,T1566.002,0,0.2538,1,0,0,0,1,284,0,0
EVT001345,EMP0135,Finance,Financial Analyst,High,1,69,PHISH005,Shared Cloud Document,Cloud Credential Phishing,Medium,All,T1566.003,0,0.3057,1,0,0,0,0,0,0,0
EVT001346,EMP0135,Finance,Financial Analyst,High,1,69,PHISH006,Fake MFA Verification Request,Identity Phishing,Hard,Information Technology,T1566.002,0,0.248,1,0,0,0,1,151,0,0
EVT001347,EMP0135,Finance,Financial Analyst,High,1,69,PHISH007,Payroll Account Verification,Credential Phishing,Medium,Human Resources,T1566.002,0,0.292,0,0,0,0,1,350,0,0
EVT001348,EMP0135,Finance,Financial Analyst,High,1,69,PHISH008,QR Code Security Verification,QR Phishing,Hard,All,T1566.002,0,0.3133,1,0,0,0,1,95,0,0
EVT001349,EMP0135,Finance,Financial Analyst,High,1,69,PHISH009,Resume Attachment,Malicious Attachment Simulation,Medium,Human Resources,T1566.001,0,0.3694,1,0,0,0,1,405,0,0
EVT001350,EMP0135,Finance,Financial Analyst,High,1,69,PHISH010,IT Helpdesk Account Verification,Credential Phishing,Hard,All,T1566.002,0,0.2269,1,0,0,0,1,195,0,0
EVT001351,EMP0136,Legal,Legal Manager,High,1,75,PHISH001,Microsoft 365 Password Expiration,Credential Phishing,Easy,All,T1566.002,0,0.3601,1,1,0,0,0,0,1,1
EVT001352,EMP0136,Legal,Legal Manager,High,1,75,PHISH002,HR Benefits Update,Malicious Attachment Simulation,Medium,All,T1566.001,0,0.275,1,0,0,0,1,155,0,0
EVT001353,EMP0136,Legal,Legal Manager,High,1,75,PHISH003,CEO Urgent Payment Request,Business Email Compromise,Hard,Finance,T1566,0,0.2772,1,0,0,0,0,0,0,0
EVT001354,EMP0136,Legal,Legal Manager,High,1,75,PHISH004,Package Delivery Notification,Link Phishing,Easy,All,T1566.002,0,0.3756,1,1,0,0,0,0,1,1
EVT001355,EMP0136,Legal,Legal Manager,High,1,75,PHISH005,Shared Cloud Document,Cloud Credential Phishing,Medium,All,T1566.003,0,0.2874,1,0,0,0,0,0,0,0
EVT001356,EMP0136,Legal,Legal Manager,High,1,75,PHISH006,Fake MFA Verification Request,Identity Phishing,Hard,Information Technology,T1566.002,0,0.2846,1,0,0,0,1,173,0,0
EVT001357,EMP0136,Legal,Legal Manager,High,1,75,PHISH007,Payroll Account Verification,Credential Phishing,Medium,Human Resources,T1566.002,0,0.3387,1,0,0,0,1,152,0,0
EVT001358,EMP0136,Legal,Legal Manager,High,1,75,PHISH008,QR Code Security Verification,QR Phishing,Hard,All,T1566.002,0,0.3011,1,0,0,0,1,337,0,0
EVT001359,EMP0136,Legal,Legal Manager,High,1,75,PHISH009,Resume Attachment,Malicious Attachment Simulation,Medium,Human Resources,T1566.001,0,0.3194,1,0,0,0,1,344,0,0
EVT001360,EMP0136,Legal,Legal Manager,High,1,75,PHISH010,IT Helpdesk Account Verification,Credential Phishing,Hard,All,T1566.002,0,0.2911,0,0,0,0,1,117,0,0
EVT001361,EMP0137,Marketing,Marketing Manager,Low,1,77,PHISH001,Microsoft 365 Password Expiration,Credential Phishing,Easy,All,T1566.002,0,0.1114,1,0,0,0,0,0,0,0
EVT001362,EMP0137,Marketing,Marketing Manager,Low,1,77,PHISH002,HR Benefits Update,Malicious Attachment Simulation,Medium,All,T1566.001,0,0.1215,1,0,0,0,0,0,0,0
EVT001363,EMP0137,Marketing,Marketing Manager,Low,1,77,PHISH003,CEO Urgent Payment Request,Business Email Compromise,Hard,Finance,T1566,0,0.1778,1,0,0,0,1,322,0,0
EVT001364,EMP0137,Marketing,Marketing Manager,Low,1,77,PHISH004,Package Delivery Notification,Link Phishing,Easy,All,T1566.002,0,0.0974,1,0,0,0,1,138,0,0
EVT001365,EMP0137,Marketing,Marketing Manager,Low,1,77,PHISH005,Shared Cloud Document,Cloud Credential Phishing,Medium,All,T1566.003,0,0.2096,1,0,0,0,1,223,0,0
EVT001366,EMP0137,Marketing,Marketing Manager,Low,1,77,PHISH006,Fake MFA Verification Request,Identity Phishing,Hard,Information Technology,T1566.002,0,0.1624,0,0,0,0,0,0,0,0
EVT001367,EMP0137,Marketing,Marketing Manager,Low,1,77,PHISH007,Payroll Account Verification,Credential Phishing,Medium,Human Resources,T1566.002,0,0.2346,1,0,0,0,1,217,0,0
EVT001368,EMP0137,Marketing,Marketing Manager,Low,1,77,PHISH008,QR Code Security Verification,QR Phishing,Hard,All,T1566.002,0,0.1596,1,1,0,0,1,610,1,1
EVT001369,EMP0137,Marketing,Marketing Manager,Low,1,77,PHISH009,Resume Attachment,Malicious Attachment Simulation,Medium,Human Resources,T1566.001,0,0.2477,0,0,0,0,1,613,0,0
EVT001370,EMP0137,Marketing,Marketing Manager,Low,1,77,PHISH010,IT Helpdesk Account Verification,Credential Phishing,Hard,All,T1566.002,0,0.03,1,0,0,0,1,123,0,0
EVT001371,EMP0138,Marketing,Marketing Manager,Low,1,65,PHISH001,Microsoft 365 Password Expiration,Credential Phishing,Easy,All,T1566.002,0,0.3209,1,0,0,0,1,324,0,0
EVT001372,EMP0138,Marketing,Marketing Manager,Low,1,65,PHISH002,HR Benefits Update,Malicious Attachment Simulation,Medium,All,T1566.001,0,0.3996,0,0,0,0,1,216,0,0
EVT001373,EMP0138,Marketing,Marketing Manager,Low,1,65,PHISH003,CEO Urgent Payment Request,Business Email Compromise,Hard,Finance,T1566,0,0.291,1,0,0,0,0,0,0,0
EVT001374,EMP0138,Marketing,Marketing Manager,Low,1,65,PHISH004,Package Delivery Notification,Link Phishing,Easy,All,T1566.002,0,0.3422,0,0,0,0,0,0,0,0
EVT001375,EMP0138,Marketing,Marketing Manager,Low,1,65,PHISH005,Shared Cloud Document,Cloud Credential Phishing,Medium,All,T1566.003,0,0.414,1,1,0,1,0,0,1,1
EVT001376,EMP0138,Marketing,Marketing Manager,Low,1,65,PHISH006,Fake MFA Verification Request,Identity Phishing,Hard,Information Technology,T1566.002,0,0.3903,1,1,0,1,0,0,1,1
EVT001377,EMP0138,Marketing,Marketing Manager,Low,1,65,PHISH007,Payroll Account Verification,Credential Phishing,Medium,Human Resources,T1566.002,0,0.3037,1,0,0,0,0,0,0,0
EVT001378,EMP0138,Marketing,Marketing Manager,Low,1,65,PHISH008,QR Code Security Verification,QR Phishing,Hard,All,T1566.002,0,0.3704,1,0,0,0,0,0,0,0
EVT001379,EMP0138,Marketing,Marketing Manager,Low,1,65,PHISH009,Resume Attachment,Malicious Attachment Simulation,Medium,Human Resources,T1566.001,0,0.4238,1,0,0,0,0,0,0,0
EVT001380,EMP0138,Marketing,Marketing Manager,Low,1,65,PHISH010,IT Helpdesk Account Verification,Credential Phishing,Hard,All,T1566.002,0,0.3103,1,1,0,1,1,253,1,1
EVT001381,EMP0139,Operations,Operations Analyst,Medium,0,81,PHISH001,Microsoft 365 Password Expiration,Credential Phishing,Easy,All,T1566.002,0,0.3406,0,0,0,0,1,130,0,0
EVT001382,EMP0139,Operations,Operations Analyst,Medium,0,81,PHISH002,HR Benefits Update,Malicious Attachment Simulation,Medium,All,T1566.001,0,0.3905,1,0,1,0,0,0,1,1
EVT001383,EMP0139,Operations,Operations Analyst,Medium,0,81,PHISH003,CEO Urgent Payment Request,Business Email Compromise,Hard,Finance,T1566,0,0.3669,1,0,0,0,1,194,0,0
EVT001384,EMP0139,Operations,Operations Analyst,Medium,0,81,PHISH004,Package Delivery Notification,Link Phishing,Easy,All,T1566.002,0,0.4317,0,0,0,0,1,231,0,0
EVT001385,EMP0139,Operations,Operations Analyst,Medium,0,81,PHISH005,Shared Cloud Document,Cloud Credential Phishing,Medium,All,T1566.003,0,0.2954,1,0,0,0,1,328,0,0
EVT001386,EMP0139,Operations,Operations Analyst,Medium,0,81,PHISH006,Fake MFA Verification Request,Identity Phishing,Hard,Information Technology,T1566.002,0,0.4845,1,0,0,0,0,0,0,0
EVT001387,EMP0139,Operations,Operations Analyst,Medium,0,81,PHISH007,Payroll Account Verification,Credential Phishing,Medium,Human Resources,T1566.002,0,0.3597,1,0,0,0,1,396,0,0
EVT001388,EMP0139,Operations,Operations Analyst,Medium,0,81,PHISH008,QR Code Security Verification,QR Phishing,Hard,All,T1566.002,0,0.4119,1,1,0,0,0,0,1,1
EVT001389,EMP0139,Operations,Operations Analyst,Medium,0,81,PHISH009,Resume Attachment,Malicious Attachment Simulation,Medium,Human Resources,T1566.001,0,0.3742,1,0,1,0,0,0,1,1
EVT001390,EMP0139,Operations,Operations Analyst,Medium,0,81,PHISH010,IT Helpdesk Account Verification,Credential Phishing,Hard,All,T1566.002,0,0.4032,1,0,0,0,0,0,0,0
EVT001391,EMP0140,Finance,Finance Manager,Medium,1,68,PHISH001,Microsoft 365 Password Expiration,Credential Phishing,Easy,All,T1566.002,0,0.3727,0,0,0,0,0,0,1,1
EVT001392,EMP0140,Finance,Finance Manager,Medium,1,68,PHISH002,HR Benefits Update,Malicious Attachment Simulation,Medium,All,T1566.001,0,0.3284,1,0,0,0,1,492,0,0
EVT001393,EMP0140,Finance,Finance Manager,Medium,1,68,PHISH003,CEO Urgent Payment Request,Business Email Compromise,Hard,Finance,T1566,1,0.4791,0,0,0,0,0,0,1,1
EVT001394,EMP0140,Finance,Finance Manager,Medium,1,68,PHISH004,Package Delivery Notification,Link Phishing,Easy,All,T1566.002,0,0.4113,1,0,0,0,1,158,0,0
EVT001395,EMP0140,Finance,Finance Manager,Medium,1,68,PHISH005,Shared Cloud Document,Cloud Credential Phishing,Medium,All,T1566.003,0,0.4651,1,1,0,0,0,0,1,1
EVT001396,EMP0140,Finance,Finance Manager,Medium,1,68,PHISH006,Fake MFA Verification Request,Identity Phishing,Hard,Information Technology,T1566.002,0,0.4029,0,0,0,0,0,0,1,1
EVT001397,EMP0140,Finance,Finance Manager,Medium,1,68,PHISH007,Payroll Account Verification,Credential Phishing,Medium,Human Resources,T1566.002,0,0.3116,0,0,0,0,1,136,0,0
EVT001398,EMP0140,Finance,Finance Manager,Medium,1,68,PHISH008,QR Code Security Verification,QR Phishing,Hard,All,T1566.002,0,0.3557,0,0,0,0,0,0,0,0
EVT001399,EMP0140,Finance,Finance Manager,Medium,1,68,PHISH009,Resume Attachment,Malicious Attachment Simulation,Medium,Human Resources,T1566.001,0,0.3887,1,0,1,0,1,508,1,1
EVT001400,EMP0140,Finance,Finance Manager,Medium,1,68,PHISH010,IT Helpdesk Account Verification,Credential Phishing,Hard,All,T1566.002,0,0.3473,1,0,0,0,0,0,0,0
EVT001401,EMP0141,Legal,Compliance Analyst,Medium,1,86,PHISH001,Microsoft 365 Password Expiration,Credential Phishing,Easy,All,T1566.002,0,0.205,1,0,0,0,1,478,0,0
EVT001402,EMP0141,Legal,Compliance Analyst,Medium,1,86,PHISH002,HR Benefits Update,Malicious Attachment Simulation,Medium,All,T1566.001,0,0.03,1,0,0,0,1,274,0,0
EVT001403,EMP0141,Legal,Compliance Analyst,Medium,1,86,PHISH003,CEO Urgent Payment Request,Business Email Compromise,Hard,Finance,T1566,0,0.1176,0,0,0,0,1,229,0,0
EVT001404,EMP0141,Legal,Compliance Analyst,Medium,1,86,PHISH004,Package Delivery Notification,Link Phishing,Easy,All,T1566.002,0,0.0703,0,0,0,0,1,157,0,0
EVT001405,EMP0141,Legal,Compliance Analyst,Medium,1,86,PHISH005,Shared Cloud Document,Cloud Credential Phishing,Medium,All,T1566.003,0,0.0529,1,0,0,0,1,160,0,0
EVT001406,EMP0141,Legal,Compliance Analyst,Medium,1,86,PHISH006,Fake MFA Verification Request,Identity Phishing,Hard,Information Technology,T1566.002,0,0.0971,1,0,0,0,0,0,0,0
EVT001407,EMP0141,Legal,Compliance Analyst,Medium,1,86,PHISH007,Payroll Account Verification,Credential Phishing,Medium,Human Resources,T1566.002,0,0.2402,0,0,0,0,0,0,0,0
EVT001408,EMP0141,Legal,Compliance Analyst,Medium,1,86,PHISH008,QR Code Security Verification,QR Phishing,Hard,All,T1566.002,0,0.1839,1,0,0,0,1,207,0,0
EVT001409,EMP0141,Legal,Compliance Analyst,Medium,1,86,PHISH009,Resume Attachment,Malicious Attachment Simulation,Medium,Human Resources,T1566.001,0,0.1843,1,0,1,0,1,65,1,1
EVT001410,EMP0141,Legal,Compliance Analyst,Medium,1,86,PHISH010,IT Helpdesk Account Verification,Credential Phishing,Hard,All,T1566.002,0,0.1804,1,0,0,0,0,0,0,0
EVT001411,EMP0142,Legal,Legal Manager,High,1,73,PHISH001,Microsoft 365 Password Expiration,Credential Phishing,Easy,All,T1566.002,0,0.3414,0,0,0,0,1,75,0,0
EVT001412,EMP0142,Legal,Legal Manager,High,1,73,PHISH002,HR Benefits Update,Malicious Attachment Simulation,Medium,All,T1566.001,0,0.2485,1,0,1,0,0,0,1,1
EVT001413,EMP0142,Legal,Legal Manager,High,1,73,PHISH003,CEO Urgent Payment Request,Business Email Compromise,Hard,Finance,T1566,0,0.2736,0,0,0,0,1,171,0,0
EVT001414,EMP0142,Legal,Legal Manager,High,1,73,PHISH004,Package Delivery Notification,Link Phishing,Easy,All,T1566.002,0,0.2229,1,0,0,0,1,325,0,0
EVT001415,EMP0142,Legal,Legal Manager,High,1,73,PHISH005,Shared Cloud Document,Cloud Credential Phishing,Medium,All,T1566.003,0,0.2189,1,0,0,0,0,0,0,0
EVT001416,EMP0142,Legal,Legal Manager,High,1,73,PHISH006,Fake MFA Verification Request,Identity Phishing,Hard,Information Technology,T1566.002,0,0.3483,1,1,0,1,1,182,1,1
EVT001417,EMP0142,Legal,Legal Manager,High,1,73,PHISH007,Payroll Account Verification,Credential Phishing,Medium,Human Resources,T1566.002,0,0.0957,1,0,0,0,0,0,0,0
EVT001418,EMP0142,Legal,Legal Manager,High,1,73,PHISH008,QR Code Security Verification,QR Phishing,Hard,All,T1566.002,0,0.2463,0,0,0,0,1,227,0,0
EVT001419,EMP0142,Legal,Legal Manager,High,1,73,PHISH009,Resume Attachment,Malicious Attachment Simulation,Medium,Human Resources,T1566.001,0,0.2627,1,0,0,0,1,181,0,0
EVT001420,EMP0142,Legal,Legal Manager,High,1,73,PHISH010,IT Helpdesk Account Verification,Credential Phishing,Hard,All,T1566.002,0,0.2703,1,1,0,1,1,122,1,1
EVT001421,EMP0143,Human Resources,HR Manager,High,1,80,PHISH001,Microsoft 365 Password Expiration,Credential Phishing,Easy,All,T1566.002,0,0.2341,1,1,0,1,0,0,1,1
EVT001422,EMP0143,Human Resources,HR Manager,High,1,80,PHISH002,HR Benefits Update,Malicious Attachment Simulation,Medium,All,T1566.001,0,0.2243,1,0,0,0,1,105,0,0
EVT001423,EMP0143,Human Resources,HR Manager,High,1,80,PHISH003,CEO Urgent Payment Request,Business Email Compromise,Hard,Finance,T1566,0,0.1451,1,0,0,0,0,0,0,0
EVT001424,EMP0143,Human Resources,HR Manager,High,1,80,PHISH004,Package Delivery Notification,Link Phishing,Easy,All,T1566.002,0,0.2037,1,0,0,0,0,0,0,0
EVT001425,EMP0143,Human Resources,HR Manager,High,1,80,PHISH005,Shared Cloud Document,Cloud Credential Phishing,Medium,All,T1566.003,0,0.1252,1,0,0,0,0,0,0,0
EVT001426,EMP0143,Human Resources,HR Manager,High,1,80,PHISH006,Fake MFA Verification Request,Identity Phishing,Hard,Information Technology,T1566.002,0,0.2549,1,1,0,1,0,0,1,1
EVT001427,EMP0143,Human Resources,HR Manager,High,1,80,PHISH007,Payroll Account Verification,Credential Phishing,Medium,Human Resources,T1566.002,1,0.3168,1,0,0,0,1,83,0,0
EVT001428,EMP0143,Human Resources,HR Manager,High,1,80,PHISH008,QR Code Security Verification,QR Phishing,Hard,All,T1566.002,0,0.215,1,0,0,0,0,0,0,0
EVT001429,EMP0143,Human Resources,HR Manager,High,1,80,PHISH009,Resume Attachment,Malicious Attachment Simulation,Medium,Human Resources,T1566.001,1,0.2775,0,0,0,0,0,0,1,1
EVT001430,EMP0143,Human Resources,HR Manager,High,1,80,PHISH010,IT Helpdesk Account Verification,Credential Phishing,Hard,All,T1566.002,0,0.1134,1,0,0,0,1,260,0,0
EVT001431,EMP0144,Operations,Operations Manager,Medium,1,78,PHISH001,Microsoft 365 Password Expiration,Credential Phishing,Easy,All,T1566.002,0,0.4066,1,0,0,0,0,0,0,0
EVT001432,EMP0144,Operations,Operations Manager,Medium,1,78,PHISH002,HR Benefits Update,Malicious Attachment Simulation,Medium,All,T1566.001,0,0.4546,1,0,1,0,0,0,1,1
EVT001433,EMP0144,Operations,Operations Manager,Medium,1,78,PHISH003,CEO Urgent Payment Request,Business Email Compromise,Hard,Finance,T1566,0,0.1597,0,0,0,0,1,220,0,0
EVT001434,EMP0144,Operations,Operations Manager,Medium,1,78,PHISH004,Package Delivery Notification,Link Phishing,Easy,All,T1566.002,0,0.2576,1,0,0,0,0,0,0,0
EVT001435,EMP0144,Operations,Operations Manager,Medium,1,78,PHISH005,Shared Cloud Document,Cloud Credential Phishing,Medium,All,T1566.003,0,0.3159,1,0,0,0,1,191,0,0
EVT001436,EMP0144,Operations,Operations Manager,Medium,1,78,PHISH006,Fake MFA Verification Request,Identity Phishing,Hard,Information Technology,T1566.002,0,0.2941,1,0,0,0,0,0,0,0
EVT001437,EMP0144,Operations,Operations Manager,Medium,1,78,PHISH007,Payroll Account Verification,Credential Phishing,Medium,Human Resources,T1566.002,0,0.3647,0,0,0,0,0,0,1,1
EVT001438,EMP0144,Operations,Operations Manager,Medium,1,78,PHISH008,QR Code Security Verification,QR Phishing,Hard,All,T1566.002,0,0.2613,1,0,0,0,1,258,0,0
EVT001439,EMP0144,Operations,Operations Manager,Medium,1,78,PHISH009,Resume Attachment,Malicious Attachment Simulation,Medium,Human Resources,T1566.001,0,0.1571,1,0,0,0,1,333,0,0
EVT001440,EMP0144,Operations,Operations Manager,Medium,1,78,PHISH010,IT Helpdesk Account Verification,Credential Phishing,Hard,All,T1566.002,0,0.4132,1,1,0,0,1,317,1,1
EVT001441,EMP0145,Legal,Compliance Analyst,High,1,95,PHISH001,Microsoft 365 Password Expiration,Credential Phishing,Easy,All,T1566.002,0,0.238,1,1,0,1,1,267,1,1
EVT001442,EMP0145,Legal,Compliance Analyst,High,1,95,PHISH002,HR Benefits Update,Malicious Attachment Simulation,Medium,All,T1566.001,0,0.3398,1,0,1,0,0,0,1,1
EVT001443,EMP0145,Legal,Compliance Analyst,High,1,95,PHISH003,CEO Urgent Payment Request,Business Email Compromise,Hard,Finance,T1566,0,0.203,1,0,0,0,0,0,0,0
EVT001444,EMP0145,Legal,Compliance Analyst,High,1,95,PHISH004,Package Delivery Notification,Link Phishing,Easy,All,T1566.002,0,0.394,1,0,0,0,1,90,0,0
EVT001445,EMP0145,Legal,Compliance Analyst,High,1,95,PHISH005,Shared Cloud Document,Cloud Credential Phishing,Medium,All,T1566.003,0,0.1849,0,0,0,0,1,72,0,0
EVT001446,EMP0145,Legal,Compliance Analyst,High,1,95,PHISH006,Fake MFA Verification Request,Identity Phishing,Hard,Information Technology,T1566.002,0,0.3372,1,1,0,0,1,128,1,1
EVT001447,EMP0145,Legal,Compliance Analyst,High,1,95,PHISH007,Payroll Account Verification,Credential Phishing,Medium,Human Resources,T1566.002,0,0.4016,1,0,0,0,1,184,0,0
EVT001448,EMP0145,Legal,Compliance Analyst,High,1,95,PHISH008,QR Code Security Verification,QR Phishing,Hard,All,T1566.002,0,0.2844,1,0,0,0,1,97,0,0
EVT001449,EMP0145,Legal,Compliance Analyst,High,1,95,PHISH009,Resume Attachment,Malicious Attachment Simulation,Medium,Human Resources,T1566.001,0,0.3066,1,0,1,0,0,0,1,1
EVT001450,EMP0145,Legal,Compliance Analyst,High,1,95,PHISH010,IT Helpdesk Account Verification,Credential Phishing,Hard,All,T1566.002,0,0.2779,1,0,0,0,0,0,0,0
EVT001451,EMP0146,Information Technology,IT Support Analyst,High,1,89,PHISH001,Microsoft 365 Password Expiration,Credential Phishing,Easy,All,T1566.002,0,0.0844,1,0,0,0,1,462,0,0
EVT001452,EMP0146,Information Technology,IT Support Analyst,High,1,89,PHISH002,HR Benefits Update,Malicious Attachment Simulation,Medium,All,T1566.001,0,0.122,1,0,0,0,1,268,0,0
EVT001453,EMP0146,Information Technology,IT Support Analyst,High,1,89,PHISH003,CEO Urgent Payment Request,Business Email Compromise,Hard,Finance,T1566,0,0.2474,1,0,0,0,1,261,0,0
EVT001454,EMP0146,Information Technology,IT Support Analyst,High,1,89,PHISH004,Package Delivery Notification,Link Phishing,Easy,All,T1566.002,0,0.1343,1,0,0,0,0,0,0,0
EVT001455,EMP0146,Information Technology,IT Support Analyst,High,1,89,PHISH005,Shared Cloud Document,Cloud Credential Phishing,Medium,All,T1566.003,0,0.1335,1,0,0,0,1,290,0,0
EVT001456,EMP0146,Information Technology,IT Support Analyst,High,1,89,PHISH006,Fake MFA Verification Request,Identity Phishing,Hard,Information Technology,T1566.002,1,0.3139,1,0,0,0,0,0,0,0
EVT001457,EMP0146,Information Technology,IT Support Analyst,High,1,89,PHISH007,Payroll Account Verification,Credential Phishing,Medium,Human Resources,T1566.002,0,0.03,1,0,0,0,1,267,0,0
EVT001458,EMP0146,Information Technology,IT Support Analyst,High,1,89,PHISH008,QR Code Security Verification,QR Phishing,Hard,All,T1566.002,0,0.1844,1,0,0,0,1,418,0,0
EVT001459,EMP0146,Information Technology,IT Support Analyst,High,1,89,PHISH009,Resume Attachment,Malicious Attachment Simulation,Medium,Human Resources,T1566.001,0,0.0347,1,0,0,0,0,0,0,0
EVT001460,EMP0146,Information Technology,IT Support Analyst,High,1,89,PHISH010,IT Helpdesk Account Verification,Credential Phishing,Hard,All,T1566.002,0,0.1826,1,0,0,0,1,82,0,0
EVT001461,EMP0147,Marketing,Marketing Manager,Low,1,100,PHISH001,Microsoft 365 Password Expiration,Credential Phishing,Easy,All,T1566.002,0,0.1903,1,1,0,0,1,251,1,1
EVT001462,EMP0147,Marketing,Marketing Manager,Low,1,100,PHISH002,HR Benefits Update,Malicious Attachment Simulation,Medium,All,T1566.001,0,0.1604,1,0,0,0,1,731,0,0
EVT001463,EMP0147,Marketing,Marketing Manager,Low,1,100,PHISH003,CEO Urgent Payment Request,Business Email Compromise,Hard,Finance,T1566,0,0.1861,1,0,0,0,1,232,0,0
EVT001464,EMP0147,Marketing,Marketing Manager,Low,1,100,PHISH004,Package Delivery Notification,Link Phishing,Easy,All,T1566.002,0,0.1527,1,0,0,0,1,129,0,0
EVT001465,EMP0147,Marketing,Marketing Manager,Low,1,100,PHISH005,Shared Cloud Document,Cloud Credential Phishing,Medium,All,T1566.003,0,0.1487,1,0,0,0,1,55,0,0
EVT001466,EMP0147,Marketing,Marketing Manager,Low,1,100,PHISH006,Fake MFA Verification Request,Identity Phishing,Hard,Information Technology,T1566.002,0,0.2239,1,0,0,0,1,648,0,0
EVT001467,EMP0147,Marketing,Marketing Manager,Low,1,100,PHISH007,Payroll Account Verification,Credential Phishing,Medium,Human Resources,T1566.002,0,0.1376,1,0,0,0,0,0,0,0
EVT001468,EMP0147,Marketing,Marketing Manager,Low,1,100,PHISH008,QR Code Security Verification,QR Phishing,Hard,All,T1566.002,0,0.0598,1,0,0,0,1,240,0,0
EVT001469,EMP0147,Marketing,Marketing Manager,Low,1,100,PHISH009,Resume Attachment,Malicious Attachment Simulation,Medium,Human Resources,T1566.001,0,0.149,1,0,0,0,0,0,0,0
EVT001470,EMP0147,Marketing,Marketing Manager,Low,1,100,PHISH010,IT Helpdesk Account Verification,Credential Phishing,Hard,All,T1566.002,0,0.1897,0,0,0,0,1,161,0,0
EVT001471,EMP0148,Operations,Operations Specialist,Low,1,68,PHISH001,Microsoft 365 Password Expiration,Credential Phishing,Easy,All,T1566.002,0,0.391,1,0,0,0,1,1547,0,0
EVT001472,EMP0148,Operations,Operations Specialist,Low,1,68,PHISH002,HR Benefits Update,Malicious Attachment Simulation,Medium,All,T1566.001,0,0.3265,1,0,0,0,0,0,0,0
EVT001473,EMP0148,Operations,Operations Specialist,Low,1,68,PHISH003,CEO Urgent Payment Request,Business Email Compromise,Hard,Finance,T1566,0,0.3105,0,0,0,0,0,0,0,0
EVT001474,EMP0148,Operations,Operations Specialist,Low,1,68,PHISH004,Package Delivery Notification,Link Phishing,Easy,All,T1566.002,0,0.2447,0,0,0,0,1,334,1,1
EVT001475,EMP0148,Operations,Operations Specialist,Low,1,68,PHISH005,Shared Cloud Document,Cloud Credential Phishing,Medium,All,T1566.003,0,0.156,1,1,0,1,1,597,1,1
EVT001476,EMP0148,Operations,Operations Specialist,Low,1,68,PHISH006,Fake MFA Verification Request,Identity Phishing,Hard,Information Technology,T1566.002,0,0.3226,1,0,0,0,0,0,0,0
EVT001477,EMP0148,Operations,Operations Specialist,Low,1,68,PHISH007,Payroll Account Verification,Credential Phishing,Medium,Human Resources,T1566.002,0,0.2859,1,0,0,0,0,0,0,0
EVT001478,EMP0148,Operations,Operations Specialist,Low,1,68,PHISH008,QR Code Security Verification,QR Phishing,Hard,All,T1566.002,0,0.2331,1,0,0,0,1,298,0,0
EVT001479,EMP0148,Operations,Operations Specialist,Low,1,68,PHISH009,Resume Attachment,Malicious Attachment Simulation,Medium,Human Resources,T1566.001,0,0.3355,1,0,0,0,0,0,0,0
EVT001480,EMP0148,Operations,Operations Specialist,Low,1,68,PHISH010,IT Helpdesk Account Verification,Credential Phishing,Hard,All,T1566.002,0,0.2304,0,0,0,0,1,302,0,0
EVT001481,EMP0149,Operations,Operations Specialist,Low,1,68,PHISH001,Microsoft 365 Password Expiration,Credential Phishing,Easy,All,T1566.002,0,0.2665,1,0,0,0,1,125,0,0
EVT001482,EMP0149,Operations,Operations Specialist,Low,1,68,PHISH002,HR Benefits Update,Malicious Attachment Simulation,Medium,All,T1566.001,0,0.2051,1,0,0,0,1,70,0,0
EVT001483,EMP0149,Operations,Operations Specialist,Low,1,68,PHISH003,CEO Urgent Payment Request,Business Email Compromise,Hard,Finance,T1566,0,0.2226,0,0,0,0,1,249,0,0
EVT001484,EMP0149,Operations,Operations Specialist,Low,1,68,PHISH004,Package Delivery Notification,Link Phishing,Easy,All,T1566.002,0,0.3111,1,1,0,0,0,0,1,1
EVT001485,EMP0149,Operations,Operations Specialist,Low,1,68,PHISH005,Shared Cloud Document,Cloud Credential Phishing,Medium,All,T1566.003,0,0.2979,0,0,0,0,0,0,0,0
EVT001486,EMP0149,Operations,Operations Specialist,Low,1,68,PHISH006,Fake MFA Verification Request,Identity Phishing,Hard,Information Technology,T1566.002,0,0.2688,1,0,0,0,1,207,0,0
EVT001487,EMP0149,Operations,Operations Specialist,Low,1,68,PHISH007,Payroll Account Verification,Credential Phishing,Medium,Human Resources,T1566.002,0,0.228,1,0,0,0,1,68,0,0
EVT001488,EMP0149,Operations,Operations Specialist,Low,1,68,PHISH008,QR Code Security Verification,QR Phishing,Hard,All,T1566.002,0,0.2253,1,0,0,0,1,242,0,0
EVT001489,EMP0149,Operations,Operations Specialist,Low,1,68,PHISH009,Resume Attachment,Malicious Attachment Simulation,Medium,Human Resources,T1566.001,0,0.3733,1,0,1,0,0,0,1,1
EVT001490,EMP0149,Operations,Operations Specialist,Low,1,68,PHISH010,IT Helpdesk Account Verification,Credential Phishing,Hard,All,T1566.002,0,0.3047,1,0,0,0,1,361,0,0
EVT001491,EMP0150,Marketing,Marketing Manager,Medium,1,79,PHISH001,Microsoft 365 Password Expiration,Credential Phishing,Easy,All,T1566.002,0,0.2344,1,0,0,0,1,98,0,0
EVT001492,EMP0150,Marketing,Marketing Manager,Medium,1,79,PHISH002,HR Benefits Update,Malicious Attachment Simulation,Medium,All,T1566.001,0,0.1812,1,0,0,0,0,0,0,0
EVT001493,EMP0150,Marketing,Marketing Manager,Medium,1,79,PHISH003,CEO Urgent Payment Request,Business Email Compromise,Hard,Finance,T1566,0,0.3214,0,0,0,0,1,146,0,0
EVT001494,EMP0150,Marketing,Marketing Manager,Medium,1,79,PHISH004,Package Delivery Notification,Link Phishing,Easy,All,T1566.002,0,0.3989,0,0,0,0,1,316,0,0
EVT001495,EMP0150,Marketing,Marketing Manager,Medium,1,79,PHISH005,Shared Cloud Document,Cloud Credential Phishing,Medium,All,T1566.003,0,0.3846,1,0,0,0,0,0,0,0
EVT001496,EMP0150,Marketing,Marketing Manager,Medium,1,79,PHISH006,Fake MFA Verification Request,Identity Phishing,Hard,Information Technology,T1566.002,0,0.2815,1,0,0,0,1,180,0,0
EVT001497,EMP0150,Marketing,Marketing Manager,Medium,1,79,PHISH007,Payroll Account Verification,Credential Phishing,Medium,Human Resources,T1566.002,0,0.2724,0,0,0,0,0,0,0,0
EVT001498,EMP0150,Marketing,Marketing Manager,Medium,1,79,PHISH008,QR Code Security Verification,QR Phishing,Hard,All,T1566.002,0,0.3578,1,1,0,0,0,0,1,1
EVT001499,EMP0150,Marketing,Marketing Manager,Medium,1,79,PHISH009,Resume Attachment,Malicious Attachment Simulation,Medium,Human Resources,T1566.001,0,0.2041,1,0,0,0,1,560,0,0
EVT001500,EMP0150,Marketing,Marketing Manager,Medium,1,79,PHISH010,IT Helpdesk Account Verification,Credential Phishing,Hard,All,T1566.002,0,0.2696,0,0,0,0,1,101,0,0
EVT001501,EMP0151,Executive,Vice President,Privileged,1,89,PHISH001,Microsoft 365 Password Expiration,Credential Phishing,Easy,All,T1566.002,0,0.1225,1,0,0,0,0,0,0,0
EVT001502,EMP0151,Executive,Vice President,Privileged,1,89,PHISH002,HR Benefits Update,Malicious Attachment Simulation,Medium,All,T1566.001,0,0.1678,0,0,0,0,1,281,0,0
EVT001503,EMP0151,Executive,Vice President,Privileged,1,89,PHISH003,CEO Urgent Payment Request,Business Email Compromise,Hard,Finance,T1566,0,0.2057,1,0,0,0,1,231,1,1
EVT001504,EMP0151,Executive,Vice President,Privileged,1,89,PHISH004,Package Delivery Notification,Link Phishing,Easy,All,T1566.002,0,0.2252,1,0,0,0,1,338,0,0
EVT001505,EMP0151,Executive,Vice President,Privileged,1,89,PHISH005,Shared Cloud Document,Cloud Credential Phishing,Medium,All,T1566.003,0,0.1996,1,0,0,0,1,112,0,0
EVT001506,EMP0151,Executive,Vice President,Privileged,1,89,PHISH006,Fake MFA Verification Request,Identity Phishing,Hard,Information Technology,T1566.002,0,0.2069,1,0,0,0,1,109,0,0
EVT001507,EMP0151,Executive,Vice President,Privileged,1,89,PHISH007,Payroll Account Verification,Credential Phishing,Medium,Human Resources,T1566.002,0,0.2022,1,0,0,0,0,0,0,0
EVT001508,EMP0151,Executive,Vice President,Privileged,1,89,PHISH008,QR Code Security Verification,QR Phishing,Hard,All,T1566.002,0,0.2248,1,1,0,0,1,131,1,1
EVT001509,EMP0151,Executive,Vice President,Privileged,1,89,PHISH009,Resume Attachment,Malicious Attachment Simulation,Medium,Human Resources,T1566.001,0,0.1402,0,0,0,0,1,376,0,0
EVT001510,EMP0151,Executive,Vice President,Privileged,1,89,PHISH010,IT Helpdesk Account Verification,Credential Phishing,Hard,All,T1566.002,0,0.1452,1,0,0,0,0,0,0,0
EVT001511,EMP0152,Sales,Sales Manager,Medium,1,71,PHISH001,Microsoft 365 Password Expiration,Credential Phishing,Easy,All,T1566.002,0,0.2082,1,0,0,0,0,0,0,0
EVT001512,EMP0152,Sales,Sales Manager,Medium,1,71,PHISH002,HR Benefits Update,Malicious Attachment Simulation,Medium,All,T1566.001,0,0.3493,1,0,0,0,1,109,0,0
EVT001513,EMP0152,Sales,Sales Manager,Medium,1,71,PHISH003,CEO Urgent Payment Request,Business Email Compromise,Hard,Finance,T1566,0,0.2428,1,0,0,0,0,0,1,1
EVT001514,EMP0152,Sales,Sales Manager,Medium,1,71,PHISH004,Package Delivery Notification,Link Phishing,Easy,All,T1566.002,0,0.3099,1,0,0,0,0,0,0,0
EVT001515,EMP0152,Sales,Sales Manager,Medium,1,71,PHISH005,Shared Cloud Document,Cloud Credential Phishing,Medium,All,T1566.003,0,0.3696,0,0,0,0,0,0,1,1
EVT001516,EMP0152,Sales,Sales Manager,Medium,1,71,PHISH006,Fake MFA Verification Request,Identity Phishing,Hard,Information Technology,T1566.002,0,0.3477,1,1,0,1,1,194,1,1
EVT001517,EMP0152,Sales,Sales Manager,Medium,1,71,PHISH007,Payroll Account Verification,Credential Phishing,Medium,Human Resources,T1566.002,0,0.4208,1,0,0,0,0,0,0,0
EVT001518,EMP0152,Sales,Sales Manager,Medium,1,71,PHISH008,QR Code Security Verification,QR Phishing,Hard,All,T1566.002,0,0.2692,1,1,0,0,1,341,1,1
EVT001519,EMP0152,Sales,Sales Manager,Medium,1,71,PHISH009,Resume Attachment,Malicious Attachment Simulation,Medium,Human Resources,T1566.001,0,0.3442,1,0,1,0,1,90,1,1
EVT001520,EMP0152,Sales,Sales Manager,Medium,1,71,PHISH010,IT Helpdesk Account Verification,Credential Phishing,Hard,All,T1566.002,0,0.2947,1,0,0,0,0,0,0,0
EVT001521,EMP0153,Information Technology,Security Analyst,Medium,1,62,PHISH001,Microsoft 365 Password Expiration,Credential Phishing,Easy,All,T1566.002,0,0.3801,1,1,0,1,0,0,1,1
EVT001522,EMP0153,Information Technology,Security Analyst,Medium,1,62,PHISH002,HR Benefits Update,Malicious Attachment Simulation,Medium,All,T1566.001,0,0.401,1,0,0,0,0,0,0,0
EVT001523,EMP0153,Information Technology,Security Analyst,Medium,1,62,PHISH003,CEO Urgent Payment Request,Business Email Compromise,Hard,Finance,T1566,0,0.3411,1,0,0,0,0,0,1,1
EVT001524,EMP0153,Information Technology,Security Analyst,Medium,1,62,PHISH004,Package Delivery Notification,Link Phishing,Easy,All,T1566.002,0,0.3606,1,1,0,0,0,0,1,1
EVT001525,EMP0153,Information Technology,Security Analyst,Medium,1,62,PHISH005,Shared Cloud Document,Cloud Credential Phishing,Medium,All,T1566.003,0,0.3296,1,0,0,0,0,0,0,0
EVT001526,EMP0153,Information Technology,Security Analyst,Medium,1,62,PHISH006,Fake MFA Verification Request,Identity Phishing,Hard,Information Technology,T1566.002,1,0.3116,1,1,0,0,0,0,1,1
EVT001527,EMP0153,Information Technology,Security Analyst,Medium,1,62,PHISH007,Payroll Account Verification,Credential Phishing,Medium,Human Resources,T1566.002,0,0.4575,1,0,0,0,1,398,0,0
EVT001528,EMP0153,Information Technology,Security Analyst,Medium,1,62,PHISH008,QR Code Security Verification,QR Phishing,Hard,All,T1566.002,0,0.3955,1,1,0,0,0,0,1,1
EVT001529,EMP0153,Information Technology,Security Analyst,Medium,1,62,PHISH009,Resume Attachment,Malicious Attachment Simulation,Medium,Human Resources,T1566.001,0,0.2645,1,0,1,0,1,166,1,1
EVT001530,EMP0153,Information Technology,Security Analyst,Medium,1,62,PHISH010,IT Helpdesk Account Verification,Credential Phishing,Hard,All,T1566.002,0,0.2618,1,0,0,0,1,408,0,0
EVT001531,EMP0154,Operations,Operations Manager,Medium,1,99,PHISH001,Microsoft 365 Password Expiration,Credential Phishing,Easy,All,T1566.002,0,0.4162,1,0,0,0,0,0,0,0
EVT001532,EMP0154,Operations,Operations Manager,Medium,1,99,PHISH002,HR Benefits Update,Malicious Attachment Simulation,Medium,All,T1566.001,0,0.4387,1,0,0,0,0,0,0,0
EVT001533,EMP0154,Operations,Operations Manager,Medium,1,99,PHISH003,CEO Urgent Payment Request,Business Email Compromise,Hard,Finance,T1566,0,0.215,1,0,0,0,1,115,1,1
EVT001534,EMP0154,Operations,Operations Manager,Medium,1,99,PHISH004,Package Delivery Notification,Link Phishing,Easy,All,T1566.002,0,0.298,1,0,0,0,1,454,0,0
EVT001535,EMP0154,Operations,Operations Manager,Medium,1,99,PHISH005,Shared Cloud Document,Cloud Credential Phishing,Medium,All,T1566.003,0,0.3197,1,0,0,0,1,248,0,0
EVT001536,EMP0154,Operations,Operations Manager,Medium,1,99,PHISH006,Fake MFA Verification Request,Identity Phishing,Hard,Information Technology,T1566.002,0,0.3795,1,1,0,0,1,168,1,1
EVT001537,EMP0154,Operations,Operations Manager,Medium,1,99,PHISH007,Payroll Account Verification,Credential Phishing,Medium,Human Resources,T1566.002,0,0.3937,0,0,0,0,1,151,0,0
EVT001538,EMP0154,Operations,Operations Manager,Medium,1,99,PHISH008,QR Code Security Verification,QR Phishing,Hard,All,T1566.002,0,0.3348,1,1,0,0,0,0,1,1
EVT001539,EMP0154,Operations,Operations Manager,Medium,1,99,PHISH009,Resume Attachment,Malicious Attachment Simulation,Medium,Human Resources,T1566.001,0,0.4327,1,0,0,0,1,116,0,0
EVT001540,EMP0154,Operations,Operations Manager,Medium,1,99,PHISH010,IT Helpdesk Account Verification,Credential Phishing,Hard,All,T1566.002,0,0.2903,1,0,0,0,1,298,0,0
EVT001541,EMP0155,Human Resources,HR Specialist,High,0,92,PHISH001,Microsoft 365 Password Expiration,Credential Phishing,Easy,All,T1566.002,0,0.1616,1,1,0,1,1,58,1,1
EVT001542,EMP0155,Human Resources,HR Specialist,High,0,92,PHISH002,HR Benefits Update,Malicious Attachment Simulation,Medium,All,T1566.001,0,0.1928,0,0,0,0,1,121,0,0
EVT001543,EMP0155,Human Resources,HR Specialist,High,0,92,PHISH003,CEO Urgent Payment Request,Business Email Compromise,Hard,Finance,T1566,0,0.2146,1,0,0,0,0,0,0,0
EVT001544,EMP0155,Human Resources,HR Specialist,High,0,92,PHISH004,Package Delivery Notification,Link Phishing,Easy,All,T1566.002,0,0.2335,0,0,0,0,0,0,1,1
EVT001545,EMP0155,Human Resources,HR Specialist,High,0,92,PHISH005,Shared Cloud Document,Cloud Credential Phishing,Medium,All,T1566.003,0,0.1911,0,0,0,0,1,139,0,0
EVT001546,EMP0155,Human Resources,HR Specialist,High,0,92,PHISH006,Fake MFA Verification Request,Identity Phishing,Hard,Information Technology,T1566.002,0,0.2063,1,0,0,0,1,382,0,0
EVT001547,EMP0155,Human Resources,HR Specialist,High,0,92,PHISH007,Payroll Account Verification,Credential Phishing,Medium,Human Resources,T1566.002,1,0.2835,1,0,0,0,1,226,0,0
EVT001548,EMP0155,Human Resources,HR Specialist,High,0,92,PHISH008,QR Code Security Verification,QR Phishing,Hard,All,T1566.002,0,0.2941,0,0,0,0,0,0,1,1
EVT001549,EMP0155,Human Resources,HR Specialist,High,0,92,PHISH009,Resume Attachment,Malicious Attachment Simulation,Medium,Human Resources,T1566.001,1,0.3597,1,0,1,0,0,0,1,1
EVT001550,EMP0155,Human Resources,HR Specialist,High,0,92,PHISH010,IT Helpdesk Account Verification,Credential Phishing,Hard,All,T1566.002,0,0.2956,1,1,0,0,0,0,1,1
EVT001551,EMP0156,Sales,Sales Representative,Low,1,72,PHISH001,Microsoft 365 Password Expiration,Credential Phishing,Easy,All,T1566.002,0,0.3501,1,0,0,0,1,126,0,0
EVT001552,EMP0156,Sales,Sales Representative,Low,1,72,PHISH002,HR Benefits Update,Malicious Attachment Simulation,Medium,All,T1566.001,0,0.3008,1,0,1,0,1,375,1,1
EVT001553,EMP0156,Sales,Sales Representative,Low,1,72,PHISH003,CEO Urgent Payment Request,Business Email Compromise,Hard,Finance,T1566,0,0.3805,1,0,0,0,0,0,1,1
EVT001554,EMP0156,Sales,Sales Representative,Low,1,72,PHISH004,Package Delivery Notification,Link Phishing,Easy,All,T1566.002,0,0.2595,1,0,0,0,0,0,0,0
EVT001555,EMP0156,Sales,Sales Representative,Low,1,72,PHISH005,Shared Cloud Document,Cloud Credential Phishing,Medium,All,T1566.003,0,0.44,0,0,0,0,0,0,1,1
EVT001556,EMP0156,Sales,Sales Representative,Low,1,72,PHISH006,Fake MFA Verification Request,Identity Phishing,Hard,Information Technology,T1566.002,0,0.3069,1,0,0,0,1,318,0,0
EVT001557,EMP0156,Sales,Sales Representative,Low,1,72,PHISH007,Payroll Account Verification,Credential Phishing,Medium,Human Resources,T1566.002,0,0.3273,1,0,0,0,0,0,0,0
EVT001558,EMP0156,Sales,Sales Representative,Low,1,72,PHISH008,QR Code Security Verification,QR Phishing,Hard,All,T1566.002,0,0.5236,1,0,0,0,1,453,0,0
EVT001559,EMP0156,Sales,Sales Representative,Low,1,72,PHISH009,Resume Attachment,Malicious Attachment Simulation,Medium,Human Resources,T1566.001,0,0.3657,1,0,1,0,0,0,1,1
EVT001560,EMP0156,Sales,Sales Representative,Low,1,72,PHISH010,IT Helpdesk Account Verification,Credential Phishing,Hard,All,T1566.002,0,0.4654,1,1,0,0,1,98,1,1
EVT001561,EMP0157,Finance,Financial Analyst,Medium,1,76,PHISH001,Microsoft 365 Password Expiration,Credential Phishing,Easy,All,T1566.002,0,0.2763,0,0,0,0,0,0,0,0
EVT001562,EMP0157,Finance,Financial Analyst,Medium,1,76,PHISH002,HR Benefits Update,Malicious Attachment Simulation,Medium,All,T1566.001,0,0.282,1,0,1,0,1,654,1,1
EVT001563,EMP0157,Finance,Financial Analyst,Medium,1,76,PHISH003,CEO Urgent Payment Request,Business Email Compromise,Hard,Finance,T1566,1,0.3868,1,0,0,0,0,0,0,0
EVT001564,EMP0157,Finance,Financial Analyst,Medium,1,76,PHISH004,Package Delivery Notification,Link Phishing,Easy,All,T1566.002,0,0.3055,1,0,0,0,1,1173,0,0
EVT001565,EMP0157,Finance,Financial Analyst,Medium,1,76,PHISH005,Shared Cloud Document,Cloud Credential Phishing,Medium,All,T1566.003,0,0.2582,1,0,0,0,0,0,0,0
EVT001566,EMP0157,Finance,Financial Analyst,Medium,1,76,PHISH006,Fake MFA Verification Request,Identity Phishing,Hard,Information Technology,T1566.002,0,0.3197,1,0,0,0,0,0,0,0
EVT001567,EMP0157,Finance,Financial Analyst,Medium,1,76,PHISH007,Payroll Account Verification,Credential Phishing,Medium,Human Resources,T1566.002,0,0.2949,1,0,0,0,0,0,0,0
EVT001568,EMP0157,Finance,Financial Analyst,Medium,1,76,PHISH008,QR Code Security Verification,QR Phishing,Hard,All,T1566.002,0,0.3849,1,1,0,0,0,0,1,1
EVT001569,EMP0157,Finance,Financial Analyst,Medium,1,76,PHISH009,Resume Attachment,Malicious Attachment Simulation,Medium,Human Resources,T1566.001,0,0.3558,1,0,0,0,1,177,0,0
EVT001570,EMP0157,Finance,Financial Analyst,Medium,1,76,PHISH010,IT Helpdesk Account Verification,Credential Phishing,Hard,All,T1566.002,0,0.2978,1,1,0,0,0,0,1,1
EVT001571,EMP0158,Executive,Chief Officer,High,1,92,PHISH001,Microsoft 365 Password Expiration,Credential Phishing,Easy,All,T1566.002,0,0.2383,1,0,0,0,0,0,0,0
EVT001572,EMP0158,Executive,Chief Officer,High,1,92,PHISH002,HR Benefits Update,Malicious Attachment Simulation,Medium,All,T1566.001,0,0.4499,0,0,0,0,1,93,0,0
EVT001573,EMP0158,Executive,Chief Officer,High,1,92,PHISH003,CEO Urgent Payment Request,Business Email Compromise,Hard,Finance,T1566,0,0.2679,1,0,0,0,0,0,0,0
EVT001574,EMP0158,Executive,Chief Officer,High,1,92,PHISH004,Package Delivery Notification,Link Phishing,Easy,All,T1566.002,0,0.3602,1,0,0,0,0,0,0,0
EVT001575,EMP0158,Executive,Chief Officer,High,1,92,PHISH005,Shared Cloud Document,Cloud Credential Phishing,Medium,All,T1566.003,0,0.2807,1,1,0,1,1,624,1,1
EVT001576,EMP0158,Executive,Chief Officer,High,1,92,PHISH006,Fake MFA Verification Request,Identity Phishing,Hard,Information Technology,T1566.002,0,0.2289,1,0,0,0,0,0,0,0
EVT001577,EMP0158,Executive,Chief Officer,High,1,92,PHISH007,Payroll Account Verification,Credential Phishing,Medium,Human Resources,T1566.002,0,0.3496,1,1,0,1,0,0,1,1
EVT001578,EMP0158,Executive,Chief Officer,High,1,92,PHISH008,QR Code Security Verification,QR Phishing,Hard,All,T1566.002,0,0.327,1,0,0,0,0,0,0,0
EVT001579,EMP0158,Executive,Chief Officer,High,1,92,PHISH009,Resume Attachment,Malicious Attachment Simulation,Medium,Human Resources,T1566.001,0,0.3742,1,0,1,0,1,288,1,1
EVT001580,EMP0158,Executive,Chief Officer,High,1,92,PHISH010,IT Helpdesk Account Verification,Credential Phishing,Hard,All,T1566.002,0,0.338,1,0,0,0,1,395,0,0
EVT001581,EMP0159,Executive,Vice President,High,1,78,PHISH001,Microsoft 365 Password Expiration,Credential Phishing,Easy,All,T1566.002,0,0.3643,1,1,0,0,1,203,1,1
EVT001582,EMP0159,Executive,Vice President,High,1,78,PHISH002,HR Benefits Update,Malicious Attachment Simulation,Medium,All,T1566.001,0,0.3534,1,0,0,0,0,0,0,0
EVT001583,EMP0159,Executive,Vice President,High,1,78,PHISH003,CEO Urgent Payment Request,Business Email Compromise,Hard,Finance,T1566,0,0.2583,1,0,0,0,0,0,0,0
EVT001584,EMP0159,Executive,Vice President,High,1,78,PHISH004,Package Delivery Notification,Link Phishing,Easy,All,T1566.002,0,0.2622,0,0,0,0,1,81,0,0
EVT001585,EMP0159,Executive,Vice President,High,1,78,PHISH005,Shared Cloud Document,Cloud Credential Phishing,Medium,All,T1566.003,0,0.3145,1,0,0,0,1,46,0,0
EVT001586,EMP0159,Executive,Vice President,High,1,78,PHISH006,Fake MFA Verification Request,Identity Phishing,Hard,Information Technology,T1566.002,0,0.3145,1,1,0,0,0,0,1,1
EVT001587,EMP0159,Executive,Vice President,High,1,78,PHISH007,Payroll Account Verification,Credential Phishing,Medium,Human Resources,T1566.002,0,0.4569,1,1,0,1,1,170,1,1
EVT001588,EMP0159,Executive,Vice President,High,1,78,PHISH008,QR Code Security Verification,QR Phishing,Hard,All,T1566.002,0,0.3265,1,0,0,0,1,187,0,0
EVT001589,EMP0159,Executive,Vice President,High,1,78,PHISH009,Resume Attachment,Malicious Attachment Simulation,Medium,Human Resources,T1566.001,0,0.4154,1,0,1,0,1,439,1,1
EVT001590,EMP0159,Executive,Vice President,High,1,78,PHISH010,IT Helpdesk Account Verification,Credential Phishing,Hard,All,T1566.002,0,0.2864,1,0,0,0,1,176,0,0
EVT001591,EMP0160,Marketing,Digital Marketing Analyst,Medium,1,78,PHISH001,Microsoft 365 Password Expiration,Credential Phishing,Easy,All,T1566.002,0,0.167,1,0,0,0,1,317,0,0
EVT001592,EMP0160,Marketing,Digital Marketing Analyst,Medium,1,78,PHISH002,HR Benefits Update,Malicious Attachment Simulation,Medium,All,T1566.001,0,0.1729,1,0,1,0,0,0,1,1
EVT001593,EMP0160,Marketing,Digital Marketing Analyst,Medium,1,78,PHISH003,CEO Urgent Payment Request,Business Email Compromise,Hard,Finance,T1566,0,0.1788,1,0,0,0,1,1232,1,1
EVT001594,EMP0160,Marketing,Digital Marketing Analyst,Medium,1,78,PHISH004,Package Delivery Notification,Link Phishing,Easy,All,T1566.002,0,0.2075,1,0,0,0,0,0,0,0
EVT001595,EMP0160,Marketing,Digital Marketing Analyst,Medium,1,78,PHISH005,Shared Cloud Document,Cloud Credential Phishing,Medium,All,T1566.003,0,0.1799,0,0,0,0,1,264,1,1
EVT001596,EMP0160,Marketing,Digital Marketing Analyst,Medium,1,78,PHISH006,Fake MFA Verification Request,Identity Phishing,Hard,Information Technology,T1566.002,0,0.0707,1,0,0,0,1,348,0,0
EVT001597,EMP0160,Marketing,Digital Marketing Analyst,Medium,1,78,PHISH007,Payroll Account Verification,Credential Phishing,Medium,Human Resources,T1566.002,0,0.1759,1,0,0,0,1,95,0,0
EVT001598,EMP0160,Marketing,Digital Marketing Analyst,Medium,1,78,PHISH008,QR Code Security Verification,QR Phishing,Hard,All,T1566.002,0,0.3138,1,0,0,0,1,286,0,0
EVT001599,EMP0160,Marketing,Digital Marketing Analyst,Medium,1,78,PHISH009,Resume Attachment,Malicious Attachment Simulation,Medium,Human Resources,T1566.001,0,0.2594,1,0,1,0,1,449,1,1
EVT001600,EMP0160,Marketing,Digital Marketing Analyst,Medium,1,78,PHISH010,IT Helpdesk Account Verification,Credential Phishing,Hard,All,T1566.002,0,0.1333,0,0,0,0,0,0,0,0
EVT001601,EMP0161,Sales,Sales Representative,Low,1,65,PHISH001,Microsoft 365 Password Expiration,Credential Phishing,Easy,All,T1566.002,0,0.4104,0,0,0,0,0,0,1,1
EVT001602,EMP0161,Sales,Sales Representative,Low,1,65,PHISH002,HR Benefits Update,Malicious Attachment Simulation,Medium,All,T1566.001,0,0.336,1,0,0,0,1,106,0,0
EVT001603,EMP0161,Sales,Sales Representative,Low,1,65,PHISH003,CEO Urgent Payment Request,Business Email Compromise,Hard,Finance,T1566,0,0.4544,1,0,0,0,1,315,0,0
EVT001604,EMP0161,Sales,Sales Representative,Low,1,65,PHISH004,Package Delivery Notification,Link Phishing,Easy,All,T1566.002,0,0.5114,1,0,0,0,1,179,0,0
EVT001605,EMP0161,Sales,Sales Representative,Low,1,65,PHISH005,Shared Cloud Document,Cloud Credential Phishing,Medium,All,T1566.003,0,0.3594,0,0,0,0,0,0,1,1
EVT001606,EMP0161,Sales,Sales Representative,Low,1,65,PHISH006,Fake MFA Verification Request,Identity Phishing,Hard,Information Technology,T1566.002,0,0.4177,1,0,0,0,1,77,0,0
EVT001607,EMP0161,Sales,Sales Representative,Low,1,65,PHISH007,Payroll Account Verification,Credential Phishing,Medium,Human Resources,T1566.002,0,0.3601,1,0,0,0,1,136,0,0
EVT001608,EMP0161,Sales,Sales Representative,Low,1,65,PHISH008,QR Code Security Verification,QR Phishing,Hard,All,T1566.002,0,0.4086,1,0,0,0,0,0,0,0
EVT001609,EMP0161,Sales,Sales Representative,Low,1,65,PHISH009,Resume Attachment,Malicious Attachment Simulation,Medium,Human Resources,T1566.001,0,0.3293,0,0,0,0,0,0,1,1
EVT001610,EMP0161,Sales,Sales Representative,Low,1,65,PHISH010,IT Helpdesk Account Verification,Credential Phishing,Hard,All,T1566.002,0,0.4216,1,1,0,1,1,120,1,1
EVT001611,EMP0162,Human Resources,Recruiter,Medium,1,76,PHISH001,Microsoft 365 Password Expiration,Credential Phishing,Easy,All,T1566.002,0,0.0994,1,0,0,0,1,232,0,0
EVT001612,EMP0162,Human Resources,Recruiter,Medium,1,76,PHISH002,HR Benefits Update,Malicious Attachment Simulation,Medium,All,T1566.001,0,0.1901,1,0,0,0,0,0,0,0
EVT001613,EMP0162,Human Resources,Recruiter,Medium,1,76,PHISH003,CEO Urgent Payment Request,Business Email Compromise,Hard,Finance,T1566,0,0.2668,1,0,0,0,0,0,0,0
EVT001614,EMP0162,Human Resources,Recruiter,Medium,1,76,PHISH004,Package Delivery Notification,Link Phishing,Easy,All,T1566.002,0,0.2453,1,1,0,0,1,203,1,1
EVT001615,EMP0162,Human Resources,Recruiter,Medium,1,76,PHISH005,Shared Cloud Document,Cloud Credential Phishing,Medium,All,T1566.003,0,0.2321,0,0,0,0,1,334,0,0
EVT001616,EMP0162,Human Resources,Recruiter,Medium,1,76,PHISH006,Fake MFA Verification Request,Identity Phishing,Hard,Information Technology,T1566.002,0,0.3089,1,0,0,0,0,0,0,0
EVT001617,EMP0162,Human Resources,Recruiter,Medium,1,76,PHISH007,Payroll Account Verification,Credential Phishing,Medium,Human Resources,T1566.002,1,0.3315,1,0,0,0,0,0,0,0
EVT001618,EMP0162,Human Resources,Recruiter,Medium,1,76,PHISH008,QR Code Security Verification,QR Phishing,Hard,All,T1566.002,0,0.2312,1,0,0,0,1,299,0,0
EVT001619,EMP0162,Human Resources,Recruiter,Medium,1,76,PHISH009,Resume Attachment,Malicious Attachment Simulation,Medium,Human Resources,T1566.001,1,0.2977,1,0,0,0,1,800,0,0
EVT001620,EMP0162,Human Resources,Recruiter,Medium,1,76,PHISH010,IT Helpdesk Account Verification,Credential Phishing,Hard,All,T1566.002,0,0.2016,1,0,0,0,0,0,0,0
EVT001621,EMP0163,Information Technology,Security Analyst,Privileged,1,59,PHISH001,Microsoft 365 Password Expiration,Credential Phishing,Easy,All,T1566.002,0,0.262,1,0,0,0,0,0,0,0
EVT001622,EMP0163,Information Technology,Security Analyst,Privileged,1,59,PHISH002,HR Benefits Update,Malicious Attachment Simulation,Medium,All,T1566.001,0,0.2365,1,0,1,0,0,0,1,1
EVT001623,EMP0163,Information Technology,Security Analyst,Privileged,1,59,PHISH003,CEO Urgent Payment Request,Business Email Compromise,Hard,Finance,T1566,0,0.2859,1,0,0,0,0,0,0,0
EVT001624,EMP0163,Information Technology,Security Analyst,Privileged,1,59,PHISH004,Package Delivery Notification,Link Phishing,Easy,All,T1566.002,0,0.2084,1,1,0,0,0,0,1,1
EVT001625,EMP0163,Information Technology,Security Analyst,Privileged,1,59,PHISH005,Shared Cloud Document,Cloud Credential Phishing,Medium,All,T1566.003,0,0.2824,1,0,0,0,1,163,0,0
EVT001626,EMP0163,Information Technology,Security Analyst,Privileged,1,59,PHISH006,Fake MFA Verification Request,Identity Phishing,Hard,Information Technology,T1566.002,1,0.2998,1,0,0,0,0,0,0,0
EVT001627,EMP0163,Information Technology,Security Analyst,Privileged,1,59,PHISH007,Payroll Account Verification,Credential Phishing,Medium,Human Resources,T1566.002,0,0.2908,1,0,0,0,0,0,0,0
EVT001628,EMP0163,Information Technology,Security Analyst,Privileged,1,59,PHISH008,QR Code Security Verification,QR Phishing,Hard,All,T1566.002,0,0.2165,1,0,0,0,0,0,0,0
EVT001629,EMP0163,Information Technology,Security Analyst,Privileged,1,59,PHISH009,Resume Attachment,Malicious Attachment Simulation,Medium,Human Resources,T1566.001,0,0.2835,0,0,0,0,0,0,1,1
EVT001630,EMP0163,Information Technology,Security Analyst,Privileged,1,59,PHISH010,IT Helpdesk Account Verification,Credential Phishing,Hard,All,T1566.002,0,0.2238,1,0,0,0,0,0,0,0
EVT001631,EMP0164,Executive,Director,High,1,93,PHISH001,Microsoft 365 Password Expiration,Credential Phishing,Easy,All,T1566.002,0,0.2495,1,0,0,0,0,0,0,0
EVT001632,EMP0164,Executive,Director,High,1,93,PHISH002,HR Benefits Update,Malicious Attachment Simulation,Medium,All,T1566.001,0,0.3293,1,0,0,0,1,915,0,0
EVT001633,EMP0164,Executive,Director,High,1,93,PHISH003,CEO Urgent Payment Request,Business Email Compromise,Hard,Finance,T1566,0,0.2851,1,0,0,0,0,0,0,0
EVT001634,EMP0164,Executive,Director,High,1,93,PHISH004,Package Delivery Notification,Link Phishing,Easy,All,T1566.002,0,0.1741,1,0,0,0,1,549,0,0
EVT001635,EMP0164,Executive,Director,High,1,93,PHISH005,Shared Cloud Document,Cloud Credential Phishing,Medium,All,T1566.003,0,0.3011,1,1,0,1,1,144,1,1
EVT001636,EMP0164,Executive,Director,High,1,93,PHISH006,Fake MFA Verification Request,Identity Phishing,Hard,Information Technology,T1566.002,0,0.2554,1,0,0,0,1,278,0,0
EVT001637,EMP0164,Executive,Director,High,1,93,PHISH007,Payroll Account Verification,Credential Phishing,Medium,Human Resources,T1566.002,0,0.1927,0,0,0,0,0,0,1,1
EVT001638,EMP0164,Executive,Director,High,1,93,PHISH008,QR Code Security Verification,QR Phishing,Hard,All,T1566.002,0,0.2676,1,1,0,0,1,85,1,1
EVT001639,EMP0164,Executive,Director,High,1,93,PHISH009,Resume Attachment,Malicious Attachment Simulation,Medium,Human Resources,T1566.001,0,0.2302,1,0,0,0,1,148,0,0
EVT001640,EMP0164,Executive,Director,High,1,93,PHISH010,IT Helpdesk Account Verification,Credential Phishing,Hard,All,T1566.002,0,0.3188,1,0,0,0,0,0,0,0
EVT001641,EMP0165,Human Resources,Recruiter,Medium,1,92,PHISH001,Microsoft 365 Password Expiration,Credential Phishing,Easy,All,T1566.002,0,0.2592,1,0,0,0,0,0,0,0
EVT001642,EMP0165,Human Resources,Recruiter,Medium,1,92,PHISH002,HR Benefits Update,Malicious Attachment Simulation,Medium,All,T1566.001,0,0.3294,1,0,1,0,1,207,1,1
EVT001643,EMP0165,Human Resources,Recruiter,Medium,1,92,PHISH003,CEO Urgent Payment Request,Business Email Compromise,Hard,Finance,T1566,0,0.3446,0,0,0,0,1,173,0,0
EVT001644,EMP0165,Human Resources,Recruiter,Medium,1,92,PHISH004,Package Delivery Notification,Link Phishing,Easy,All,T1566.002,0,0.2213,1,0,0,0,1,143,0,0
EVT001645,EMP0165,Human Resources,Recruiter,Medium,1,92,PHISH005,Shared Cloud Document,Cloud Credential Phishing,Medium,All,T1566.003,0,0.2662,1,0,0,0,0,0,0,0
EVT001646,EMP0165,Human Resources,Recruiter,Medium,1,92,PHISH006,Fake MFA Verification Request,Identity Phishing,Hard,Information Technology,T1566.002,0,0.2916,1,0,0,0,0,0,0,0
EVT001647,EMP0165,Human Resources,Recruiter,Medium,1,92,PHISH007,Payroll Account Verification,Credential Phishing,Medium,Human Resources,T1566.002,1,0.4014,1,1,0,0,0,0,1,1
EVT001648,EMP0165,Human Resources,Recruiter,Medium,1,92,PHISH008,QR Code Security Verification,QR Phishing,Hard,All,T1566.002,0,0.3878,1,1,0,0,1,352,1,1
EVT001649,EMP0165,Human Resources,Recruiter,Medium,1,92,PHISH009,Resume Attachment,Malicious Attachment Simulation,Medium,Human Resources,T1566.001,1,0.4252,1,0,1,0,0,0,1,1
EVT001650,EMP0165,Human Resources,Recruiter,Medium,1,92,PHISH010,IT Helpdesk Account Verification,Credential Phishing,Hard,All,T1566.002,0,0.2972,0,0,0,0,0,0,1,1
EVT001651,EMP0166,Executive,Chief Officer,Privileged,1,78,PHISH001,Microsoft 365 Password Expiration,Credential Phishing,Easy,All,T1566.002,0,0.1909,1,0,0,0,1,294,0,0
EVT001652,EMP0166,Executive,Chief Officer,Privileged,1,78,PHISH002,HR Benefits Update,Malicious Attachment Simulation,Medium,All,T1566.001,0,0.1411,1,0,1,0,0,0,1,1
EVT001653,EMP0166,Executive,Chief Officer,Privileged,1,78,PHISH003,CEO Urgent Payment Request,Business Email Compromise,Hard,Finance,T1566,0,0.1484,1,0,0,0,0,0,0,0
EVT001654,EMP0166,Executive,Chief Officer,Privileged,1,78,PHISH004,Package Delivery Notification,Link Phishing,Easy,All,T1566.002,0,0.1555,1,0,0,0,0,0,0,0
EVT001655,EMP0166,Executive,Chief Officer,Privileged,1,78,PHISH005,Shared Cloud Document,Cloud Credential Phishing,Medium,All,T1566.003,0,0.1909,1,0,0,0,1,357,0,0
EVT001656,EMP0166,Executive,Chief Officer,Privileged,1,78,PHISH006,Fake MFA Verification Request,Identity Phishing,Hard,Information Technology,T1566.002,0,0.1808,1,0,0,0,1,110,0,0
EVT001657,EMP0166,Executive,Chief Officer,Privileged,1,78,PHISH007,Payroll Account Verification,Credential Phishing,Medium,Human Resources,T1566.002,0,0.2318,0,0,0,0,1,420,0,0
EVT001658,EMP0166,Executive,Chief Officer,Privileged,1,78,PHISH008,QR Code Security Verification,QR Phishing,Hard,All,T1566.002,0,0.2918,1,0,0,0,1,262,0,0
EVT001659,EMP0166,Executive,Chief Officer,Privileged,1,78,PHISH009,Resume Attachment,Malicious Attachment Simulation,Medium,Human Resources,T1566.001,0,0.1962,1,0,0,0,0,0,0,0
EVT001660,EMP0166,Executive,Chief Officer,Privileged,1,78,PHISH010,IT Helpdesk Account Verification,Credential Phishing,Hard,All,T1566.002,0,0.2608,1,0,0,0,1,516,0,0
EVT001661,EMP0167,Executive,Chief Officer,Privileged,1,85,PHISH001,Microsoft 365 Password Expiration,Credential Phishing,Easy,All,T1566.002,0,0.1453,0,0,0,0,1,86,1,1
EVT001662,EMP0167,Executive,Chief Officer,Privileged,1,85,PHISH002,HR Benefits Update,Malicious Attachment Simulation,Medium,All,T1566.001,0,0.1705,1,0,0,0,1,645,0,0
EVT001663,EMP0167,Executive,Chief Officer,Privileged,1,85,PHISH003,CEO Urgent Payment Request,Business Email Compromise,Hard,Finance,T1566,0,0.335,1,0,0,0,0,0,0,0
EVT001664,EMP0167,Executive,Chief Officer,Privileged,1,85,PHISH004,Package Delivery Notification,Link Phishing,Easy,All,T1566.002,0,0.2697,0,0,0,0,1,363,0,0
EVT001665,EMP0167,Executive,Chief Officer,Privileged,1,85,PHISH005,Shared Cloud Document,Cloud Credential Phishing,Medium,All,T1566.003,0,0.2506,1,0,0,0,1,86,0,0
EVT001666,EMP0167,Executive,Chief Officer,Privileged,1,85,PHISH006,Fake MFA Verification Request,Identity Phishing,Hard,Information Technology,T1566.002,0,0.1561,1,0,0,0,0,0,0,0
EVT001667,EMP0167,Executive,Chief Officer,Privileged,1,85,PHISH007,Payroll Account Verification,Credential Phishing,Medium,Human Resources,T1566.002,0,0.253,1,1,0,1,1,164,1,1
EVT001668,EMP0167,Executive,Chief Officer,Privileged,1,85,PHISH008,QR Code Security Verification,QR Phishing,Hard,All,T1566.002,0,0.2804,1,1,0,0,0,0,1,1
EVT001669,EMP0167,Executive,Chief Officer,Privileged,1,85,PHISH009,Resume Attachment,Malicious Attachment Simulation,Medium,Human Resources,T1566.001,0,0.2679,1,0,0,0,1,381,0,0
EVT001670,EMP0167,Executive,Chief Officer,Privileged,1,85,PHISH010,IT Helpdesk Account Verification,Credential Phishing,Hard,All,T1566.002,0,0.2775,1,1,0,0,0,0,1,1
EVT001671,EMP0168,Executive,Director,Privileged,1,94,PHISH001,Microsoft 365 Password Expiration,Credential Phishing,Easy,All,T1566.002,0,0.4383,1,1,0,0,1,340,1,1
EVT001672,EMP0168,Executive,Director,Privileged,1,94,PHISH002,HR Benefits Update,Malicious Attachment Simulation,Medium,All,T1566.001,0,0.3205,1,0,1,0,1,114,1,1
EVT001673,EMP0168,Executive,Director,Privileged,1,94,PHISH003,CEO Urgent Payment Request,Business Email Compromise,Hard,Finance,T1566,0,0.3618,0,0,0,0,1,190,0,0
EVT001674,EMP0168,Executive,Director,Privileged,1,94,PHISH004,Package Delivery Notification,Link Phishing,Easy,All,T1566.002,0,0.2803,0,0,0,0,1,455,0,0
EVT001675,EMP0168,Executive,Director,Privileged,1,94,PHISH005,Shared Cloud Document,Cloud Credential Phishing,Medium,All,T1566.003,0,0.308,1,1,0,1,0,0,1,1
EVT001676,EMP0168,Executive,Director,Privileged,1,94,PHISH006,Fake MFA Verification Request,Identity Phishing,Hard,Information Technology,T1566.002,0,0.366,1,0,0,0,1,112,0,0
EVT001677,EMP0168,Executive,Director,Privileged,1,94,PHISH007,Payroll Account Verification,Credential Phishing,Medium,Human Resources,T1566.002,0,0.2052,1,0,0,0,1,145,0,0
EVT001678,EMP0168,Executive,Director,Privileged,1,94,PHISH008,QR Code Security Verification,QR Phishing,Hard,All,T1566.002,0,0.4098,1,0,0,0,1,568,0,0
EVT001679,EMP0168,Executive,Director,Privileged,1,94,PHISH009,Resume Attachment,Malicious Attachment Simulation,Medium,Human Resources,T1566.001,0,0.3282,1,0,0,0,1,79,0,0
EVT001680,EMP0168,Executive,Director,Privileged,1,94,PHISH010,IT Helpdesk Account Verification,Credential Phishing,Hard,All,T1566.002,0,0.2578,1,1,0,1,0,0,1,1
EVT001681,EMP0169,Executive,Vice President,High,0,90,PHISH001,Microsoft 365 Password Expiration,Credential Phishing,Easy,All,T1566.002,0,0.2852,1,0,0,0,1,62,0,0
EVT001682,EMP0169,Executive,Vice President,High,0,90,PHISH002,HR Benefits Update,Malicious Attachment Simulation,Medium,All,T1566.001,0,0.33,1,0,0,0,1,403,0,0
EVT001683,EMP0169,Executive,Vice President,High,0,90,PHISH003,CEO Urgent Payment Request,Business Email Compromise,Hard,Finance,T1566,0,0.4775,1,0,0,0,1,665,0,0
EVT001684,EMP0169,Executive,Vice President,High,0,90,PHISH004,Package Delivery Notification,Link Phishing,Easy,All,T1566.002,0,0.3475,1,1,0,0,1,112,1,1
EVT001685,EMP0169,Executive,Vice President,High,0,90,PHISH005,Shared Cloud Document,Cloud Credential Phishing,Medium,All,T1566.003,0,0.3795,1,0,0,0,1,141,0,0
EVT001686,EMP0169,Executive,Vice President,High,0,90,PHISH006,Fake MFA Verification Request,Identity Phishing,Hard,Information Technology,T1566.002,0,0.3239,1,0,0,0,0,0,0,0
EVT001687,EMP0169,Executive,Vice President,High,0,90,PHISH007,Payroll Account Verification,Credential Phishing,Medium,Human Resources,T1566.002,0,0.3757,1,1,0,1,1,680,1,1
EVT001688,EMP0169,Executive,Vice President,High,0,90,PHISH008,QR Code Security Verification,QR Phishing,Hard,All,T1566.002,0,0.3119,1,1,0,0,0,0,1,1
EVT001689,EMP0169,Executive,Vice President,High,0,90,PHISH009,Resume Attachment,Malicious Attachment Simulation,Medium,Human Resources,T1566.001,0,0.3846,1,0,0,0,0,0,0,0
EVT001690,EMP0169,Executive,Vice President,High,0,90,PHISH010,IT Helpdesk Account Verification,Credential Phishing,Hard,All,T1566.002,0,0.364,0,0,0,0,1,138,0,0
EVT001691,EMP0170,Operations,Operations Manager,Medium,1,56,PHISH001,Microsoft 365 Password Expiration,Credential Phishing,Easy,All,T1566.002,0,0.3933,1,0,0,0,0,0,0,0
EVT001692,EMP0170,Operations,Operations Manager,Medium,1,56,PHISH002,HR Benefits Update,Malicious Attachment Simulation,Medium,All,T1566.001,0,0.2985,1,0,0,0,0,0,0,0
EVT001693,EMP0170,Operations,Operations Manager,Medium,1,56,PHISH003,CEO Urgent Payment Request,Business Email Compromise,Hard,Finance,T1566,0,0.3711,1,0,0,0,0,0,0,0
EVT001694,EMP0170,Operations,Operations Manager,Medium,1,56,PHISH004,Package Delivery Notification,Link Phishing,Easy,All,T1566.002,0,0.2934,1,0,0,0,1,138,0,0
EVT001695,EMP0170,Operations,Operations Manager,Medium,1,56,PHISH005,Shared Cloud Document,Cloud Credential Phishing,Medium,All,T1566.003,0,0.3519,0,0,0,0,0,0,0,0
EVT001696,EMP0170,Operations,Operations Manager,Medium,1,56,PHISH006,Fake MFA Verification Request,Identity Phishing,Hard,Information Technology,T1566.002,0,0.2282,1,0,0,0,1,168,0,0
EVT001697,EMP0170,Operations,Operations Manager,Medium,1,56,PHISH007,Payroll Account Verification,Credential Phishing,Medium,Human Resources,T1566.002,0,0.2525,1,0,0,0,0,0,0,0
EVT001698,EMP0170,Operations,Operations Manager,Medium,1,56,PHISH008,QR Code Security Verification,QR Phishing,Hard,All,T1566.002,0,0.3699,1,0,0,0,1,611,0,0
EVT001699,EMP0170,Operations,Operations Manager,Medium,1,56,PHISH009,Resume Attachment,Malicious Attachment Simulation,Medium,Human Resources,T1566.001,0,0.4069,1,0,0,0,1,406,0,0
EVT001700,EMP0170,Operations,Operations Manager,Medium,1,56,PHISH010,IT Helpdesk Account Verification,Credential Phishing,Hard,All,T1566.002,0,0.5259,1,1,0,1,1,104,1,1
EVT001701,EMP0171,Sales,Account Executive,Medium,1,96,PHISH001,Microsoft 365 Password Expiration,Credential Phishing,Easy,All,T1566.002,0,0.1635,0,0,0,0,1,160,0,0
EVT001702,EMP0171,Sales,Account Executive,Medium,1,96,PHISH002,HR Benefits Update,Malicious Attachment Simulation,Medium,All,T1566.001,0,0.1463,1,0,0,0,0,0,0,0
EVT001703,EMP0171,Sales,Account Executive,Medium,1,96,PHISH003,CEO Urgent Payment Request,Business Email Compromise,Hard,Finance,T1566,0,0.19,0,0,0,0,1,312,0,0
EVT001704,EMP0171,Sales,Account Executive,Medium,1,96,PHISH004,Package Delivery Notification,Link Phishing,Easy,All,T1566.002,0,0.2542,1,1,0,0,1,132,1,1
EVT001705,EMP0171,Sales,Account Executive,Medium,1,96,PHISH005,Shared Cloud Document,Cloud Credential Phishing,Medium,All,T1566.003,0,0.1701,1,0,0,0,0,0,0,0
EVT001706,EMP0171,Sales,Account Executive,Medium,1,96,PHISH006,Fake MFA Verification Request,Identity Phishing,Hard,Information Technology,T1566.002,0,0.2675,1,0,0,0,0,0,0,0
EVT001707,EMP0171,Sales,Account Executive,Medium,1,96,PHISH007,Payroll Account Verification,Credential Phishing,Medium,Human Resources,T1566.002,0,0.1751,1,0,0,0,1,164,0,0
EVT001708,EMP0171,Sales,Account Executive,Medium,1,96,PHISH008,QR Code Security Verification,QR Phishing,Hard,All,T1566.002,0,0.0326,1,0,0,0,0,0,0,0
EVT001709,EMP0171,Sales,Account Executive,Medium,1,96,PHISH009,Resume Attachment,Malicious Attachment Simulation,Medium,Human Resources,T1566.001,0,0.2544,1,0,0,0,1,143,0,0
EVT001710,EMP0171,Sales,Account Executive,Medium,1,96,PHISH010,IT Helpdesk Account Verification,Credential Phishing,Hard,All,T1566.002,0,0.1637,1,0,0,0,1,224,0,0
EVT001711,EMP0172,Human Resources,HR Manager,High,1,78,PHISH001,Microsoft 365 Password Expiration,Credential Phishing,Easy,All,T1566.002,0,0.2675,0,0,0,0,1,190,0,0
EVT001712,EMP0172,Human Resources,HR Manager,High,1,78,PHISH002,HR Benefits Update,Malicious Attachment Simulation,Medium,All,T1566.001,0,0.254,0,0,0,0,1,482,0,0
EVT001713,EMP0172,Human Resources,HR Manager,High,1,78,PHISH003,CEO Urgent Payment Request,Business Email Compromise,Hard,Finance,T1566,0,0.3482,1,0,0,0,0,0,0,0
EVT001714,EMP0172,Human Resources,HR Manager,High,1,78,PHISH004,Package Delivery Notification,Link Phishing,Easy,All,T1566.002,0,0.2423,1,0,0,0,1,191,0,0
EVT001715,EMP0172,Human Resources,HR Manager,High,1,78,PHISH005,Shared Cloud Document,Cloud Credential Phishing,Medium,All,T1566.003,0,0.2635,1,0,0,0,1,337,0,0
EVT001716,EMP0172,Human Resources,HR Manager,High,1,78,PHISH006,Fake MFA Verification Request,Identity Phishing,Hard,Information Technology,T1566.002,0,0.2361,1,0,0,0,1,104,0,0
EVT001717,EMP0172,Human Resources,HR Manager,High,1,78,PHISH007,Payroll Account Verification,Credential Phishing,Medium,Human Resources,T1566.002,1,0.5106,1,0,0,0,0,0,0,0
EVT001718,EMP0172,Human Resources,HR Manager,High,1,78,PHISH008,QR Code Security Verification,QR Phishing,Hard,All,T1566.002,0,0.3014,1,0,0,0,0,0,0,0
EVT001719,EMP0172,Human Resources,HR Manager,High,1,78,PHISH009,Resume Attachment,Malicious Attachment Simulation,Medium,Human Resources,T1566.001,1,0.3723,1,0,0,0,0,0,0,0
EVT001720,EMP0172,Human Resources,HR Manager,High,1,78,PHISH010,IT Helpdesk Account Verification,Credential Phishing,Hard,All,T1566.002,0,0.3228,1,0,0,0,0,0,0,0
EVT001721,EMP0173,Sales,Account Executive,Medium,1,57,PHISH001,Microsoft 365 Password Expiration,Credential Phishing,Easy,All,T1566.002,0,0.2728,1,1,0,1,0,0,1,1
EVT001722,EMP0173,Sales,Account Executive,Medium,1,57,PHISH002,HR Benefits Update,Malicious Attachment Simulation,Medium,All,T1566.001,0,0.3619,1,0,0,0,1,224,0,0
EVT001723,EMP0173,Sales,Account Executive,Medium,1,57,PHISH003,CEO Urgent Payment Request,Business Email Compromise,Hard,Finance,T1566,0,0.2553,1,0,0,0,1,617,0,0
EVT001724,EMP0173,Sales,Account Executive,Medium,1,57,PHISH004,Package Delivery Notification,Link Phishing,Easy,All,T1566.002,0,0.2718,1,0,0,0,0,0,0,0
EVT001725,EMP0173,Sales,Account Executive,Medium,1,57,PHISH005,Shared Cloud Document,Cloud Credential Phishing,Medium,All,T1566.003,0,0.2531,1,0,0,0,1,315,0,0
EVT001726,EMP0173,Sales,Account Executive,Medium,1,57,PHISH006,Fake MFA Verification Request,Identity Phishing,Hard,Information Technology,T1566.002,0,0.3512,1,0,0,0,1,186,0,0
EVT001727,EMP0173,Sales,Account Executive,Medium,1,57,PHISH007,Payroll Account Verification,Credential Phishing,Medium,Human Resources,T1566.002,0,0.2585,0,0,0,0,0,0,0,0
EVT001728,EMP0173,Sales,Account Executive,Medium,1,57,PHISH008,QR Code Security Verification,QR Phishing,Hard,All,T1566.002,0,0.3505,0,0,0,0,0,0,1,1
EVT001729,EMP0173,Sales,Account Executive,Medium,1,57,PHISH009,Resume Attachment,Malicious Attachment Simulation,Medium,Human Resources,T1566.001,0,0.1918,1,0,0,0,0,0,0,0
EVT001730,EMP0173,Sales,Account Executive,Medium,1,57,PHISH010,IT Helpdesk Account Verification,Credential Phishing,Hard,All,T1566.002,0,0.3949,1,0,0,0,0,0,0,0
EVT001731,EMP0174,Legal,Legal Manager,Medium,1,77,PHISH001,Microsoft 365 Password Expiration,Credential Phishing,Easy,All,T1566.002,0,0.3649,1,1,0,1,0,0,1,1
EVT001732,EMP0174,Legal,Legal Manager,Medium,1,77,PHISH002,HR Benefits Update,Malicious Attachment Simulation,Medium,All,T1566.001,0,0.3631,1,0,0,0,0,0,0,0
EVT001733,EMP0174,Legal,Legal Manager,Medium,1,77,PHISH003,CEO Urgent Payment Request,Business Email Compromise,Hard,Finance,T1566,0,0.3277,0,0,0,0,1,225,0,0
EVT001734,EMP0174,Legal,Legal Manager,Medium,1,77,PHISH004,Package Delivery Notification,Link Phishing,Easy,All,T1566.002,0,0.4484,1,1,0,0,0,0,1,1
EVT001735,EMP0174,Legal,Legal Manager,Medium,1,77,PHISH005,Shared Cloud Document,Cloud Credential Phishing,Medium,All,T1566.003,0,0.4541,1,1,0,1,0,0,1,1
EVT001736,EMP0174,Legal,Legal Manager,Medium,1,77,PHISH006,Fake MFA Verification Request,Identity Phishing,Hard,Information Technology,T1566.002,0,0.4524,0,0,0,0,1,461,1,1
EVT001737,EMP0174,Legal,Legal Manager,Medium,1,77,PHISH007,Payroll Account Verification,Credential Phishing,Medium,Human Resources,T1566.002,0,0.3278,0,0,0,0,0,0,0,0
EVT001738,EMP0174,Legal,Legal Manager,Medium,1,77,PHISH008,QR Code Security Verification,QR Phishing,Hard,All,T1566.002,0,0.2505,0,0,0,0,0,0,0,0
EVT001739,EMP0174,Legal,Legal Manager,Medium,1,77,PHISH009,Resume Attachment,Malicious Attachment Simulation,Medium,Human Resources,T1566.001,0,0.2633,1,0,0,0,0,0,0,0
EVT001740,EMP0174,Legal,Legal Manager,Medium,1,77,PHISH010,IT Helpdesk Account Verification,Credential Phishing,Hard,All,T1566.002,0,0.3945,1,1,0,1,0,0,1,1
EVT001741,EMP0175,Information Technology,IT Support Analyst,Medium,1,62,PHISH001,Microsoft 365 Password Expiration,Credential Phishing,Easy,All,T1566.002,0,0.4017,1,1,0,1,1,714,1,1
EVT001742,EMP0175,Information Technology,IT Support Analyst,Medium,1,62,PHISH002,HR Benefits Update,Malicious Attachment Simulation,Medium,All,T1566.001,0,0.4285,1,0,0,0,0,0,0,0
EVT001743,EMP0175,Information Technology,IT Support Analyst,Medium,1,62,PHISH003,CEO Urgent Payment Request,Business Email Compromise,Hard,Finance,T1566,0,0.3116,1,0,0,0,0,0,1,1
EVT001744,EMP0175,Information Technology,IT Support Analyst,Medium,1,62,PHISH004,Package Delivery Notification,Link Phishing,Easy,All,T1566.002,0,0.4347,1,1,0,0,0,0,1,1
EVT001745,EMP0175,Information Technology,IT Support Analyst,Medium,1,62,PHISH005,Shared Cloud Document,Cloud Credential Phishing,Medium,All,T1566.003,0,0.4703,1,0,0,0,0,0,0,0
EVT001746,EMP0175,Information Technology,IT Support Analyst,Medium,1,62,PHISH006,Fake MFA Verification Request,Identity Phishing,Hard,Information Technology,T1566.002,1,0.4235,1,1,0,1,0,0,1,1
EVT001747,EMP0175,Information Technology,IT Support Analyst,Medium,1,62,PHISH007,Payroll Account Verification,Credential Phishing,Medium,Human Resources,T1566.002,0,0.4153,1,1,0,1,0,0,1,1
EVT001748,EMP0175,Information Technology,IT Support Analyst,Medium,1,62,PHISH008,QR Code Security Verification,QR Phishing,Hard,All,T1566.002,0,0.4844,1,1,0,0,1,640,1,1
EVT001749,EMP0175,Information Technology,IT Support Analyst,Medium,1,62,PHISH009,Resume Attachment,Malicious Attachment Simulation,Medium,Human Resources,T1566.001,0,0.4167,1,0,0,0,1,331,0,0
EVT001750,EMP0175,Information Technology,IT Support Analyst,Medium,1,62,PHISH010,IT Helpdesk Account Verification,Credential Phishing,Hard,All,T1566.002,0,0.3018,1,0,0,0,1,145,0,0
EVT001751,EMP0176,Marketing,Marketing Manager,Low,0,86,PHISH001,Microsoft 365 Password Expiration,Credential Phishing,Easy,All,T1566.002,0,0.2213,1,0,0,0,1,375,0,0
EVT001752,EMP0176,Marketing,Marketing Manager,Low,0,86,PHISH002,HR Benefits Update,Malicious Attachment Simulation,Medium,All,T1566.001,0,0.1598,1,0,0,0,0,0,0,0
EVT001753,EMP0176,Marketing,Marketing Manager,Low,0,86,PHISH003,CEO Urgent Payment Request,Business Email Compromise,Hard,Finance,T1566,0,0.3405,1,0,0,0,0,0,0,0
EVT001754,EMP0176,Marketing,Marketing Manager,Low,0,86,PHISH004,Package Delivery Notification,Link Phishing,Easy,All,T1566.002,0,0.373,1,0,0,0,1,170,0,0
EVT001755,EMP0176,Marketing,Marketing Manager,Low,0,86,PHISH005,Shared Cloud Document,Cloud Credential Phishing,Medium,All,T1566.003,0,0.3428,1,1,0,1,0,0,1,1
EVT001756,EMP0176,Marketing,Marketing Manager,Low,0,86,PHISH006,Fake MFA Verification Request,Identity Phishing,Hard,Information Technology,T1566.002,0,0.3561,1,1,0,1,0,0,1,1
EVT001757,EMP0176,Marketing,Marketing Manager,Low,0,86,PHISH007,Payroll Account Verification,Credential Phishing,Medium,Human Resources,T1566.002,0,0.3441,1,0,0,0,0,0,0,0
EVT001758,EMP0176,Marketing,Marketing Manager,Low,0,86,PHISH008,QR Code Security Verification,QR Phishing,Hard,All,T1566.002,0,0.3298,1,1,0,0,0,0,1,1
EVT001759,EMP0176,Marketing,Marketing Manager,Low,0,86,PHISH009,Resume Attachment,Malicious Attachment Simulation,Medium,Human Resources,T1566.001,0,0.2764,0,0,0,0,0,0,1,1
EVT001760,EMP0176,Marketing,Marketing Manager,Low,0,86,PHISH010,IT Helpdesk Account Verification,Credential Phishing,Hard,All,T1566.002,0,0.2777,1,0,0,0,0,0,0,0
EVT001761,EMP0177,Sales,Sales Representative,Medium,1,82,PHISH001,Microsoft 365 Password Expiration,Credential Phishing,Easy,All,T1566.002,0,0.1233,1,0,0,0,1,266,0,0
EVT001762,EMP0177,Sales,Sales Representative,Medium,1,82,PHISH002,HR Benefits Update,Malicious Attachment Simulation,Medium,All,T1566.001,0,0.1712,1,0,0,0,1,363,0,0
EVT001763,EMP0177,Sales,Sales Representative,Medium,1,82,PHISH003,CEO Urgent Payment Request,Business Email Compromise,Hard,Finance,T1566,0,0.2022,1,0,0,0,1,175,0,0
EVT001764,EMP0177,Sales,Sales Representative,Medium,1,82,PHISH004,Package Delivery Notification,Link Phishing,Easy,All,T1566.002,0,0.03,1,0,0,0,1,186,0,0
EVT001765,EMP0177,Sales,Sales Representative,Medium,1,82,PHISH005,Shared Cloud Document,Cloud Credential Phishing,Medium,All,T1566.003,0,0.0933,1,0,0,0,0,0,0,0
EVT001766,EMP0177,Sales,Sales Representative,Medium,1,82,PHISH006,Fake MFA Verification Request,Identity Phishing,Hard,Information Technology,T1566.002,0,0.1106,1,0,0,0,1,206,0,0
EVT001767,EMP0177,Sales,Sales Representative,Medium,1,82,PHISH007,Payroll Account Verification,Credential Phishing,Medium,Human Resources,T1566.002,0,0.1268,0,0,0,0,1,334,1,1
EVT001768,EMP0177,Sales,Sales Representative,Medium,1,82,PHISH008,QR Code Security Verification,QR Phishing,Hard,All,T1566.002,0,0.2476,1,0,0,0,1,274,0,0
EVT001769,EMP0177,Sales,Sales Representative,Medium,1,82,PHISH009,Resume Attachment,Malicious Attachment Simulation,Medium,Human Resources,T1566.001,0,0.1146,1,0,0,0,0,0,0,0
EVT001770,EMP0177,Sales,Sales Representative,Medium,1,82,PHISH010,IT Helpdesk Account Verification,Credential Phishing,Hard,All,T1566.002,0,0.1334,1,0,0,0,1,67,0,0
EVT001771,EMP0178,Marketing,Digital Marketing Analyst,Medium,1,66,PHISH001,Microsoft 365 Password Expiration,Credential Phishing,Easy,All,T1566.002,0,0.4217,0,0,0,0,0,0,0,0
EVT001772,EMP0178,Marketing,Digital Marketing Analyst,Medium,1,66,PHISH002,HR Benefits Update,Malicious Attachment Simulation,Medium,All,T1566.001,0,0.2467,1,0,0,0,0,0,0,0
EVT001773,EMP0178,Marketing,Digital Marketing Analyst,Medium,1,66,PHISH003,CEO Urgent Payment Request,Business Email Compromise,Hard,Finance,T1566,0,0.2846,1,0,0,0,0,0,0,0
EVT001774,EMP0178,Marketing,Digital Marketing Analyst,Medium,1,66,PHISH004,Package Delivery Notification,Link Phishing,Easy,All,T1566.002,0,0.3405,0,0,0,0,1,241,0,0
EVT001775,EMP0178,Marketing,Digital Marketing Analyst,Medium,1,66,PHISH005,Shared Cloud Document,Cloud Credential Phishing,Medium,All,T1566.003,0,0.3941,1,1,0,1,0,0,1,1
EVT001776,EMP0178,Marketing,Digital Marketing Analyst,Medium,1,66,PHISH006,Fake MFA Verification Request,Identity Phishing,Hard,Information Technology,T1566.002,0,0.2808,1,0,0,0,1,65,0,0
EVT001777,EMP0178,Marketing,Digital Marketing Analyst,Medium,1,66,PHISH007,Payroll Account Verification,Credential Phishing,Medium,Human Resources,T1566.002,0,0.2895,1,0,0,0,1,310,0,0
EVT001778,EMP0178,Marketing,Digital Marketing Analyst,Medium,1,66,PHISH008,QR Code Security Verification,QR Phishing,Hard,All,T1566.002,0,0.2062,1,0,0,0,0,0,0,0
EVT001779,EMP0178,Marketing,Digital Marketing Analyst,Medium,1,66,PHISH009,Resume Attachment,Malicious Attachment Simulation,Medium,Human Resources,T1566.001,0,0.199,1,0,1,0,1,592,1,1
EVT001780,EMP0178,Marketing,Digital Marketing Analyst,Medium,1,66,PHISH010,IT Helpdesk Account Verification,Credential Phishing,Hard,All,T1566.002,0,0.3634,0,0,0,0,0,0,0,0
EVT001781,EMP0179,Marketing,Marketing Specialist,Low,1,66,PHISH001,Microsoft 365 Password Expiration,Credential Phishing,Easy,All,T1566.002,0,0.3422,0,0,0,0,0,0,0,0
EVT001782,EMP0179,Marketing,Marketing Specialist,Low,1,66,PHISH002,HR Benefits Update,Malicious Attachment Simulation,Medium,All,T1566.001,0,0.2376,1,0,0,0,0,0,0,0
EVT001783,EMP0179,Marketing,Marketing Specialist,Low,1,66,PHISH003,CEO Urgent Payment Request,Business Email Compromise,Hard,Finance,T1566,0,0.2411,1,0,0,0,1,152,1,1
EVT001784,EMP0179,Marketing,Marketing Specialist,Low,1,66,PHISH004,Package Delivery Notification,Link Phishing,Easy,All,T1566.002,0,0.2359,1,0,0,0,1,70,0,0
EVT001785,EMP0179,Marketing,Marketing Specialist,Low,1,66,PHISH005,Shared Cloud Document,Cloud Credential Phishing,Medium,All,T1566.003,0,0.1943,1,1,0,0,0,0,1,1
EVT001786,EMP0179,Marketing,Marketing Specialist,Low,1,66,PHISH006,Fake MFA Verification Request,Identity Phishing,Hard,Information Technology,T1566.002,0,0.3257,1,0,0,0,0,0,0,0
EVT001787,EMP0179,Marketing,Marketing Specialist,Low,1,66,PHISH007,Payroll Account Verification,Credential Phishing,Medium,Human Resources,T1566.002,0,0.3867,0,0,0,0,1,727,0,0
EVT001788,EMP0179,Marketing,Marketing Specialist,Low,1,66,PHISH008,QR Code Security Verification,QR Phishing,Hard,All,T1566.002,0,0.2933,1,0,0,0,0,0,0,0
EVT001789,EMP0179,Marketing,Marketing Specialist,Low,1,66,PHISH009,Resume Attachment,Malicious Attachment Simulation,Medium,Human Resources,T1566.001,0,0.2681,1,0,0,0,0,0,0,0
EVT001790,EMP0179,Marketing,Marketing Specialist,Low,1,66,PHISH010,IT Helpdesk Account Verification,Credential Phishing,Hard,All,T1566.002,0,0.2836,1,0,0,0,1,373,0,0
EVT001791,EMP0180,Marketing,Digital Marketing Analyst,Low,0,84,PHISH001,Microsoft 365 Password Expiration,Credential Phishing,Easy,All,T1566.002,0,0.4929,1,0,0,0,0,0,0,0
EVT001792,EMP0180,Marketing,Digital Marketing Analyst,Low,0,84,PHISH002,HR Benefits Update,Malicious Attachment Simulation,Medium,All,T1566.001,0,0.4522,1,0,1,0,0,0,1,1
EVT001793,EMP0180,Marketing,Digital Marketing Analyst,Low,0,84,PHISH003,CEO Urgent Payment Request,Business Email Compromise,Hard,Finance,T1566,0,0.5878,1,0,0,0,1,181,1,1
EVT001794,EMP0180,Marketing,Digital Marketing Analyst,Low,0,84,PHISH004,Package Delivery Notification,Link Phishing,Easy,All,T1566.002,0,0.5946,1,1,0,0,0,0,1,1
EVT001795,EMP0180,Marketing,Digital Marketing Analyst,Low,0,84,PHISH005,Shared Cloud Document,Cloud Credential Phishing,Medium,All,T1566.003,0,0.4792,1,0,0,0,0,0,0,0
EVT001796,EMP0180,Marketing,Digital Marketing Analyst,Low,0,84,PHISH006,Fake MFA Verification Request,Identity Phishing,Hard,Information Technology,T1566.002,0,0.3043,1,1,0,1,0,0,1,1
EVT001797,EMP0180,Marketing,Digital Marketing Analyst,Low,0,84,PHISH007,Payroll Account Verification,Credential Phishing,Medium,Human Resources,T1566.002,0,0.4381,1,1,0,0,1,148,1,1
EVT001798,EMP0180,Marketing,Digital Marketing Analyst,Low,0,84,PHISH008,QR Code Security Verification,QR Phishing,Hard,All,T1566.002,0,0.4607,1,0,0,0,1,726,0,0
EVT001799,EMP0180,Marketing,Digital Marketing Analyst,Low,0,84,PHISH009,Resume Attachment,Malicious Attachment Simulation,Medium,Human Resources,T1566.001,0,0.491,1,0,0,0,1,117,0,0
EVT001800,EMP0180,Marketing,Digital Marketing Analyst,Low,0,84,PHISH010,IT Helpdesk Account Verification,Credential Phishing,Hard,All,T1566.002,0,0.4282,1,1,0,1,0,0,1,1
EVT001801,EMP0181,Marketing,Digital Marketing Analyst,Low,1,76,PHISH001,Microsoft 365 Password Expiration,Credential Phishing,Easy,All,T1566.002,0,0.2868,1,0,0,0,1,171,0,0
EVT001802,EMP0181,Marketing,Digital Marketing Analyst,Low,1,76,PHISH002,HR Benefits Update,Malicious Attachment Simulation,Medium,All,T1566.001,0,0.2016,1,0,1,0,0,0,1,1
EVT001803,EMP0181,Marketing,Digital Marketing Analyst,Low,1,76,PHISH003,CEO Urgent Payment Request,Business Email Compromise,Hard,Finance,T1566,0,0.1896,1,0,0,0,0,0,0,0
EVT001804,EMP0181,Marketing,Digital Marketing Analyst,Low,1,76,PHISH004,Package Delivery Notification,Link Phishing,Easy,All,T1566.002,0,0.2216,1,0,0,0,1,1294,0,0
EVT001805,EMP0181,Marketing,Digital Marketing Analyst,Low,1,76,PHISH005,Shared Cloud Document,Cloud Credential Phishing,Medium,All,T1566.003,0,0.2554,1,0,0,0,0,0,0,0
EVT001806,EMP0181,Marketing,Digital Marketing Analyst,Low,1,76,PHISH006,Fake MFA Verification Request,Identity Phishing,Hard,Information Technology,T1566.002,0,0.1956,0,0,0,0,1,167,0,0
EVT001807,EMP0181,Marketing,Digital Marketing Analyst,Low,1,76,PHISH007,Payroll Account Verification,Credential Phishing,Medium,Human Resources,T1566.002,0,0.1709,1,0,0,0,1,283,0,0
EVT001808,EMP0181,Marketing,Digital Marketing Analyst,Low,1,76,PHISH008,QR Code Security Verification,QR Phishing,Hard,All,T1566.002,0,0.1443,1,0,0,0,1,135,0,0
EVT001809,EMP0181,Marketing,Digital Marketing Analyst,Low,1,76,PHISH009,Resume Attachment,Malicious Attachment Simulation,Medium,Human Resources,T1566.001,0,0.162,1,0,0,0,0,0,0,0
EVT001810,EMP0181,Marketing,Digital Marketing Analyst,Low,1,76,PHISH010,IT Helpdesk Account Verification,Credential Phishing,Hard,All,T1566.002,0,0.2245,1,0,0,0,0,0,0,0
EVT001811,EMP0182,Legal,Compliance Analyst,High,1,65,PHISH001,Microsoft 365 Password Expiration,Credential Phishing,Easy,All,T1566.002,0,0.352,0,0,0,0,0,0,1,1
EVT001812,EMP0182,Legal,Compliance Analyst,High,1,65,PHISH002,HR Benefits Update,Malicious Attachment Simulation,Medium,All,T1566.001,0,0.2033,1,0,0,0,0,0,0,0
EVT001813,EMP0182,Legal,Compliance Analyst,High,1,65,PHISH003,CEO Urgent Payment Request,Business Email Compromise,Hard,Finance,T1566,0,0.1913,1,0,0,0,1,310,0,0
EVT001814,EMP0182,Legal,Compliance Analyst,High,1,65,PHISH004,Package Delivery Notification,Link Phishing,Easy,All,T1566.002,0,0.1744,1,0,0,0,1,293,0,0
EVT001815,EMP0182,Legal,Compliance Analyst,High,1,65,PHISH005,Shared Cloud Document,Cloud Credential Phishing,Medium,All,T1566.003,0,0.3712,1,0,0,0,1,277,0,0
EVT001816,EMP0182,Legal,Compliance Analyst,High,1,65,PHISH006,Fake MFA Verification Request,Identity Phishing,Hard,Information Technology,T1566.002,0,0.3069,1,0,0,0,1,190,0,0
EVT001817,EMP0182,Legal,Compliance Analyst,High,1,65,PHISH007,Payroll Account Verification,Credential Phishing,Medium,Human Resources,T1566.002,0,0.2667,1,1,0,0,1,288,1,1
EVT001818,EMP0182,Legal,Compliance Analyst,High,1,65,PHISH008,QR Code Security Verification,QR Phishing,Hard,All,T1566.002,0,0.3129,0,0,0,0,1,152,0,0
EVT001819,EMP0182,Legal,Compliance Analyst,High,1,65,PHISH009,Resume Attachment,Malicious Attachment Simulation,Medium,Human Resources,T1566.001,0,0.205,1,0,0,0,0,0,0,0
EVT001820,EMP0182,Legal,Compliance Analyst,High,1,65,PHISH010,IT Helpdesk Account Verification,Credential Phishing,Hard,All,T1566.002,0,0.2807,1,0,0,0,1,502,0,0
EVT001821,EMP0183,Marketing,Marketing Manager,Low,1,69,PHISH001,Microsoft 365 Password Expiration,Credential Phishing,Easy,All,T1566.002,0,0.2758,0,0,0,0,1,71,0,0
EVT001822,EMP0183,Marketing,Marketing Manager,Low,1,69,PHISH002,HR Benefits Update,Malicious Attachment Simulation,Medium,All,T1566.001,0,0.4151,0,0,0,0,0,0,0,0
EVT001823,EMP0183,Marketing,Marketing Manager,Low,1,69,PHISH003,CEO Urgent Payment Request,Business Email Compromise,Hard,Finance,T1566,0,0.3453,0,0,0,0,0,0,0,0
EVT001824,EMP0183,Marketing,Marketing Manager,Low,1,69,PHISH004,Package Delivery Notification,Link Phishing,Easy,All,T1566.002,0,0.2495,1,1,0,0,0,0,1,1
EVT001825,EMP0183,Marketing,Marketing Manager,Low,1,69,PHISH005,Shared Cloud Document,Cloud Credential Phishing,Medium,All,T1566.003,0,0.303,1,1,0,1,0,0,1,1
EVT001826,EMP0183,Marketing,Marketing Manager,Low,1,69,PHISH006,Fake MFA Verification Request,Identity Phishing,Hard,Information Technology,T1566.002,0,0.175,1,0,0,0,1,249,0,0
EVT001827,EMP0183,Marketing,Marketing Manager,Low,1,69,PHISH007,Payroll Account Verification,Credential Phishing,Medium,Human Resources,T1566.002,0,0.2584,1,1,0,1,0,0,1,1
EVT001828,EMP0183,Marketing,Marketing Manager,Low,1,69,PHISH008,QR Code Security Verification,QR Phishing,Hard,All,T1566.002,0,0.3398,1,0,0,0,0,0,0,0
EVT001829,EMP0183,Marketing,Marketing Manager,Low,1,69,PHISH009,Resume Attachment,Malicious Attachment Simulation,Medium,Human Resources,T1566.001,0,0.3795,1,0,1,0,0,0,1,1
EVT001830,EMP0183,Marketing,Marketing Manager,Low,1,69,PHISH010,IT Helpdesk Account Verification,Credential Phishing,Hard,All,T1566.002,0,0.3673,1,0,0,0,0,0,0,0
EVT001831,EMP0184,Executive,Director,Privileged,1,80,PHISH001,Microsoft 365 Password Expiration,Credential Phishing,Easy,All,T1566.002,0,0.2485,1,0,0,0,0,0,0,0
EVT001832,EMP0184,Executive,Director,Privileged,1,80,PHISH002,HR Benefits Update,Malicious Attachment Simulation,Medium,All,T1566.001,0,0.3538,1,0,0,0,0,0,0,0
EVT001833,EMP0184,Executive,Director,Privileged,1,80,PHISH003,CEO Urgent Payment Request,Business Email Compromise,Hard,Finance,T1566,0,0.2535,1,0,0,0,1,117,0,0
EVT001834,EMP0184,Executive,Director,Privileged,1,80,PHISH004,Package Delivery Notification,Link Phishing,Easy,All,T1566.002,0,0.2678,1,0,0,0,0,0,0,0
EVT001835,EMP0184,Executive,Director,Privileged,1,80,PHISH005,Shared Cloud Document,Cloud Credential Phishing,Medium,All,T1566.003,0,0.2289,1,0,0,0,1,785,0,0
EVT001836,EMP0184,Executive,Director,Privileged,1,80,PHISH006,Fake MFA Verification Request,Identity Phishing,Hard,Information Technology,T1566.002,0,0.2582,1,1,0,0,1,391,1,1
EVT001837,EMP0184,Executive,Director,Privileged,1,80,PHISH007,Payroll Account Verification,Credential Phishing,Medium,Human Resources,T1566.002,0,0.2864,1,0,0,0,0,0,0,0
EVT001838,EMP0184,Executive,Director,Privileged,1,80,PHISH008,QR Code Security Verification,QR Phishing,Hard,All,T1566.002,0,0.4017,0,0,0,0,0,0,0,0
EVT001839,EMP0184,Executive,Director,Privileged,1,80,PHISH009,Resume Attachment,Malicious Attachment Simulation,Medium,Human Resources,T1566.001,0,0.3114,1,0,0,0,1,337,0,0
EVT001840,EMP0184,Executive,Director,Privileged,1,80,PHISH010,IT Helpdesk Account Verification,Credential Phishing,Hard,All,T1566.002,0,0.3357,0,0,0,0,0,0,1,1
EVT001841,EMP0185,Marketing,Digital Marketing Analyst,Low,1,85,PHISH001,Microsoft 365 Password Expiration,Credential Phishing,Easy,All,T1566.002,0,0.1721,1,1,0,1,0,0,1,1
EVT001842,EMP0185,Marketing,Digital Marketing Analyst,Low,1,85,PHISH002,HR Benefits Update,Malicious Attachment Simulation,Medium,All,T1566.001,0,0.2109,1,0,1,0,1,359,1,1
EVT001843,EMP0185,Marketing,Digital Marketing Analyst,Low,1,85,PHISH003,CEO Urgent Payment Request,Business Email Compromise,Hard,Finance,T1566,0,0.2147,1,0,0,0,1,56,1,1
EVT001844,EMP0185,Marketing,Digital Marketing Analyst,Low,1,85,PHISH004,Package Delivery Notification,Link Phishing,Easy,All,T1566.002,0,0.1724,1,0,0,0,0,0,0,0
EVT001845,EMP0185,Marketing,Digital Marketing Analyst,Low,1,85,PHISH005,Shared Cloud Document,Cloud Credential Phishing,Medium,All,T1566.003,0,0.3358,1,1,0,0,0,0,1,1
EVT001846,EMP0185,Marketing,Digital Marketing Analyst,Low,1,85,PHISH006,Fake MFA Verification Request,Identity Phishing,Hard,Information Technology,T1566.002,0,0.1973,1,0,0,0,0,0,0,0
EVT001847,EMP0185,Marketing,Digital Marketing Analyst,Low,1,85,PHISH007,Payroll Account Verification,Credential Phishing,Medium,Human Resources,T1566.002,0,0.2424,1,0,0,0,1,136,0,0
EVT001848,EMP0185,Marketing,Digital Marketing Analyst,Low,1,85,PHISH008,QR Code Security Verification,QR Phishing,Hard,All,T1566.002,0,0.222,1,0,0,0,1,645,0,0
EVT001849,EMP0185,Marketing,Digital Marketing Analyst,Low,1,85,PHISH009,Resume Attachment,Malicious Attachment Simulation,Medium,Human Resources,T1566.001,0,0.1985,1,0,0,0,1,319,0,0
EVT001850,EMP0185,Marketing,Digital Marketing Analyst,Low,1,85,PHISH010,IT Helpdesk Account Verification,Credential Phishing,Hard,All,T1566.002,0,0.2226,1,0,0,0,1,407,0,0
EVT001851,EMP0186,Marketing,Digital Marketing Analyst,Medium,1,87,PHISH001,Microsoft 365 Password Expiration,Credential Phishing,Easy,All,T1566.002,0,0.1028,1,0,0,0,1,64,0,0
EVT001852,EMP0186,Marketing,Digital Marketing Analyst,Medium,1,87,PHISH002,HR Benefits Update,Malicious Attachment Simulation,Medium,All,T1566.001,0,0.1219,1,0,0,0,1,276,0,0
EVT001853,EMP0186,Marketing,Digital Marketing Analyst,Medium,1,87,PHISH003,CEO Urgent Payment Request,Business Email Compromise,Hard,Finance,T1566,0,0.1703,1,0,0,0,0,0,1,1
EVT001854,EMP0186,Marketing,Digital Marketing Analyst,Medium,1,87,PHISH004,Package Delivery Notification,Link Phishing,Easy,All,T1566.002,0,0.1858,1,0,0,0,0,0,0,0
EVT001855,EMP0186,Marketing,Digital Marketing Analyst,Medium,1,87,PHISH005,Shared Cloud Document,Cloud Credential Phishing,Medium,All,T1566.003,0,0.2571,0,0,0,0,1,497,0,0
EVT001856,EMP0186,Marketing,Digital Marketing Analyst,Medium,1,87,PHISH006,Fake MFA Verification Request,Identity Phishing,Hard,Information Technology,T1566.002,0,0.3252,0,0,0,0,1,227,0,0
EVT001857,EMP0186,Marketing,Digital Marketing Analyst,Medium,1,87,PHISH007,Payroll Account Verification,Credential Phishing,Medium,Human Resources,T1566.002,0,0.2249,1,0,0,0,0,0,0,0
EVT001858,EMP0186,Marketing,Digital Marketing Analyst,Medium,1,87,PHISH008,QR Code Security Verification,QR Phishing,Hard,All,T1566.002,0,0.3345,1,0,0,0,0,0,0,0
EVT001859,EMP0186,Marketing,Digital Marketing Analyst,Medium,1,87,PHISH009,Resume Attachment,Malicious Attachment Simulation,Medium,Human Resources,T1566.001,0,0.1623,1,0,1,0,1,194,1,1
EVT001860,EMP0186,Marketing,Digital Marketing Analyst,Medium,1,87,PHISH010,IT Helpdesk Account Verification,Credential Phishing,Hard,All,T1566.002,0,0.2894,1,0,0,0,1,126,0,0
EVT001861,EMP0187,Information Technology,System Administrator,Medium,1,59,PHISH001,Microsoft 365 Password Expiration,Credential Phishing,Easy,All,T1566.002,0,0.2501,1,1,0,0,0,0,1,1
EVT001862,EMP0187,Information Technology,System Administrator,Medium,1,59,PHISH002,HR Benefits Update,Malicious Attachment Simulation,Medium,All,T1566.001,0,0.3369,1,0,0,0,0,0,0,0
EVT001863,EMP0187,Information Technology,System Administrator,Medium,1,59,PHISH003,CEO Urgent Payment Request,Business Email Compromise,Hard,Finance,T1566,0,0.3024,1,0,0,0,0,0,1,1
EVT001864,EMP0187,Information Technology,System Administrator,Medium,1,59,PHISH004,Package Delivery Notification,Link Phishing,Easy,All,T1566.002,0,0.3218,1,0,0,0,1,95,0,0
EVT001865,EMP0187,Information Technology,System Administrator,Medium,1,59,PHISH005,Shared Cloud Document,Cloud Credential Phishing,Medium,All,T1566.003,0,0.3555,1,0,0,0,1,214,0,0
EVT001866,EMP0187,Information Technology,System Administrator,Medium,1,59,PHISH006,Fake MFA Verification Request,Identity Phishing,Hard,Information Technology,T1566.002,1,0.5123,1,0,0,0,1,330,0,0
EVT001867,EMP0187,Information Technology,System Administrator,Medium,1,59,PHISH007,Payroll Account Verification,Credential Phishing,Medium,Human Resources,T1566.002,0,0.4193,0,0,0,0,1,417,1,1
EVT001868,EMP0187,Information Technology,System Administrator,Medium,1,59,PHISH008,QR Code Security Verification,QR Phishing,Hard,All,T1566.002,0,0.4047,1,0,0,0,1,245,0,0
EVT001869,EMP0187,Information Technology,System Administrator,Medium,1,59,PHISH009,Resume Attachment,Malicious Attachment Simulation,Medium,Human Resources,T1566.001,0,0.3654,1,0,0,0,1,147,0,0
EVT001870,EMP0187,Information Technology,System Administrator,Medium,1,59,PHISH010,IT Helpdesk Account Verification,Credential Phishing,Hard,All,T1566.002,0,0.4356,1,1,0,1,0,0,1,1
EVT001871,EMP0188,Finance,Accountant,Medium,1,94,PHISH001,Microsoft 365 Password Expiration,Credential Phishing,Easy,All,T1566.002,0,0.2209,1,0,0,0,0,0,0,0
EVT001872,EMP0188,Finance,Accountant,Medium,1,94,PHISH002,HR Benefits Update,Malicious Attachment Simulation,Medium,All,T1566.001,0,0.1637,1,0,1,0,1,255,1,1
EVT001873,EMP0188,Finance,Accountant,Medium,1,94,PHISH003,CEO Urgent Payment Request,Business Email Compromise,Hard,Finance,T1566,1,0.0737,1,0,0,0,1,427,0,0
EVT001874,EMP0188,Finance,Accountant,Medium,1,94,PHISH004,Package Delivery Notification,Link Phishing,Easy,All,T1566.002,0,0.2552,1,0,0,0,1,136,0,0
EVT001875,EMP0188,Finance,Accountant,Medium,1,94,PHISH005,Shared Cloud Document,Cloud Credential Phishing,Medium,All,T1566.003,0,0.1898,1,0,0,0,1,326,0,0
EVT001876,EMP0188,Finance,Accountant,Medium,1,94,PHISH006,Fake MFA Verification Request,Identity Phishing,Hard,Information Technology,T1566.002,0,0.2255,1,1,0,0,0,0,1,1
EVT001877,EMP0188,Finance,Accountant,Medium,1,94,PHISH007,Payroll Account Verification,Credential Phishing,Medium,Human Resources,T1566.002,0,0.1634,1,1,0,0,1,129,1,1
EVT001878,EMP0188,Finance,Accountant,Medium,1,94,PHISH008,QR Code Security Verification,QR Phishing,Hard,All,T1566.002,0,0.2728,1,0,0,0,0,0,0,0
EVT001879,EMP0188,Finance,Accountant,Medium,1,94,PHISH009,Resume Attachment,Malicious Attachment Simulation,Medium,Human Resources,T1566.001,0,0.1669,1,0,0,0,1,318,0,0
EVT001880,EMP0188,Finance,Accountant,Medium,1,94,PHISH010,IT Helpdesk Account Verification,Credential Phishing,Hard,All,T1566.002,0,0.2315,1,1,0,1,0,0,1,1
EVT001881,EMP0189,Human Resources,HR Manager,High,1,84,PHISH001,Microsoft 365 Password Expiration,Credential Phishing,Easy,All,T1566.002,0,0.3195,1,0,0,0,1,429,0,0
EVT001882,EMP0189,Human Resources,HR Manager,High,1,84,PHISH002,HR Benefits Update,Malicious Attachment Simulation,Medium,All,T1566.001,0,0.2236,1,0,0,0,1,191,0,0
EVT001883,EMP0189,Human Resources,HR Manager,High,1,84,PHISH003,CEO Urgent Payment Request,Business Email Compromise,Hard,Finance,T1566,0,0.3331,1,0,0,0,0,0,0,0
EVT001884,EMP0189,Human Resources,HR Manager,High,1,84,PHISH004,Package Delivery Notification,Link Phishing,Easy,All,T1566.002,0,0.3365,1,0,0,0,0,0,0,0
EVT001885,EMP0189,Human Resources,HR Manager,High,1,84,PHISH005,Shared Cloud Document,Cloud Credential Phishing,Medium,All,T1566.003,0,0.2676,1,0,0,0,1,220,0,0
EVT001886,EMP0189,Human Resources,HR Manager,High,1,84,PHISH006,Fake MFA Verification Request,Identity Phishing,Hard,Information Technology,T1566.002,0,0.2567,1,0,0,0,1,171,0,0
EVT001887,EMP0189,Human Resources,HR Manager,High,1,84,PHISH007,Payroll Account Verification,Credential Phishing,Medium,Human Resources,T1566.002,1,0.3617,1,1,0,1,1,139,1,1
EVT001888,EMP0189,Human Resources,HR Manager,High,1,84,PHISH008,QR Code Security Verification,QR Phishing,Hard,All,T1566.002,0,0.2372,1,0,0,0,1,402,0,0
EVT001889,EMP0189,Human Resources,HR Manager,High,1,84,PHISH009,Resume Attachment,Malicious Attachment Simulation,Medium,Human Resources,T1566.001,1,0.3883,0,0,0,0,0,0,1,1
EVT001890,EMP0189,Human Resources,HR Manager,High,1,84,PHISH010,IT Helpdesk Account Verification,Credential Phishing,Hard,All,T1566.002,0,0.2305,1,1,0,0,0,0,1,1
EVT001891,EMP0190,Information Technology,System Administrator,Medium,1,81,PHISH001,Microsoft 365 Password Expiration,Credential Phishing,Easy,All,T1566.002,0,0.2514,1,0,0,0,1,359,0,0
EVT001892,EMP0190,Information Technology,System Administrator,Medium,1,81,PHISH002,HR Benefits Update,Malicious Attachment Simulation,Medium,All,T1566.001,0,0.2761,1,0,1,0,0,0,1,1
EVT001893,EMP0190,Information Technology,System Administrator,Medium,1,81,PHISH003,CEO Urgent Payment Request,Business Email Compromise,Hard,Finance,T1566,0,0.1472,1,0,0,0,0,0,0,0
EVT001894,EMP0190,Information Technology,System Administrator,Medium,1,81,PHISH004,Package Delivery Notification,Link Phishing,Easy,All,T1566.002,0,0.1823,0,0,0,0,1,402,1,1
EVT001895,EMP0190,Information Technology,System Administrator,Medium,1,81,PHISH005,Shared Cloud Document,Cloud Credential Phishing,Medium,All,T1566.003,0,0.2255,1,0,0,0,1,123,0,0
EVT001896,EMP0190,Information Technology,System Administrator,Medium,1,81,PHISH006,Fake MFA Verification Request,Identity Phishing,Hard,Information Technology,T1566.002,1,0.3167,1,0,0,0,0,0,0,0
EVT001897,EMP0190,Information Technology,System Administrator,Medium,1,81,PHISH007,Payroll Account Verification,Credential Phishing,Medium,Human Resources,T1566.002,0,0.1417,0,0,0,0,1,482,0,0
EVT001898,EMP0190,Information Technology,System Administrator,Medium,1,81,PHISH008,QR Code Security Verification,QR Phishing,Hard,All,T1566.002,0,0.2767,1,0,0,0,0,0,0,0
EVT001899,EMP0190,Information Technology,System Administrator,Medium,1,81,PHISH009,Resume Attachment,Malicious Attachment Simulation,Medium,Human Resources,T1566.001,0,0.1707,1,0,0,0,1,163,0,0
EVT001900,EMP0190,Information Technology,System Administrator,Medium,1,81,PHISH010,IT Helpdesk Account Verification,Credential Phishing,Hard,All,T1566.002,0,0.2416,1,0,0,0,1,223,0,0
EVT001901,EMP0191,Finance,Accountant,High,1,58,PHISH001,Microsoft 365 Password Expiration,Credential Phishing,Easy,All,T1566.002,0,0.3785,1,0,0,0,0,0,0,0
EVT001902,EMP0191,Finance,Accountant,High,1,58,PHISH002,HR Benefits Update,Malicious Attachment Simulation,Medium,All,T1566.001,0,0.411,1,0,1,0,1,221,1,1
EVT001903,EMP0191,Finance,Accountant,High,1,58,PHISH003,CEO Urgent Payment Request,Business Email Compromise,Hard,Finance,T1566,1,0.529,0,0,0,0,0,0,0,0
EVT001904,EMP0191,Finance,Accountant,High,1,58,PHISH004,Package Delivery Notification,Link Phishing,Easy,All,T1566.002,0,0.339,0,0,0,0,0,0,0,0
EVT001905,EMP0191,Finance,Accountant,High,1,58,PHISH005,Shared Cloud Document,Cloud Credential Phishing,Medium,All,T1566.003,0,0.427,1,0,0,0,0,0,0,0
EVT001906,EMP0191,Finance,Accountant,High,1,58,PHISH006,Fake MFA Verification Request,Identity Phishing,Hard,Information Technology,T1566.002,0,0.4309,1,0,0,0,0,0,0,0
EVT001907,EMP0191,Finance,Accountant,High,1,58,PHISH007,Payroll Account Verification,Credential Phishing,Medium,Human Resources,T1566.002,0,0.3827,1,0,0,0,0,0,0,0
EVT001908,EMP0191,Finance,Accountant,High,1,58,PHISH008,QR Code Security Verification,QR Phishing,Hard,All,T1566.002,0,0.463,1,0,0,0,0,0,0,0
EVT001909,EMP0191,Finance,Accountant,High,1,58,PHISH009,Resume Attachment,Malicious Attachment Simulation,Medium,Human Resources,T1566.001,0,0.3233,1,0,0,0,0,0,0,0
EVT001910,EMP0191,Finance,Accountant,High,1,58,PHISH010,IT Helpdesk Account Verification,Credential Phishing,Hard,All,T1566.002,0,0.415,1,0,0,0,0,0,0,0
EVT001911,EMP0192,Legal,Legal Assistant,High,1,80,PHISH001,Microsoft 365 Password Expiration,Credential Phishing,Easy,All,T1566.002,0,0.3252,1,0,0,0,0,0,0,0
EVT001912,EMP0192,Legal,Legal Assistant,High,1,80,PHISH002,HR Benefits Update,Malicious Attachment Simulation,Medium,All,T1566.001,0,0.2962,0,0,0,0,1,195,1,1
EVT001913,EMP0192,Legal,Legal Assistant,High,1,80,PHISH003,CEO Urgent Payment Request,Business Email Compromise,Hard,Finance,T1566,0,0.3095,0,0,0,0,0,0,0,0
EVT001914,EMP0192,Legal,Legal Assistant,High,1,80,PHISH004,Package Delivery Notification,Link Phishing,Easy,All,T1566.002,0,0.1955,1,0,0,0,1,429,0,0
EVT001915,EMP0192,Legal,Legal Assistant,High,1,80,PHISH005,Shared Cloud Document,Cloud Credential Phishing,Medium,All,T1566.003,0,0.2374,1,0,0,0,1,248,0,0
EVT001916,EMP0192,Legal,Legal Assistant,High,1,80,PHISH006,Fake MFA Verification Request,Identity Phishing,Hard,Information Technology,T1566.002,0,0.2588,1,1,0,0,0,0,1,1
EVT001917,EMP0192,Legal,Legal Assistant,High,1,80,PHISH007,Payroll Account Verification,Credential Phishing,Medium,Human Resources,T1566.002,0,0.257,1,0,0,0,0,0,0,0
EVT001918,EMP0192,Legal,Legal Assistant,High,1,80,PHISH008,QR Code Security Verification,QR Phishing,Hard,All,T1566.002,0,0.2176,0,0,0,0,0,0,0,0
EVT001919,EMP0192,Legal,Legal Assistant,High,1,80,PHISH009,Resume Attachment,Malicious Attachment Simulation,Medium,Human Resources,T1566.001,0,0.1798,1,0,0,0,1,182,0,0
EVT001920,EMP0192,Legal,Legal Assistant,High,1,80,PHISH010,IT Helpdesk Account Verification,Credential Phishing,Hard,All,T1566.002,0,0.1569,1,0,0,0,1,238,0,0
EVT001921,EMP0193,Legal,Compliance Analyst,High,1,70,PHISH001,Microsoft 365 Password Expiration,Credential Phishing,Easy,All,T1566.002,0,0.2433,1,0,0,0,1,67,0,0
EVT001922,EMP0193,Legal,Compliance Analyst,High,1,70,PHISH002,HR Benefits Update,Malicious Attachment Simulation,Medium,All,T1566.001,0,0.3395,1,0,0,0,0,0,0,0
EVT001923,EMP0193,Legal,Compliance Analyst,High,1,70,PHISH003,CEO Urgent Payment Request,Business Email Compromise,Hard,Finance,T1566,0,0.3062,1,0,0,0,0,0,1,1
EVT001924,EMP0193,Legal,Compliance Analyst,High,1,70,PHISH004,Package Delivery Notification,Link Phishing,Easy,All,T1566.002,0,0.2982,1,1,0,0,0,0,1,1
EVT001925,EMP0193,Legal,Compliance Analyst,High,1,70,PHISH005,Shared Cloud Document,Cloud Credential Phishing,Medium,All,T1566.003,0,0.2645,1,0,0,0,0,0,0,0
EVT001926,EMP0193,Legal,Compliance Analyst,High,1,70,PHISH006,Fake MFA Verification Request,Identity Phishing,Hard,Information Technology,T1566.002,0,0.3111,1,1,0,1,1,361,1,1
EVT001927,EMP0193,Legal,Compliance Analyst,High,1,70,PHISH007,Payroll Account Verification,Credential Phishing,Medium,Human Resources,T1566.002,0,0.296,0,0,0,0,1,325,0,0
EVT001928,EMP0193,Legal,Compliance Analyst,High,1,70,PHISH008,QR Code Security Verification,QR Phishing,Hard,All,T1566.002,0,0.2879,1,1,0,0,0,0,1,1
EVT001929,EMP0193,Legal,Compliance Analyst,High,1,70,PHISH009,Resume Attachment,Malicious Attachment Simulation,Medium,Human Resources,T1566.001,0,0.1983,1,0,0,0,0,0,0,0
EVT001930,EMP0193,Legal,Compliance Analyst,High,1,70,PHISH010,IT Helpdesk Account Verification,Credential Phishing,Hard,All,T1566.002,0,0.2691,1,0,0,0,1,194,0,0
EVT001931,EMP0194,Operations,Operations Specialist,Medium,1,65,PHISH001,Microsoft 365 Password Expiration,Credential Phishing,Easy,All,T1566.002,0,0.2836,0,0,0,0,0,0,0,0
EVT001932,EMP0194,Operations,Operations Specialist,Medium,1,65,PHISH002,HR Benefits Update,Malicious Attachment Simulation,Medium,All,T1566.001,0,0.2337,1,0,0,0,1,103,0,0
EVT001933,EMP0194,Operations,Operations Specialist,Medium,1,65,PHISH003,CEO Urgent Payment Request,Business Email Compromise,Hard,Finance,T1566,0,0.3683,1,0,0,0,1,40,1,1
EVT001934,EMP0194,Operations,Operations Specialist,Medium,1,65,PHISH004,Package Delivery Notification,Link Phishing,Easy,All,T1566.002,0,0.3329,1,0,0,0,1,146,0,0
EVT001935,EMP0194,Operations,Operations Specialist,Medium,1,65,PHISH005,Shared Cloud Document,Cloud Credential Phishing,Medium,All,T1566.003,0,0.2745,1,0,0,0,0,0,0,0
EVT001936,EMP0194,Operations,Operations Specialist,Medium,1,65,PHISH006,Fake MFA Verification Request,Identity Phishing,Hard,Information Technology,T1566.002,0,0.2358,1,0,0,0,1,342,0,0
EVT001937,EMP0194,Operations,Operations Specialist,Medium,1,65,PHISH007,Payroll Account Verification,Credential Phishing,Medium,Human Resources,T1566.002,0,0.2707,1,0,0,0,1,1328,0,0
EVT001938,EMP0194,Operations,Operations Specialist,Medium,1,65,PHISH008,QR Code Security Verification,QR Phishing,Hard,All,T1566.002,0,0.2803,0,0,0,0,0,0,1,1
EVT001939,EMP0194,Operations,Operations Specialist,Medium,1,65,PHISH009,Resume Attachment,Malicious Attachment Simulation,Medium,Human Resources,T1566.001,0,0.3341,1,0,1,0,1,478,1,1
EVT001940,EMP0194,Operations,Operations Specialist,Medium,1,65,PHISH010,IT Helpdesk Account Verification,Credential Phishing,Hard,All,T1566.002,0,0.3068,1,0,0,0,1,84,0,0
EVT001941,EMP0195,Human Resources,Recruiter,Medium,1,77,PHISH001,Microsoft 365 Password Expiration,Credential Phishing,Easy,All,T1566.002,0,0.1969,1,0,0,0,0,0,0,0
EVT001942,EMP0195,Human Resources,Recruiter,Medium,1,77,PHISH002,HR Benefits Update,Malicious Attachment Simulation,Medium,All,T1566.001,0,0.3533,1,0,0,0,1,197,0,0
EVT001943,EMP0195,Human Resources,Recruiter,Medium,1,77,PHISH003,CEO Urgent Payment Request,Business Email Compromise,Hard,Finance,T1566,0,0.3426,0,0,0,0,0,0,0,0
EVT001944,EMP0195,Human Resources,Recruiter,Medium,1,77,PHISH004,Package Delivery Notification,Link Phishing,Easy,All,T1566.002,0,0.2426,1,0,0,0,1,165,0,0
EVT001945,EMP0195,Human Resources,Recruiter,Medium,1,77,PHISH005,Shared Cloud Document,Cloud Credential Phishing,Medium,All,T1566.003,0,0.2966,1,0,0,0,0,0,0,0
EVT001946,EMP0195,Human Resources,Recruiter,Medium,1,77,PHISH006,Fake MFA Verification Request,Identity Phishing,Hard,Information Technology,T1566.002,0,0.4724,1,0,0,0,0,0,0,0
EVT001947,EMP0195,Human Resources,Recruiter,Medium,1,77,PHISH007,Payroll Account Verification,Credential Phishing,Medium,Human Resources,T1566.002,1,0.4113,1,1,0,1,1,244,1,1
EVT001948,EMP0195,Human Resources,Recruiter,Medium,1,77,PHISH008,QR Code Security Verification,QR Phishing,Hard,All,T1566.002,0,0.3159,1,1,0,0,1,191,1,1
EVT001949,EMP0195,Human Resources,Recruiter,Medium,1,77,PHISH009,Resume Attachment,Malicious Attachment Simulation,Medium,Human Resources,T1566.001,1,0.3617,0,0,0,0,0,0,0,0
EVT001950,EMP0195,Human Resources,Recruiter,Medium,1,77,PHISH010,IT Helpdesk Account Verification,Credential Phishing,Hard,All,T1566.002,0,0.3611,1,0,0,0,0,0,0,0
EVT001951,EMP0196,Finance,Accountant,Medium,1,95,PHISH001,Microsoft 365 Password Expiration,Credential Phishing,Easy,All,T1566.002,0,0.2024,1,0,0,0,1,175,0,0
EVT001952,EMP0196,Finance,Accountant,Medium,1,95,PHISH002,HR Benefits Update,Malicious Attachment Simulation,Medium,All,T1566.001,0,0.0999,1,0,0,0,1,199,0,0
EVT001953,EMP0196,Finance,Accountant,Medium,1,95,PHISH003,CEO Urgent Payment Request,Business Email Compromise,Hard,Finance,T1566,1,0.2991,1,0,0,0,1,43,0,0
EVT001954,EMP0196,Finance,Accountant,Medium,1,95,PHISH004,Package Delivery Notification,Link Phishing,Easy,All,T1566.002,0,0.0668,1,0,0,0,1,93,0,0
EVT001955,EMP0196,Finance,Accountant,Medium,1,95,PHISH005,Shared Cloud Document,Cloud Credential Phishing,Medium,All,T1566.003,0,0.1692,1,1,0,0,0,0,1,1
EVT001956,EMP0196,Finance,Accountant,Medium,1,95,PHISH006,Fake MFA Verification Request,Identity Phishing,Hard,Information Technology,T1566.002,0,0.201,1,0,0,0,0,0,0,0
EVT001957,EMP0196,Finance,Accountant,Medium,1,95,PHISH007,Payroll Account Verification,Credential Phishing,Medium,Human Resources,T1566.002,0,0.138,0,0,0,0,1,188,0,0
EVT001958,EMP0196,Finance,Accountant,Medium,1,95,PHISH008,QR Code Security Verification,QR Phishing,Hard,All,T1566.002,0,0.0691,0,0,0,0,0,0,1,1
EVT001959,EMP0196,Finance,Accountant,Medium,1,95,PHISH009,Resume Attachment,Malicious Attachment Simulation,Medium,Human Resources,T1566.001,0,0.2659,1,0,0,0,1,341,0,0
EVT001960,EMP0196,Finance,Accountant,Medium,1,95,PHISH010,IT Helpdesk Account Verification,Credential Phishing,Hard,All,T1566.002,0,0.1097,1,0,0,0,1,591,0,0
EVT001961,EMP0197,Human Resources,HR Manager,Medium,1,65,PHISH001,Microsoft 365 Password Expiration,Credential Phishing,Easy,All,T1566.002,0,0.219,0,0,0,0,1,577,0,0
EVT001962,EMP0197,Human Resources,HR Manager,Medium,1,65,PHISH002,HR Benefits Update,Malicious Attachment Simulation,Medium,All,T1566.001,0,0.3264,1,0,1,0,0,0,1,1
EVT001963,EMP0197,Human Resources,HR Manager,Medium,1,65,PHISH003,CEO Urgent Payment Request,Business Email Compromise,Hard,Finance,T1566,0,0.3163,1,0,0,0,1,227,0,0
EVT001964,EMP0197,Human Resources,HR Manager,Medium,1,65,PHISH004,Package Delivery Notification,Link Phishing,Easy,All,T1566.002,0,0.3004,1,0,0,0,1,79,0,0
EVT001965,EMP0197,Human Resources,HR Manager,Medium,1,65,PHISH005,Shared Cloud Document,Cloud Credential Phishing,Medium,All,T1566.003,0,0.2455,1,1,0,1,1,219,1,1
EVT001966,EMP0197,Human Resources,HR Manager,Medium,1,65,PHISH006,Fake MFA Verification Request,Identity Phishing,Hard,Information Technology,T1566.002,0,0.3278,1,0,0,0,0,0,0,0
EVT001967,EMP0197,Human Resources,HR Manager,Medium,1,65,PHISH007,Payroll Account Verification,Credential Phishing,Medium,Human Resources,T1566.002,1,0.3476,0,0,0,0,0,0,0,0
EVT001968,EMP0197,Human Resources,HR Manager,Medium,1,65,PHISH008,QR Code Security Verification,QR Phishing,Hard,All,T1566.002,0,0.3469,1,0,0,0,1,100,0,0
EVT001969,EMP0197,Human Resources,HR Manager,Medium,1,65,PHISH009,Resume Attachment,Malicious Attachment Simulation,Medium,Human Resources,T1566.001,1,0.3949,1,0,0,0,1,134,0,0
EVT001970,EMP0197,Human Resources,HR Manager,Medium,1,65,PHISH010,IT Helpdesk Account Verification,Credential Phishing,Hard,All,T1566.002,0,0.3533,1,0,0,0,0,0,0,0
EVT001971,EMP0198,Finance,Financial Analyst,Medium,1,75,PHISH001,Microsoft 365 Password Expiration,Credential Phishing,Easy,All,T1566.002,0,0.2683,1,0,0,0,0,0,0,0
EVT001972,EMP0198,Finance,Financial Analyst,Medium,1,75,PHISH002,HR Benefits Update,Malicious Attachment Simulation,Medium,All,T1566.001,0,0.357,1,0,1,0,1,176,1,1
EVT001973,EMP0198,Finance,Financial Analyst,Medium,1,75,PHISH003,CEO Urgent Payment Request,Business Email Compromise,Hard,Finance,T1566,1,0.4353,1,0,0,0,0,0,1,1
EVT001974,EMP0198,Finance,Financial Analyst,Medium,1,75,PHISH004,Package Delivery Notification,Link Phishing,Easy,All,T1566.002,0,0.2865,1,0,0,0,1,464,0,0
EVT001975,EMP0198,Finance,Financial Analyst,Medium,1,75,PHISH005,Shared Cloud Document,Cloud Credential Phishing,Medium,All,T1566.003,0,0.1709,1,0,0,0,1,125,0,0
EVT001976,EMP0198,Finance,Financial Analyst,Medium,1,75,PHISH006,Fake MFA Verification Request,Identity Phishing,Hard,Information Technology,T1566.002,0,0.2822,1,1,0,1,0,0,1,1
EVT001977,EMP0198,Finance,Financial Analyst,Medium,1,75,PHISH007,Payroll Account Verification,Credential Phishing,Medium,Human Resources,T1566.002,0,0.206,1,0,0,0,0,0,0,0
EVT001978,EMP0198,Finance,Financial Analyst,Medium,1,75,PHISH008,QR Code Security Verification,QR Phishing,Hard,All,T1566.002,0,0.2701,1,0,0,0,0,0,0,0
EVT001979,EMP0198,Finance,Financial Analyst,Medium,1,75,PHISH009,Resume Attachment,Malicious Attachment Simulation,Medium,Human Resources,T1566.001,0,0.4038,0,0,0,0,0,0,0,0
EVT001980,EMP0198,Finance,Financial Analyst,Medium,1,75,PHISH010,IT Helpdesk Account Verification,Credential Phishing,Hard,All,T1566.002,0,0.2725,1,0,0,0,1,198,0,0
EVT001981,EMP0199,Finance,Finance Manager,Medium,1,61,PHISH001,Microsoft 365 Password Expiration,Credential Phishing,Easy,All,T1566.002,0,0.33,1,0,0,0,0,0,0,0
EVT001982,EMP0199,Finance,Finance Manager,Medium,1,61,PHISH002,HR Benefits Update,Malicious Attachment Simulation,Medium,All,T1566.001,0,0.275,1,0,0,0,1,144,0,0
EVT001983,EMP0199,Finance,Finance Manager,Medium,1,61,PHISH003,CEO Urgent Payment Request,Business Email Compromise,Hard,Finance,T1566,1,0.3457,1,0,0,0,1,166,1,1
EVT001984,EMP0199,Finance,Finance Manager,Medium,1,61,PHISH004,Package Delivery Notification,Link Phishing,Easy,All,T1566.002,0,0.325,1,0,0,0,1,186,0,0
EVT001985,EMP0199,Finance,Finance Manager,Medium,1,61,PHISH005,Shared Cloud Document,Cloud Credential Phishing,Medium,All,T1566.003,0,0.3771,1,0,0,0,1,242,0,0
EVT001986,EMP0199,Finance,Finance Manager,Medium,1,61,PHISH006,Fake MFA Verification Request,Identity Phishing,Hard,Information Technology,T1566.002,0,0.2724,1,0,0,0,0,0,0,0
EVT001987,EMP0199,Finance,Finance Manager,Medium,1,61,PHISH007,Payroll Account Verification,Credential Phishing,Medium,Human Resources,T1566.002,0,0.3257,1,1,0,1,0,0,1,1
EVT001988,EMP0199,Finance,Finance Manager,Medium,1,61,PHISH008,QR Code Security Verification,QR Phishing,Hard,All,T1566.002,0,0.2994,1,1,0,0,0,0,1,1
EVT001989,EMP0199,Finance,Finance Manager,Medium,1,61,PHISH009,Resume Attachment,Malicious Attachment Simulation,Medium,Human Resources,T1566.001,0,0.3642,1,0,0,0,0,0,0,0
EVT001990,EMP0199,Finance,Finance Manager,Medium,1,61,PHISH010,IT Helpdesk Account Verification,Credential Phishing,Hard,All,T1566.002,0,0.4166,0,0,0,0,1,285,1,1
EVT001991,EMP0200,Sales,Sales Representative,Medium,1,84,PHISH001,Microsoft 365 Password Expiration,Credential Phishing,Easy,All,T1566.002,0,0.1551,1,0,0,0,1,329,0,0
EVT001992,EMP0200,Sales,Sales Representative,Medium,1,84,PHISH002,HR Benefits Update,Malicious Attachment Simulation,Medium,All,T1566.001,0,0.1371,1,0,1,0,0,0,1,1
EVT001993,EMP0200,Sales,Sales Representative,Medium,1,84,PHISH003,CEO Urgent Payment Request,Business Email Compromise,Hard,Finance,T1566,0,0.2327,0,0,0,0,0,0,0,0
EVT001994,EMP0200,Sales,Sales Representative,Medium,1,84,PHISH004,Package Delivery Notification,Link Phishing,Easy,All,T1566.002,0,0.2232,1,1,0,0,1,165,1,1
EVT001995,EMP0200,Sales,Sales Representative,Medium,1,84,PHISH005,Shared Cloud Document,Cloud Credential Phishing,Medium,All,T1566.003,0,0.046,1,0,0,0,0,0,0,0
EVT001996,EMP0200,Sales,Sales Representative,Medium,1,84,PHISH006,Fake MFA Verification Request,Identity Phishing,Hard,Information Technology,T1566.002,0,0.2979,1,0,0,0,1,177,0,0
EVT001997,EMP0200,Sales,Sales Representative,Medium,1,84,PHISH007,Payroll Account Verification,Credential Phishing,Medium,Human Resources,T1566.002,0,0.0481,0,0,0,0,1,103,0,0
EVT001998,EMP0200,Sales,Sales Representative,Medium,1,84,PHISH008,QR Code Security Verification,QR Phishing,Hard,All,T1566.002,0,0.1581,1,1,0,0,1,126,1,1
EVT001999,EMP0200,Sales,Sales Representative,Medium,1,84,PHISH009,Resume Attachment,Malicious Attachment Simulation,Medium,Human Resources,T1566.001,0,0.1495,1,0,0,0,1,222,0,0
EVT002000,EMP0200,Sales,Sales Representative,Medium,1,84,PHISH010,IT Helpdesk Account Verification,Credential Phishing,Hard,All,T1566.002,0,0.138,0,0,0,0,0,0,0,0
EVT002001,EMP0201,Human Resources,HR Manager,Medium,1,70,PHISH001,Microsoft 365 Password Expiration,Credential Phishing,Easy,All,T1566.002,0,0.3311,1,0,0,0,0,0,0,0
EVT002002,EMP0201,Human Resources,HR Manager,Medium,1,70,PHISH002,HR Benefits Update,Malicious Attachment Simulation,Medium,All,T1566.001,0,0.2266,0,0,0,0,1,262,0,0
EVT002003,EMP0201,Human Resources,HR Manager,Medium,1,70,PHISH003,CEO Urgent Payment Request,Business Email Compromise,Hard,Finance,T1566,0,0.4108,1,0,0,0,0,0,0,0
EVT002004,EMP0201,Human Resources,HR Manager,Medium,1,70,PHISH004,Package Delivery Notification,Link Phishing,Easy,All,T1566.002,0,0.3046,0,0,0,0,1,98,1,1
EVT002005,EMP0201,Human Resources,HR Manager,Medium,1,70,PHISH005,Shared Cloud Document,Cloud Credential Phishing,Medium,All,T1566.003,0,0.258,1,0,0,0,1,142,0,0
EVT002006,EMP0201,Human Resources,HR Manager,Medium,1,70,PHISH006,Fake MFA Verification Request,Identity Phishing,Hard,Information Technology,T1566.002,0,0.3191,1,0,0,0,0,0,0,0
EVT002007,EMP0201,Human Resources,HR Manager,Medium,1,70,PHISH007,Payroll Account Verification,Credential Phishing,Medium,Human Resources,T1566.002,1,0.4018,1,1,0,1,0,0,1,1
EVT002008,EMP0201,Human Resources,HR Manager,Medium,1,70,PHISH008,QR Code Security Verification,QR Phishing,Hard,All,T1566.002,0,0.3614,1,1,0,0,1,175,1,1
EVT002009,EMP0201,Human Resources,HR Manager,Medium,1,70,PHISH009,Resume Attachment,Malicious Attachment Simulation,Medium,Human Resources,T1566.001,1,0.4041,1,0,0,0,0,0,0,0
EVT002010,EMP0201,Human Resources,HR Manager,Medium,1,70,PHISH010,IT Helpdesk Account Verification,Credential Phishing,Hard,All,T1566.002,0,0.3177,1,0,0,0,0,0,0,0
EVT002011,EMP0202,Executive,Chief Officer,Privileged,1,67,PHISH001,Microsoft 365 Password Expiration,Credential Phishing,Easy,All,T1566.002,0,0.2779,1,0,0,0,1,159,0,0
EVT002012,EMP0202,Executive,Chief Officer,Privileged,1,67,PHISH002,HR Benefits Update,Malicious Attachment Simulation,Medium,All,T1566.001,0,0.3395,1,0,1,0,0,0,1,1
EVT002013,EMP0202,Executive,Chief Officer,Privileged,1,67,PHISH003,CEO Urgent Payment Request,Business Email Compromise,Hard,Finance,T1566,0,0.3509,1,0,0,0,0,0,0,0
EVT002014,EMP0202,Executive,Chief Officer,Privileged,1,67,PHISH004,Package Delivery Notification,Link Phishing,Easy,All,T1566.002,0,0.245,0,0,0,0,0,0,0,0
EVT002015,EMP0202,Executive,Chief Officer,Privileged,1,67,PHISH005,Shared Cloud Document,Cloud Credential Phishing,Medium,All,T1566.003,0,0.2822,1,0,0,0,0,0,0,0
EVT002016,EMP0202,Executive,Chief Officer,Privileged,1,67,PHISH006,Fake MFA Verification Request,Identity Phishing,Hard,Information Technology,T1566.002,0,0.2758,1,0,0,0,0,0,0,0
EVT002017,EMP0202,Executive,Chief Officer,Privileged,1,67,PHISH007,Payroll Account Verification,Credential Phishing,Medium,Human Resources,T1566.002,0,0.2104,0,0,0,0,1,370,0,0
EVT002018,EMP0202,Executive,Chief Officer,Privileged,1,67,PHISH008,QR Code Security Verification,QR Phishing,Hard,All,T1566.002,0,0.2927,1,0,0,0,1,402,0,0
EVT002019,EMP0202,Executive,Chief Officer,Privileged,1,67,PHISH009,Resume Attachment,Malicious Attachment Simulation,Medium,Human Resources,T1566.001,0,0.2834,1,0,0,0,1,608,0,0
EVT002020,EMP0202,Executive,Chief Officer,Privileged,1,67,PHISH010,IT Helpdesk Account Verification,Credential Phishing,Hard,All,T1566.002,0,0.2488,1,1,0,0,1,136,1,1
EVT002021,EMP0203,Legal,Legal Assistant,Medium,1,81,PHISH001,Microsoft 365 Password Expiration,Credential Phishing,Easy,All,T1566.002,0,0.184,1,0,0,0,0,0,0,0
EVT002022,EMP0203,Legal,Legal Assistant,Medium,1,81,PHISH002,HR Benefits Update,Malicious Attachment Simulation,Medium,All,T1566.001,0,0.2416,0,0,0,0,0,0,0,0
EVT002023,EMP0203,Legal,Legal Assistant,Medium,1,81,PHISH003,CEO Urgent Payment Request,Business Email Compromise,Hard,Finance,T1566,0,0.3446,1,0,0,0,1,100,0,0
EVT002024,EMP0203,Legal,Legal Assistant,Medium,1,81,PHISH004,Package Delivery Notification,Link Phishing,Easy,All,T1566.002,0,0.3051,1,0,0,0,1,306,0,0
EVT002025,EMP0203,Legal,Legal Assistant,Medium,1,81,PHISH005,Shared Cloud Document,Cloud Credential Phishing,Medium,All,T1566.003,0,0.3221,0,0,0,0,1,189,0,0
EVT002026,EMP0203,Legal,Legal Assistant,Medium,1,81,PHISH006,Fake MFA Verification Request,Identity Phishing,Hard,Information Technology,T1566.002,0,0.31,1,1,0,1,0,0,1,1
EVT002027,EMP0203,Legal,Legal Assistant,Medium,1,81,PHISH007,Payroll Account Verification,Credential Phishing,Medium,Human Resources,T1566.002,0,0.2068,1,0,0,0,1,129,0,0
EVT002028,EMP0203,Legal,Legal Assistant,Medium,1,81,PHISH008,QR Code Security Verification,QR Phishing,Hard,All,T1566.002,0,0.3685,0,0,0,0,1,355,0,0
EVT002029,EMP0203,Legal,Legal Assistant,Medium,1,81,PHISH009,Resume Attachment,Malicious Attachment Simulation,Medium,Human Resources,T1566.001,0,0.255,1,0,0,0,0,0,0,0
EVT002030,EMP0203,Legal,Legal Assistant,Medium,1,81,PHISH010,IT Helpdesk Account Verification,Credential Phishing,Hard,All,T1566.002,0,0.3923,0,0,0,0,0,0,0,0
EVT002031,EMP0204,Information Technology,System Administrator,Medium,1,77,PHISH001,Microsoft 365 Password Expiration,Credential Phishing,Easy,All,T1566.002,0,0.1431,1,0,0,0,1,1679,0,0
EVT002032,EMP0204,Information Technology,System Administrator,Medium,1,77,PHISH002,HR Benefits Update,Malicious Attachment Simulation,Medium,All,T1566.001,0,0.2048,0,0,0,0,1,114,0,0
EVT002033,EMP0204,Information Technology,System Administrator,Medium,1,77,PHISH003,CEO Urgent Payment Request,Business Email Compromise,Hard,Finance,T1566,0,0.0683,1,0,0,0,1,433,0,0
EVT002034,EMP0204,Information Technology,System Administrator,Medium,1,77,PHISH004,Package Delivery Notification,Link Phishing,Easy,All,T1566.002,0,0.1855,1,0,0,0,0,0,0,0
EVT002035,EMP0204,Information Technology,System Administrator,Medium,1,77,PHISH005,Shared Cloud Document,Cloud Credential Phishing,Medium,All,T1566.003,0,0.0716,1,1,0,1,1,159,1,1
EVT002036,EMP0204,Information Technology,System Administrator,Medium,1,77,PHISH006,Fake MFA Verification Request,Identity Phishing,Hard,Information Technology,T1566.002,1,0.3089,1,1,0,0,1,346,1,1
EVT002037,EMP0204,Information Technology,System Administrator,Medium,1,77,PHISH007,Payroll Account Verification,Credential Phishing,Medium,Human Resources,T1566.002,0,0.182,1,0,0,0,1,314,0,0
EVT002038,EMP0204,Information Technology,System Administrator,Medium,1,77,PHISH008,QR Code Security Verification,QR Phishing,Hard,All,T1566.002,0,0.1548,1,0,0,0,1,175,0,0
EVT002039,EMP0204,Information Technology,System Administrator,Medium,1,77,PHISH009,Resume Attachment,Malicious Attachment Simulation,Medium,Human Resources,T1566.001,0,0.0828,1,0,1,0,1,344,1,1
EVT002040,EMP0204,Information Technology,System Administrator,Medium,1,77,PHISH010,IT Helpdesk Account Verification,Credential Phishing,Hard,All,T1566.002,0,0.1299,1,0,0,0,1,437,0,0
EVT002041,EMP0205,Finance,Accountant,High,1,71,PHISH001,Microsoft 365 Password Expiration,Credential Phishing,Easy,All,T1566.002,0,0.3993,1,1,0,1,1,735,1,1
EVT002042,EMP0205,Finance,Accountant,High,1,71,PHISH002,HR Benefits Update,Malicious Attachment Simulation,Medium,All,T1566.001,0,0.3507,1,0,0,0,0,0,0,0
EVT002043,EMP0205,Finance,Accountant,High,1,71,PHISH003,CEO Urgent Payment Request,Business Email Compromise,Hard,Finance,T1566,1,0.5381,1,0,0,0,0,0,1,1
EVT002044,EMP0205,Finance,Accountant,High,1,71,PHISH004,Package Delivery Notification,Link Phishing,Easy,All,T1566.002,0,0.4668,1,1,0,0,0,0,1,1
EVT002045,EMP0205,Finance,Accountant,High,1,71,PHISH005,Shared Cloud Document,Cloud Credential Phishing,Medium,All,T1566.003,0,0.3669,1,0,0,0,0,0,0,0
EVT002046,EMP0205,Finance,Accountant,High,1,71,PHISH006,Fake MFA Verification Request,Identity Phishing,Hard,Information Technology,T1566.002,0,0.4185,0,0,0,0,1,94,0,0
EVT002047,EMP0205,Finance,Accountant,High,1,71,PHISH007,Payroll Account Verification,Credential Phishing,Medium,Human Resources,T1566.002,0,0.5198,1,1,0,1,0,0,1,1
EVT002048,EMP0205,Finance,Accountant,High,1,71,PHISH008,QR Code Security Verification,QR Phishing,Hard,All,T1566.002,0,0.4347,1,0,0,0,0,0,0,0
EVT002049,EMP0205,Finance,Accountant,High,1,71,PHISH009,Resume Attachment,Malicious Attachment Simulation,Medium,Human Resources,T1566.001,0,0.3641,0,0,0,0,0,0,0,0
EVT002050,EMP0205,Finance,Accountant,High,1,71,PHISH010,IT Helpdesk Account Verification,Credential Phishing,Hard,All,T1566.002,0,0.3656,1,0,0,0,0,0,0,0
EVT002051,EMP0206,Marketing,Marketing Manager,Low,1,87,PHISH001,Microsoft 365 Password Expiration,Credential Phishing,Easy,All,T1566.002,0,0.2776,1,0,0,0,0,0,0,0
EVT002052,EMP0206,Marketing,Marketing Manager,Low,1,87,PHISH002,HR Benefits Update,Malicious Attachment Simulation,Medium,All,T1566.001,0,0.2219,0,0,0,0,1,355,0,0
EVT002053,EMP0206,Marketing,Marketing Manager,Low,1,87,PHISH003,CEO Urgent Payment Request,Business Email Compromise,Hard,Finance,T1566,0,0.2367,0,0,0,0,1,411,0,0
EVT002054,EMP0206,Marketing,Marketing Manager,Low,1,87,PHISH004,Package Delivery Notification,Link Phishing,Easy,All,T1566.002,0,0.2223,1,0,0,0,0,0,0,0
EVT002055,EMP0206,Marketing,Marketing Manager,Low,1,87,PHISH005,Shared Cloud Document,Cloud Credential Phishing,Medium,All,T1566.003,0,0.1838,1,0,0,0,1,458,0,0
EVT002056,EMP0206,Marketing,Marketing Manager,Low,1,87,PHISH006,Fake MFA Verification Request,Identity Phishing,Hard,Information Technology,T1566.002,0,0.0847,0,0,0,0,0,0,1,1
EVT002057,EMP0206,Marketing,Marketing Manager,Low,1,87,PHISH007,Payroll Account Verification,Credential Phishing,Medium,Human Resources,T1566.002,0,0.219,1,1,0,1,1,319,1,1
EVT002058,EMP0206,Marketing,Marketing Manager,Low,1,87,PHISH008,QR Code Security Verification,QR Phishing,Hard,All,T1566.002,0,0.1889,1,0,0,0,0,0,0,0
EVT002059,EMP0206,Marketing,Marketing Manager,Low,1,87,PHISH009,Resume Attachment,Malicious Attachment Simulation,Medium,Human Resources,T1566.001,0,0.2056,1,0,1,0,0,0,1,1
EVT002060,EMP0206,Marketing,Marketing Manager,Low,1,87,PHISH010,IT Helpdesk Account Verification,Credential Phishing,Hard,All,T1566.002,0,0.1556,1,0,0,0,1,374,0,0
EVT002061,EMP0207,Human Resources,HR Manager,Medium,1,57,PHISH001,Microsoft 365 Password Expiration,Credential Phishing,Easy,All,T1566.002,0,0.3951,1,0,0,0,1,278,0,0
EVT002062,EMP0207,Human Resources,HR Manager,Medium,1,57,PHISH002,HR Benefits Update,Malicious Attachment Simulation,Medium,All,T1566.001,0,0.2961,0,0,0,0,0,0,0,0
EVT002063,EMP0207,Human Resources,HR Manager,Medium,1,57,PHISH003,CEO Urgent Payment Request,Business Email Compromise,Hard,Finance,T1566,0,0.2874,1,0,0,0,0,0,1,1
EVT002064,EMP0207,Human Resources,HR Manager,Medium,1,57,PHISH004,Package Delivery Notification,Link Phishing,Easy,All,T1566.002,0,0.4231,0,0,0,0,0,0,0,0
EVT002065,EMP0207,Human Resources,HR Manager,Medium,1,57,PHISH005,Shared Cloud Document,Cloud Credential Phishing,Medium,All,T1566.003,0,0.288,1,0,0,0,1,1088,0,0
EVT002066,EMP0207,Human Resources,HR Manager,Medium,1,57,PHISH006,Fake MFA Verification Request,Identity Phishing,Hard,Information Technology,T1566.002,0,0.4498,1,0,0,0,1,280,0,0
EVT002067,EMP0207,Human Resources,HR Manager,Medium,1,57,PHISH007,Payroll Account Verification,Credential Phishing,Medium,Human Resources,T1566.002,1,0.4364,1,0,0,0,0,0,0,0
EVT002068,EMP0207,Human Resources,HR Manager,Medium,1,57,PHISH008,QR Code Security Verification,QR Phishing,Hard,All,T1566.002,0,0.4182,1,0,0,0,0,0,0,0
EVT002069,EMP0207,Human Resources,HR Manager,Medium,1,57,PHISH009,Resume Attachment,Malicious Attachment Simulation,Medium,Human Resources,T1566.001,1,0.3566,1,0,1,0,0,0,1,1
EVT002070,EMP0207,Human Resources,HR Manager,Medium,1,57,PHISH010,IT Helpdesk Account Verification,Credential Phishing,Hard,All,T1566.002,0,0.4101,0,0,0,0,0,0,0,0
EVT002071,EMP0208,Human Resources,HR Manager,High,1,84,PHISH001,Microsoft 365 Password Expiration,Credential Phishing,Easy,All,T1566.002,0,0.2769,1,0,0,0,1,200,0,0
EVT002072,EMP0208,Human Resources,HR Manager,High,1,84,PHISH002,HR Benefits Update,Malicious Attachment Simulation,Medium,All,T1566.001,0,0.175,0,0,0,0,0,0,1,1
EVT002073,EMP0208,Human Resources,HR Manager,High,1,84,PHISH003,CEO Urgent Payment Request,Business Email Compromise,Hard,Finance,T1566,0,0.4144,1,0,0,0,1,361,0,0
EVT002074,EMP0208,Human Resources,HR Manager,High,1,84,PHISH004,Package Delivery Notification,Link Phishing,Easy,All,T1566.002,0,0.1909,0,0,0,0,1,159,1,1
EVT002075,EMP0208,Human Resources,HR Manager,High,1,84,PHISH005,Shared Cloud Document,Cloud Credential Phishing,Medium,All,T1566.003,0,0.2263,1,1,0,0,0,0,1,1
EVT002076,EMP0208,Human Resources,HR Manager,High,1,84,PHISH006,Fake MFA Verification Request,Identity Phishing,Hard,Information Technology,T1566.002,0,0.221,0,0,0,0,1,131,0,0
EVT002077,EMP0208,Human Resources,HR Manager,High,1,84,PHISH007,Payroll Account Verification,Credential Phishing,Medium,Human Resources,T1566.002,1,0.2959,1,0,0,0,1,599,0,0
EVT002078,EMP0208,Human Resources,HR Manager,High,1,84,PHISH008,QR Code Security Verification,QR Phishing,Hard,All,T1566.002,0,0.2287,1,0,0,0,0,0,0,0
EVT002079,EMP0208,Human Resources,HR Manager,High,1,84,PHISH009,Resume Attachment,Malicious Attachment Simulation,Medium,Human Resources,T1566.001,1,0.3764,0,0,0,0,0,0,1,1
EVT002080,EMP0208,Human Resources,HR Manager,High,1,84,PHISH010,IT Helpdesk Account Verification,Credential Phishing,Hard,All,T1566.002,0,0.2605,1,0,0,0,1,300,0,0
EVT002081,EMP0209,Human Resources,HR Manager,Medium,1,58,PHISH001,Microsoft 365 Password Expiration,Credential Phishing,Easy,All,T1566.002,0,0.2495,1,0,0,0,0,0,0,0
EVT002082,EMP0209,Human Resources,HR Manager,Medium,1,58,PHISH002,HR Benefits Update,Malicious Attachment Simulation,Medium,All,T1566.001,0,0.3069,1,0,0,0,0,0,0,0
EVT002083,EMP0209,Human Resources,HR Manager,Medium,1,58,PHISH003,CEO Urgent Payment Request,Business Email Compromise,Hard,Finance,T1566,0,0.4171,0,0,0,0,0,0,1,1
EVT002084,EMP0209,Human Resources,HR Manager,Medium,1,58,PHISH004,Package Delivery Notification,Link Phishing,Easy,All,T1566.002,0,0.2214,1,1,0,0,0,0,1,1
EVT002085,EMP0209,Human Resources,HR Manager,Medium,1,58,PHISH005,Shared Cloud Document,Cloud Credential Phishing,Medium,All,T1566.003,0,0.242,1,1,0,0,0,0,1,1
EVT002086,EMP0209,Human Resources,HR Manager,Medium,1,58,PHISH006,Fake MFA Verification Request,Identity Phishing,Hard,Information Technology,T1566.002,0,0.1822,1,0,0,0,0,0,0,0
EVT002087,EMP0209,Human Resources,HR Manager,Medium,1,58,PHISH007,Payroll Account Verification,Credential Phishing,Medium,Human Resources,T1566.002,1,0.2641,0,0,0,0,0,0,0,0
EVT002088,EMP0209,Human Resources,HR Manager,Medium,1,58,PHISH008,QR Code Security Verification,QR Phishing,Hard,All,T1566.002,0,0.1942,1,0,0,0,0,0,0,0
EVT002089,EMP0209,Human Resources,HR Manager,Medium,1,58,PHISH009,Resume Attachment,Malicious Attachment Simulation,Medium,Human Resources,T1566.001,1,0.4321,1,0,1,0,1,145,1,1
EVT002090,EMP0209,Human Resources,HR Manager,Medium,1,58,PHISH010,IT Helpdesk Account Verification,Credential Phishing,Hard,All,T1566.002,0,0.3278,1,0,0,0,0,0,0,0
EVT002091,EMP0210,Legal,Legal Manager,High,1,78,PHISH001,Microsoft 365 Password Expiration,Credential Phishing,Easy,All,T1566.002,0,0.232,1,0,0,0,0,0,0,0
EVT002092,EMP0210,Legal,Legal Manager,High,1,78,PHISH002,HR Benefits Update,Malicious Attachment Simulation,Medium,All,T1566.001,0,0.1807,1,0,0,0,0,0,0,0
EVT002093,EMP0210,Legal,Legal Manager,High,1,78,PHISH003,CEO Urgent Payment Request,Business Email Compromise,Hard,Finance,T1566,0,0.2819,1,0,0,0,1,589,0,0
EVT002094,EMP0210,Legal,Legal Manager,High,1,78,PHISH004,Package Delivery Notification,Link Phishing,Easy,All,T1566.002,0,0.2025,1,0,0,0,0,0,0,0
EVT002095,EMP0210,Legal,Legal Manager,High,1,78,PHISH005,Shared Cloud Document,Cloud Credential Phishing,Medium,All,T1566.003,0,0.1447,1,0,0,0,1,419,0,0
EVT002096,EMP0210,Legal,Legal Manager,High,1,78,PHISH006,Fake MFA Verification Request,Identity Phishing,Hard,Information Technology,T1566.002,0,0.2159,1,1,0,1,1,640,1,1
EVT002097,EMP0210,Legal,Legal Manager,High,1,78,PHISH007,Payroll Account Verification,Credential Phishing,Medium,Human Resources,T1566.002,0,0.2932,0,0,0,0,0,0,1,1
EVT002098,EMP0210,Legal,Legal Manager,High,1,78,PHISH008,QR Code Security Verification,QR Phishing,Hard,All,T1566.002,0,0.301,1,0,0,0,0,0,0,0
EVT002099,EMP0210,Legal,Legal Manager,High,1,78,PHISH009,Resume Attachment,Malicious Attachment Simulation,Medium,Human Resources,T1566.001,0,0.3254,1,0,0,0,1,152,0,0
EVT002100,EMP0210,Legal,Legal Manager,High,1,78,PHISH010,IT Helpdesk Account Verification,Credential Phishing,Hard,All,T1566.002,0,0.2267,1,0,0,0,0,0,0,0
EVT002101,EMP0211,Legal,Legal Assistant,High,1,77,PHISH001,Microsoft 365 Password Expiration,Credential Phishing,Easy,All,T1566.002,0,0.1802,1,0,0,0,0,0,0,0
EVT002102,EMP0211,Legal,Legal Assistant,High,1,77,PHISH002,HR Benefits Update,Malicious Attachment Simulation,Medium,All,T1566.001,0,0.1576,1,0,0,0,1,476,0,0
EVT002103,EMP0211,Legal,Legal Assistant,High,1,77,PHISH003,CEO Urgent Payment Request,Business Email Compromise,Hard,Finance,T1566,0,0.1835,1,0,0,0,0,0,0,0
EVT002104,EMP0211,Legal,Legal Assistant,High,1,77,PHISH004,Package Delivery Notification,Link Phishing,Easy,All,T1566.002,0,0.2472,1,0,0,0,1,613,0,0
EVT002105,EMP0211,Legal,Legal Assistant,High,1,77,PHISH005,Shared Cloud Document,Cloud Credential Phishing,Medium,All,T1566.003,0,0.1997,0,0,0,0,1,41,1,1
EVT002106,EMP0211,Legal,Legal Assistant,High,1,77,PHISH006,Fake MFA Verification Request,Identity Phishing,Hard,Information Technology,T1566.002,0,0.2176,0,0,0,0,0,0,1,1
EVT002107,EMP0211,Legal,Legal Assistant,High,1,77,PHISH007,Payroll Account Verification,Credential Phishing,Medium,Human Resources,T1566.002,0,0.3245,1,0,0,0,1,99,0,0
EVT002108,EMP0211,Legal,Legal Assistant,High,1,77,PHISH008,QR Code Security Verification,QR Phishing,Hard,All,T1566.002,0,0.1794,0,0,0,0,0,0,0,0
EVT002109,EMP0211,Legal,Legal Assistant,High,1,77,PHISH009,Resume Attachment,Malicious Attachment Simulation,Medium,Human Resources,T1566.001,0,0.2372,0,0,0,0,1,355,0,0
EVT002110,EMP0211,Legal,Legal Assistant,High,1,77,PHISH010,IT Helpdesk Account Verification,Credential Phishing,Hard,All,T1566.002,0,0.1948,0,0,0,0,0,0,1,1
EVT002111,EMP0212,Finance,Accountant,High,0,63,PHISH001,Microsoft 365 Password Expiration,Credential Phishing,Easy,All,T1566.002,0,0.4478,1,1,0,0,0,0,1,1
EVT002112,EMP0212,Finance,Accountant,High,0,63,PHISH002,HR Benefits Update,Malicious Attachment Simulation,Medium,All,T1566.001,0,0.4123,1,0,0,0,1,283,0,0
EVT002113,EMP0212,Finance,Accountant,High,0,63,PHISH003,CEO Urgent Payment Request,Business Email Compromise,Hard,Finance,T1566,1,0.6131,1,0,0,0,1,131,0,0
EVT002114,EMP0212,Finance,Accountant,High,0,63,PHISH004,Package Delivery Notification,Link Phishing,Easy,All,T1566.002,0,0.461,1,0,0,0,0,0,0,0
EVT002115,EMP0212,Finance,Accountant,High,0,63,PHISH005,Shared Cloud Document,Cloud Credential Phishing,Medium,All,T1566.003,0,0.3299,1,1,0,1,0,0,1,1
EVT002116,EMP0212,Finance,Accountant,High,0,63,PHISH006,Fake MFA Verification Request,Identity Phishing,Hard,Information Technology,T1566.002,0,0.4911,1,0,0,0,0,0,0,0
EVT002117,EMP0212,Finance,Accountant,High,0,63,PHISH007,Payroll Account Verification,Credential Phishing,Medium,Human Resources,T1566.002,0,0.4045,1,0,0,0,1,235,0,0
EVT002118,EMP0212,Finance,Accountant,High,0,63,PHISH008,QR Code Security Verification,QR Phishing,Hard,All,T1566.002,0,0.5625,1,1,0,0,1,82,1,1
EVT002119,EMP0212,Finance,Accountant,High,0,63,PHISH009,Resume Attachment,Malicious Attachment Simulation,Medium,Human Resources,T1566.001,0,0.521,0,0,0,0,1,157,1,1
EVT002120,EMP0212,Finance,Accountant,High,0,63,PHISH010,IT Helpdesk Account Verification,Credential Phishing,Hard,All,T1566.002,0,0.444,1,0,0,0,1,415,0,0
EVT002121,EMP0213,Human Resources,Recruiter,High,0,90,PHISH001,Microsoft 365 Password Expiration,Credential Phishing,Easy,All,T1566.002,0,0.2506,1,0,0,0,0,0,0,0
EVT002122,EMP0213,Human Resources,Recruiter,High,0,90,PHISH002,HR Benefits Update,Malicious Attachment Simulation,Medium,All,T1566.001,0,0.3111,1,0,0,0,1,438,0,0
EVT002123,EMP0213,Human Resources,Recruiter,High,0,90,PHISH003,CEO Urgent Payment Request,Business Email Compromise,Hard,Finance,T1566,0,0.3606,1,0,0,0,0,0,1,1
EVT002124,EMP0213,Human Resources,Recruiter,High,0,90,PHISH004,Package Delivery Notification,Link Phishing,Easy,All,T1566.002,0,0.2646,0,0,0,0,0,0,1,1
EVT002125,EMP0213,Human Resources,Recruiter,High,0,90,PHISH005,Shared Cloud Document,Cloud Credential Phishing,Medium,All,T1566.003,0,0.4346,1,1,0,1,1,207,1,1
EVT002126,EMP0213,Human Resources,Recruiter,High,0,90,PHISH006,Fake MFA Verification Request,Identity Phishing,Hard,Information Technology,T1566.002,0,0.3196,1,0,0,0,0,0,0,0
EVT002127,EMP0213,Human Resources,Recruiter,High,0,90,PHISH007,Payroll Account Verification,Credential Phishing,Medium,Human Resources,T1566.002,1,0.3238,1,0,0,0,1,178,0,0
EVT002128,EMP0213,Human Resources,Recruiter,High,0,90,PHISH008,QR Code Security Verification,QR Phishing,Hard,All,T1566.002,0,0.3847,0,0,0,0,1,549,1,1
EVT002129,EMP0213,Human Resources,Recruiter,High,0,90,PHISH009,Resume Attachment,Malicious Attachment Simulation,Medium,Human Resources,T1566.001,1,0.4306,1,0,1,0,1,174,1,1
EVT002130,EMP0213,Human Resources,Recruiter,High,0,90,PHISH010,IT Helpdesk Account Verification,Credential Phishing,Hard,All,T1566.002,0,0.3016,1,0,0,0,0,0,0,0
EVT002131,EMP0214,Executive,Chief Officer,High,1,71,PHISH001,Microsoft 365 Password Expiration,Credential Phishing,Easy,All,T1566.002,0,0.2757,1,1,0,0,0,0,1,1
EVT002132,EMP0214,Executive,Chief Officer,High,1,71,PHISH002,HR Benefits Update,Malicious Attachment Simulation,Medium,All,T1566.001,0,0.4147,0,0,0,0,1,139,0,0
EVT002133,EMP0214,Executive,Chief Officer,High,1,71,PHISH003,CEO Urgent Payment Request,Business Email Compromise,Hard,Finance,T1566,0,0.228,0,0,0,0,1,1255,0,0
EVT002134,EMP0214,Executive,Chief Officer,High,1,71,PHISH004,Package Delivery Notification,Link Phishing,Easy,All,T1566.002,0,0.34,1,0,0,0,1,112,0,0
EVT002135,EMP0214,Executive,Chief Officer,High,1,71,PHISH005,Shared Cloud Document,Cloud Credential Phishing,Medium,All,T1566.003,0,0.4019,0,0,0,0,0,0,0,0
EVT002136,EMP0214,Executive,Chief Officer,High,1,71,PHISH006,Fake MFA Verification Request,Identity Phishing,Hard,Information Technology,T1566.002,0,0.3805,1,0,0,0,0,0,0,0
EVT002137,EMP0214,Executive,Chief Officer,High,1,71,PHISH007,Payroll Account Verification,Credential Phishing,Medium,Human Resources,T1566.002,0,0.3834,1,1,0,1,1,255,1,1
EVT002138,EMP0214,Executive,Chief Officer,High,1,71,PHISH008,QR Code Security Verification,QR Phishing,Hard,All,T1566.002,0,0.409,0,0,0,0,1,475,0,0
EVT002139,EMP0214,Executive,Chief Officer,High,1,71,PHISH009,Resume Attachment,Malicious Attachment Simulation,Medium,Human Resources,T1566.001,0,0.3146,1,0,0,0,1,380,0,0
EVT002140,EMP0214,Executive,Chief Officer,High,1,71,PHISH010,IT Helpdesk Account Verification,Credential Phishing,Hard,All,T1566.002,0,0.4117,1,1,0,1,1,976,1,1
EVT002141,EMP0215,Marketing,Marketing Specialist,Medium,1,48,PHISH001,Microsoft 365 Password Expiration,Credential Phishing,Easy,All,T1566.002,0,0.4142,1,0,0,0,1,751,0,0
EVT002142,EMP0215,Marketing,Marketing Specialist,Medium,1,48,PHISH002,HR Benefits Update,Malicious Attachment Simulation,Medium,All,T1566.001,0,0.3997,1,0,0,0,0,0,0,0
EVT002143,EMP0215,Marketing,Marketing Specialist,Medium,1,48,PHISH003,CEO Urgent Payment Request,Business Email Compromise,Hard,Finance,T1566,0,0.4218,1,0,0,0,0,0,0,0
EVT002144,EMP0215,Marketing,Marketing Specialist,Medium,1,48,PHISH004,Package Delivery Notification,Link Phishing,Easy,All,T1566.002,0,0.4318,1,0,0,0,0,0,0,0
EVT002145,EMP0215,Marketing,Marketing Specialist,Medium,1,48,PHISH005,Shared Cloud Document,Cloud Credential Phishing,Medium,All,T1566.003,0,0.228,1,0,0,0,0,0,0,0
EVT002146,EMP0215,Marketing,Marketing Specialist,Medium,1,48,PHISH006,Fake MFA Verification Request,Identity Phishing,Hard,Information Technology,T1566.002,0,0.3348,1,0,0,0,1,368,0,0
EVT002147,EMP0215,Marketing,Marketing Specialist,Medium,1,48,PHISH007,Payroll Account Verification,Credential Phishing,Medium,Human Resources,T1566.002,0,0.4373,1,0,0,0,1,630,0,0
EVT002148,EMP0215,Marketing,Marketing Specialist,Medium,1,48,PHISH008,QR Code Security Verification,QR Phishing,Hard,All,T1566.002,0,0.4532,1,0,0,0,1,95,0,0
EVT002149,EMP0215,Marketing,Marketing Specialist,Medium,1,48,PHISH009,Resume Attachment,Malicious Attachment Simulation,Medium,Human Resources,T1566.001,0,0.306,1,0,1,0,1,430,1,1
EVT002150,EMP0215,Marketing,Marketing Specialist,Medium,1,48,PHISH010,IT Helpdesk Account Verification,Credential Phishing,Hard,All,T1566.002,0,0.4424,1,0,0,0,0,0,0,0
EVT002151,EMP0216,Executive,Vice President,Privileged,1,68,PHISH001,Microsoft 365 Password Expiration,Credential Phishing,Easy,All,T1566.002,0,0.4015,0,0,0,0,0,0,1,1
EVT002152,EMP0216,Executive,Vice President,Privileged,1,68,PHISH002,HR Benefits Update,Malicious Attachment Simulation,Medium,All,T1566.001,0,0.3489,1,0,0,0,1,176,0,0
EVT002153,EMP0216,Executive,Vice President,Privileged,1,68,PHISH003,CEO Urgent Payment Request,Business Email Compromise,Hard,Finance,T1566,0,0.3607,1,0,0,0,0,0,1,1
EVT002154,EMP0216,Executive,Vice President,Privileged,1,68,PHISH004,Package Delivery Notification,Link Phishing,Easy,All,T1566.002,0,0.4083,1,1,0,0,1,116,1,1
EVT002155,EMP0216,Executive,Vice President,Privileged,1,68,PHISH005,Shared Cloud Document,Cloud Credential Phishing,Medium,All,T1566.003,0,0.2773,1,0,0,0,1,239,0,0
EVT002156,EMP0216,Executive,Vice President,Privileged,1,68,PHISH006,Fake MFA Verification Request,Identity Phishing,Hard,Information Technology,T1566.002,0,0.4228,1,0,0,0,0,0,0,0
EVT002157,EMP0216,Executive,Vice President,Privileged,1,68,PHISH007,Payroll Account Verification,Credential Phishing,Medium,Human Resources,T1566.002,0,0.3432,1,1,0,0,0,0,1,1
EVT002158,EMP0216,Executive,Vice President,Privileged,1,68,PHISH008,QR Code Security Verification,QR Phishing,Hard,All,T1566.002,0,0.257,1,0,0,0,0,0,0,0
EVT002159,EMP0216,Executive,Vice President,Privileged,1,68,PHISH009,Resume Attachment,Malicious Attachment Simulation,Medium,Human Resources,T1566.001,0,0.3353,1,0,0,0,0,0,0,0
EVT002160,EMP0216,Executive,Vice President,Privileged,1,68,PHISH010,IT Helpdesk Account Verification,Credential Phishing,Hard,All,T1566.002,0,0.4509,1,0,0,0,0,0,0,0
EVT002161,EMP0217,Operations,Operations Specialist,Low,1,82,PHISH001,Microsoft 365 Password Expiration,Credential Phishing,Easy,All,T1566.002,0,0.2002,1,1,0,1,0,0,1,1
EVT002162,EMP0217,Operations,Operations Specialist,Low,1,82,PHISH002,HR Benefits Update,Malicious Attachment Simulation,Medium,All,T1566.001,0,0.1736,1,0,0,0,0,0,0,0
EVT002163,EMP0217,Operations,Operations Specialist,Low,1,82,PHISH003,CEO Urgent Payment Request,Business Email Compromise,Hard,Finance,T1566,0,0.2348,1,0,0,0,0,0,1,1
EVT002164,EMP0217,Operations,Operations Specialist,Low,1,82,PHISH004,Package Delivery Notification,Link Phishing,Easy,All,T1566.002,0,0.1574,0,0,0,0,0,0,0,0
EVT002165,EMP0217,Operations,Operations Specialist,Low,1,82,PHISH005,Shared Cloud Document,Cloud Credential Phishing,Medium,All,T1566.003,0,0.2515,1,0,0,0,0,0,0,0
EVT002166,EMP0217,Operations,Operations Specialist,Low,1,82,PHISH006,Fake MFA Verification Request,Identity Phishing,Hard,Information Technology,T1566.002,0,0.1108,0,0,0,0,0,0,0,0
EVT002167,EMP0217,Operations,Operations Specialist,Low,1,82,PHISH007,Payroll Account Verification,Credential Phishing,Medium,Human Resources,T1566.002,0,0.1915,1,0,0,0,0,0,0,0
EVT002168,EMP0217,Operations,Operations Specialist,Low,1,82,PHISH008,QR Code Security Verification,QR Phishing,Hard,All,T1566.002,0,0.2338,1,1,0,0,0,0,1,1
EVT002169,EMP0217,Operations,Operations Specialist,Low,1,82,PHISH009,Resume Attachment,Malicious Attachment Simulation,Medium,Human Resources,T1566.001,0,0.1454,0,0,0,0,0,0,0,0
EVT002170,EMP0217,Operations,Operations Specialist,Low,1,82,PHISH010,IT Helpdesk Account Verification,Credential Phishing,Hard,All,T1566.002,0,0.1918,1,0,0,0,0,0,0,0
EVT002171,EMP0218,Human Resources,Recruiter,High,1,70,PHISH001,Microsoft 365 Password Expiration,Credential Phishing,Easy,All,T1566.002,0,0.2907,1,1,0,0,1,202,1,1
EVT002172,EMP0218,Human Resources,Recruiter,High,1,70,PHISH002,HR Benefits Update,Malicious Attachment Simulation,Medium,All,T1566.001,0,0.331,1,0,0,0,0,0,0,0
EVT002173,EMP0218,Human Resources,Recruiter,High,1,70,PHISH003,CEO Urgent Payment Request,Business Email Compromise,Hard,Finance,T1566,0,0.2628,1,0,0,0,0,0,1,1
EVT002174,EMP0218,Human Resources,Recruiter,High,1,70,PHISH004,Package Delivery Notification,Link Phishing,Easy,All,T1566.002,0,0.2937,0,0,0,0,0,0,0,0
EVT002175,EMP0218,Human Resources,Recruiter,High,1,70,PHISH005,Shared Cloud Document,Cloud Credential Phishing,Medium,All,T1566.003,0,0.2929,0,0,0,0,0,0,0,0
EVT002176,EMP0218,Human Resources,Recruiter,High,1,70,PHISH006,Fake MFA Verification Request,Identity Phishing,Hard,Information Technology,T1566.002,0,0.393,1,0,0,0,0,0,0,0
EVT002177,EMP0218,Human Resources,Recruiter,High,1,70,PHISH007,Payroll Account Verification,Credential Phishing,Medium,Human Resources,T1566.002,1,0.404,1,1,0,1,1,301,1,1
EVT002178,EMP0218,Human Resources,Recruiter,High,1,70,PHISH008,QR Code Security Verification,QR Phishing,Hard,All,T1566.002,0,0.2225,1,1,0,0,0,0,1,1
EVT002179,EMP0218,Human Resources,Recruiter,High,1,70,PHISH009,Resume Attachment,Malicious Attachment Simulation,Medium,Human Resources,T1566.001,1,0.3537,1,0,0,0,1,64,0,0
EVT002180,EMP0218,Human Resources,Recruiter,High,1,70,PHISH010,IT Helpdesk Account Verification,Credential Phishing,Hard,All,T1566.002,0,0.3774,0,0,0,0,0,0,0,0
EVT002181,EMP0219,Sales,Account Executive,Medium,1,92,PHISH001,Microsoft 365 Password Expiration,Credential Phishing,Easy,All,T1566.002,0,0.1703,1,0,0,0,1,181,0,0
EVT002182,EMP0219,Sales,Account Executive,Medium,1,92,PHISH002,HR Benefits Update,Malicious Attachment Simulation,Medium,All,T1566.001,0,0.2061,1,0,0,0,1,330,0,0
EVT002183,EMP0219,Sales,Account Executive,Medium,1,92,PHISH003,CEO Urgent Payment Request,Business Email Compromise,Hard,Finance,T1566,0,0.2104,1,0,0,0,0,0,0,0
EVT002184,EMP0219,Sales,Account Executive,Medium,1,92,PHISH004,Package Delivery Notification,Link Phishing,Easy,All,T1566.002,0,0.2377,1,0,0,0,0,0,0,0
EVT002185,EMP0219,Sales,Account Executive,Medium,1,92,PHISH005,Shared Cloud Document,Cloud Credential Phishing,Medium,All,T1566.003,0,0.3321,1,0,0,0,0,0,0,0
EVT002186,EMP0219,Sales,Account Executive,Medium,1,92,PHISH006,Fake MFA Verification Request,Identity Phishing,Hard,Information Technology,T1566.002,0,0.2316,1,1,0,1,0,0,1,1
EVT002187,EMP0219,Sales,Account Executive,Medium,1,92,PHISH007,Payroll Account Verification,Credential Phishing,Medium,Human Resources,T1566.002,0,0.1374,0,0,0,0,1,184,0,0
EVT002188,EMP0219,Sales,Account Executive,Medium,1,92,PHISH008,QR Code Security Verification,QR Phishing,Hard,All,T1566.002,0,0.1809,1,0,0,0,1,184,0,0
EVT002189,EMP0219,Sales,Account Executive,Medium,1,92,PHISH009,Resume Attachment,Malicious Attachment Simulation,Medium,Human Resources,T1566.001,0,0.3124,1,0,0,0,0,0,0,0
EVT002190,EMP0219,Sales,Account Executive,Medium,1,92,PHISH010,IT Helpdesk Account Verification,Credential Phishing,Hard,All,T1566.002,0,0.2303,1,0,0,0,0,0,0,0
EVT002191,EMP0220,Legal,Legal Assistant,High,1,81,PHISH001,Microsoft 365 Password Expiration,Credential Phishing,Easy,All,T1566.002,0,0.221,1,0,0,0,1,375,0,0
EVT002192,EMP0220,Legal,Legal Assistant,High,1,81,PHISH002,HR Benefits Update,Malicious Attachment Simulation,Medium,All,T1566.001,0,0.1491,1,0,0,0,0,0,0,0
EVT002193,EMP0220,Legal,Legal Assistant,High,1,81,PHISH003,CEO Urgent Payment Request,Business Email Compromise,Hard,Finance,T1566,0,0.1958,1,0,0,0,1,321,0,0
EVT002194,EMP0220,Legal,Legal Assistant,High,1,81,PHISH004,Package Delivery Notification,Link Phishing,Easy,All,T1566.002,0,0.2572,1,1,0,0,1,132,1,1
EVT002195,EMP0220,Legal,Legal Assistant,High,1,81,PHISH005,Shared Cloud Document,Cloud Credential Phishing,Medium,All,T1566.003,0,0.2983,1,0,0,0,1,88,0,0
EVT002196,EMP0220,Legal,Legal Assistant,High,1,81,PHISH006,Fake MFA Verification Request,Identity Phishing,Hard,Information Technology,T1566.002,0,0.21,1,0,0,0,1,68,0,0
EVT002197,EMP0220,Legal,Legal Assistant,High,1,81,PHISH007,Payroll Account Verification,Credential Phishing,Medium,Human Resources,T1566.002,0,0.3503,1,1,0,1,1,280,1,1
EVT002198,EMP0220,Legal,Legal Assistant,High,1,81,PHISH008,QR Code Security Verification,QR Phishing,Hard,All,T1566.002,0,0.1972,1,0,0,0,1,325,0,0
EVT002199,EMP0220,Legal,Legal Assistant,High,1,81,PHISH009,Resume Attachment,Malicious Attachment Simulation,Medium,Human Resources,T1566.001,0,0.2855,1,0,1,0,0,0,1,1
EVT002200,EMP0220,Legal,Legal Assistant,High,1,81,PHISH010,IT Helpdesk Account Verification,Credential Phishing,Hard,All,T1566.002,0,0.2142,0,0,0,0,0,0,0,0
EVT002201,EMP0221,Legal,Legal Assistant,High,1,82,PHISH001,Microsoft 365 Password Expiration,Credential Phishing,Easy,All,T1566.002,0,0.3476,1,0,0,0,0,0,0,0
EVT002202,EMP0221,Legal,Legal Assistant,High,1,82,PHISH002,HR Benefits Update,Malicious Attachment Simulation,Medium,All,T1566.001,0,0.3563,1,0,1,0,0,0,1,1
EVT002203,EMP0221,Legal,Legal Assistant,High,1,82,PHISH003,CEO Urgent Payment Request,Business Email Compromise,Hard,Finance,T1566,0,0.3994,1,0,0,0,1,196,1,1
EVT002204,EMP0221,Legal,Legal Assistant,High,1,82,PHISH004,Package Delivery Notification,Link Phishing,Easy,All,T1566.002,0,0.29,1,0,0,0,1,74,0,0
EVT002205,EMP0221,Legal,Legal Assistant,High,1,82,PHISH005,Shared Cloud Document,Cloud Credential Phishing,Medium,All,T1566.003,0,0.3221,0,0,0,0,1,110,1,1
EVT002206,EMP0221,Legal,Legal Assistant,High,1,82,PHISH006,Fake MFA Verification Request,Identity Phishing,Hard,Information Technology,T1566.002,0,0.2624,0,0,0,0,1,187,0,0
EVT002207,EMP0221,Legal,Legal Assistant,High,1,82,PHISH007,Payroll Account Verification,Credential Phishing,Medium,Human Resources,T1566.002,0,0.2609,1,0,0,0,1,330,0,0
EVT002208,EMP0221,Legal,Legal Assistant,High,1,82,PHISH008,QR Code Security Verification,QR Phishing,Hard,All,T1566.002,0,0.2012,1,0,0,0,1,240,0,0
EVT002209,EMP0221,Legal,Legal Assistant,High,1,82,PHISH009,Resume Attachment,Malicious Attachment Simulation,Medium,Human Resources,T1566.001,0,0.3027,1,0,0,0,1,149,0,0
EVT002210,EMP0221,Legal,Legal Assistant,High,1,82,PHISH010,IT Helpdesk Account Verification,Credential Phishing,Hard,All,T1566.002,0,0.3686,1,1,0,1,0,0,1,1
EVT002211,EMP0222,Sales,Account Executive,Medium,1,72,PHISH001,Microsoft 365 Password Expiration,Credential Phishing,Easy,All,T1566.002,0,0.3021,1,0,0,0,0,0,0,0
EVT002212,EMP0222,Sales,Account Executive,Medium,1,72,PHISH002,HR Benefits Update,Malicious Attachment Simulation,Medium,All,T1566.001,0,0.369,1,0,0,0,1,204,0,0
EVT002213,EMP0222,Sales,Account Executive,Medium,1,72,PHISH003,CEO Urgent Payment Request,Business Email Compromise,Hard,Finance,T1566,0,0.2973,1,0,0,0,0,0,0,0
EVT002214,EMP0222,Sales,Account Executive,Medium,1,72,PHISH004,Package Delivery Notification,Link Phishing,Easy,All,T1566.002,0,0.2912,1,0,0,0,1,218,0,0
EVT002215,EMP0222,Sales,Account Executive,Medium,1,72,PHISH005,Shared Cloud Document,Cloud Credential Phishing,Medium,All,T1566.003,0,0.3391,1,1,0,0,0,0,1,1
EVT002216,EMP0222,Sales,Account Executive,Medium,1,72,PHISH006,Fake MFA Verification Request,Identity Phishing,Hard,Information Technology,T1566.002,0,0.2919,1,0,0,0,1,358,0,0
EVT002217,EMP0222,Sales,Account Executive,Medium,1,72,PHISH007,Payroll Account Verification,Credential Phishing,Medium,Human Resources,T1566.002,0,0.2586,0,0,0,0,1,242,0,0
EVT002218,EMP0222,Sales,Account Executive,Medium,1,72,PHISH008,QR Code Security Verification,QR Phishing,Hard,All,T1566.002,0,0.3613,1,1,0,0,0,0,1,1
EVT002219,EMP0222,Sales,Account Executive,Medium,1,72,PHISH009,Resume Attachment,Malicious Attachment Simulation,Medium,Human Resources,T1566.001,0,0.4069,1,0,1,0,0,0,1,1
EVT002220,EMP0222,Sales,Account Executive,Medium,1,72,PHISH010,IT Helpdesk Account Verification,Credential Phishing,Hard,All,T1566.002,0,0.236,1,0,0,0,0,0,0,0
EVT002221,EMP0223,Legal,Compliance Analyst,High,1,92,PHISH001,Microsoft 365 Password Expiration,Credential Phishing,Easy,All,T1566.002,0,0.2631,0,0,0,0,0,0,1,1
EVT002222,EMP0223,Legal,Compliance Analyst,High,1,92,PHISH002,HR Benefits Update,Malicious Attachment Simulation,Medium,All,T1566.001,0,0.173,1,0,0,0,1,96,0,0
EVT002223,EMP0223,Legal,Compliance Analyst,High,1,92,PHISH003,CEO Urgent Payment Request,Business Email Compromise,Hard,Finance,T1566,0,0.1672,0,0,0,0,1,225,0,0
EVT002224,EMP0223,Legal,Compliance Analyst,High,1,92,PHISH004,Package Delivery Notification,Link Phishing,Easy,All,T1566.002,0,0.2447,0,0,0,0,0,0,0,0
EVT002225,EMP0223,Legal,Compliance Analyst,High,1,92,PHISH005,Shared Cloud Document,Cloud Credential Phishing,Medium,All,T1566.003,0,0.1275,1,0,0,0,1,395,0,0
EVT002226,EMP0223,Legal,Compliance Analyst,High,1,92,PHISH006,Fake MFA Verification Request,Identity Phishing,Hard,Information Technology,T1566.002,0,0.2456,1,0,0,0,1,213,0,0
EVT002227,EMP0223,Legal,Compliance Analyst,High,1,92,PHISH007,Payroll Account Verification,Credential Phishing,Medium,Human Resources,T1566.002,0,0.1508,1,0,0,0,1,256,0,0
EVT002228,EMP0223,Legal,Compliance Analyst,High,1,92,PHISH008,QR Code Security Verification,QR Phishing,Hard,All,T1566.002,0,0.0742,0,0,0,0,1,146,0,0
EVT002229,EMP0223,Legal,Compliance Analyst,High,1,92,PHISH009,Resume Attachment,Malicious Attachment Simulation,Medium,Human Resources,T1566.001,0,0.1866,1,0,0,0,1,145,0,0
EVT002230,EMP0223,Legal,Compliance Analyst,High,1,92,PHISH010,IT Helpdesk Account Verification,Credential Phishing,Hard,All,T1566.002,0,0.198,0,0,0,0,1,137,0,0
EVT002231,EMP0224,Finance,Finance Manager,Medium,1,73,PHISH001,Microsoft 365 Password Expiration,Credential Phishing,Easy,All,T1566.002,0,0.3443,1,1,0,0,1,275,1,1
EVT002232,EMP0224,Finance,Finance Manager,Medium,1,73,PHISH002,HR Benefits Update,Malicious Attachment Simulation,Medium,All,T1566.001,0,0.4537,1,0,1,0,0,0,1,1
EVT002233,EMP0224,Finance,Finance Manager,Medium,1,73,PHISH003,CEO Urgent Payment Request,Business Email Compromise,Hard,Finance,T1566,1,0.4513,1,0,0,0,0,0,1,1
EVT002234,EMP0224,Finance,Finance Manager,Medium,1,73,PHISH004,Package Delivery Notification,Link Phishing,Easy,All,T1566.002,0,0.3222,0,0,0,0,1,505,0,0
EVT002235,EMP0224,Finance,Finance Manager,Medium,1,73,PHISH005,Shared Cloud Document,Cloud Credential Phishing,Medium,All,T1566.003,0,0.3722,1,0,0,0,1,88,0,0
EVT002236,EMP0224,Finance,Finance Manager,Medium,1,73,PHISH006,Fake MFA Verification Request,Identity Phishing,Hard,Information Technology,T1566.002,0,0.3561,1,0,0,0,0,0,0,0
EVT002237,EMP0224,Finance,Finance Manager,Medium,1,73,PHISH007,Payroll Account Verification,Credential Phishing,Medium,Human Resources,T1566.002,0,0.322,0,0,0,0,0,0,0,0
EVT002238,EMP0224,Finance,Finance Manager,Medium,1,73,PHISH008,QR Code Security Verification,QR Phishing,Hard,All,T1566.002,0,0.4833,1,1,0,0,1,236,1,1
EVT002239,EMP0224,Finance,Finance Manager,Medium,1,73,PHISH009,Resume Attachment,Malicious Attachment Simulation,Medium,Human Resources,T1566.001,0,0.3715,1,0,0,0,0,0,0,0
EVT002240,EMP0224,Finance,Finance Manager,Medium,1,73,PHISH010,IT Helpdesk Account Verification,Credential Phishing,Hard,All,T1566.002,0,0.3164,1,1,0,0,0,0,1,1
EVT002241,EMP0225,Human Resources,HR Specialist,High,1,78,PHISH001,Microsoft 365 Password Expiration,Credential Phishing,Easy,All,T1566.002,0,0.3477,1,0,0,0,0,0,0,0
EVT002242,EMP0225,Human Resources,HR Specialist,High,1,78,PHISH002,HR Benefits Update,Malicious Attachment Simulation,Medium,All,T1566.001,0,0.3018,1,0,0,0,0,0,0,0
EVT002243,EMP0225,Human Resources,HR Specialist,High,1,78,PHISH003,CEO Urgent Payment Request,Business Email Compromise,Hard,Finance,T1566,0,0.3465,0,0,0,0,1,124,0,0
EVT002244,EMP0225,Human Resources,HR Specialist,High,1,78,PHISH004,Package Delivery Notification,Link Phishing,Easy,All,T1566.002,0,0.4498,1,0,0,0,0,0,0,0
EVT002245,EMP0225,Human Resources,HR Specialist,High,1,78,PHISH005,Shared Cloud Document,Cloud Credential Phishing,Medium,All,T1566.003,0,0.4018,1,0,0,0,1,333,0,0
EVT002246,EMP0225,Human Resources,HR Specialist,High,1,78,PHISH006,Fake MFA Verification Request,Identity Phishing,Hard,Information Technology,T1566.002,0,0.3589,0,0,0,0,1,365,0,0
EVT002247,EMP0225,Human Resources,HR Specialist,High,1,78,PHISH007,Payroll Account Verification,Credential Phishing,Medium,Human Resources,T1566.002,1,0.459,1,0,0,0,0,0,0,0
EVT002248,EMP0225,Human Resources,HR Specialist,High,1,78,PHISH008,QR Code Security Verification,QR Phishing,Hard,All,T1566.002,0,0.3827,0,0,0,0,0,0,1,1
EVT002249,EMP0225,Human Resources,HR Specialist,High,1,78,PHISH009,Resume Attachment,Malicious Attachment Simulation,Medium,Human Resources,T1566.001,1,0.4495,0,0,0,0,0,0,1,1
EVT002250,EMP0225,Human Resources,HR Specialist,High,1,78,PHISH010,IT Helpdesk Account Verification,Credential Phishing,Hard,All,T1566.002,0,0.3264,1,1,0,1,0,0,1,1
EVT002251,EMP0226,Executive,Chief Officer,High,1,98,PHISH001,Microsoft 365 Password Expiration,Credential Phishing,Easy,All,T1566.002,0,0.1928,1,1,0,0,1,79,1,1
EVT002252,EMP0226,Executive,Chief Officer,High,1,98,PHISH002,HR Benefits Update,Malicious Attachment Simulation,Medium,All,T1566.001,0,0.263,1,0,0,0,1,254,0,0
EVT002253,EMP0226,Executive,Chief Officer,High,1,98,PHISH003,CEO Urgent Payment Request,Business Email Compromise,Hard,Finance,T1566,0,0.2677,1,0,0,0,0,0,0,0
EVT002254,EMP0226,Executive,Chief Officer,High,1,98,PHISH004,Package Delivery Notification,Link Phishing,Easy,All,T1566.002,0,0.2142,1,0,0,0,0,0,0,0
EVT002255,EMP0226,Executive,Chief Officer,High,1,98,PHISH005,Shared Cloud Document,Cloud Credential Phishing,Medium,All,T1566.003,0,0.2178,1,0,0,0,1,732,0,0
EVT002256,EMP0226,Executive,Chief Officer,High,1,98,PHISH006,Fake MFA Verification Request,Identity Phishing,Hard,Information Technology,T1566.002,0,0.2524,1,0,0,0,1,271,0,0
EVT002257,EMP0226,Executive,Chief Officer,High,1,98,PHISH007,Payroll Account Verification,Credential Phishing,Medium,Human Resources,T1566.002,0,0.1618,0,0,0,0,0,0,0,0
EVT002258,EMP0226,Executive,Chief Officer,High,1,98,PHISH008,QR Code Security Verification,QR Phishing,Hard,All,T1566.002,0,0.3401,1,0,0,0,1,359,0,0
EVT002259,EMP0226,Executive,Chief Officer,High,1,98,PHISH009,Resume Attachment,Malicious Attachment Simulation,Medium,Human Resources,T1566.001,0,0.2273,1,0,0,0,0,0,0,0
EVT002260,EMP0226,Executive,Chief Officer,High,1,98,PHISH010,IT Helpdesk Account Verification,Credential Phishing,Hard,All,T1566.002,0,0.2308,1,0,0,0,1,212,0,0
EVT002261,EMP0227,Executive,Chief Officer,Privileged,1,80,PHISH001,Microsoft 365 Password Expiration,Credential Phishing,Easy,All,T1566.002,0,0.222,1,1,0,1,0,0,1,1
EVT002262,EMP0227,Executive,Chief Officer,Privileged,1,80,PHISH002,HR Benefits Update,Malicious Attachment Simulation,Medium,All,T1566.001,0,0.1065,0,0,0,0,0,0,0,0
EVT002263,EMP0227,Executive,Chief Officer,Privileged,1,80,PHISH003,CEO Urgent Payment Request,Business Email Compromise,Hard,Finance,T1566,0,0.2406,0,0,0,0,1,530,0,0
EVT002264,EMP0227,Executive,Chief Officer,Privileged,1,80,PHISH004,Package Delivery Notification,Link Phishing,Easy,All,T1566.002,0,0.1509,1,0,0,0,1,600,0,0
EVT002265,EMP0227,Executive,Chief Officer,Privileged,1,80,PHISH005,Shared Cloud Document,Cloud Credential Phishing,Medium,All,T1566.003,0,0.2188,1,0,0,0,1,192,0,0
EVT002266,EMP0227,Executive,Chief Officer,Privileged,1,80,PHISH006,Fake MFA Verification Request,Identity Phishing,Hard,Information Technology,T1566.002,0,0.2446,1,0,0,0,0,0,0,0
EVT002267,EMP0227,Executive,Chief Officer,Privileged,1,80,PHISH007,Payroll Account Verification,Credential Phishing,Medium,Human Resources,T1566.002,0,0.2572,0,0,0,0,1,376,0,0
EVT002268,EMP0227,Executive,Chief Officer,Privileged,1,80,PHISH008,QR Code Security Verification,QR Phishing,Hard,All,T1566.002,0,0.3037,1,0,0,0,0,0,0,0
EVT002269,EMP0227,Executive,Chief Officer,Privileged,1,80,PHISH009,Resume Attachment,Malicious Attachment Simulation,Medium,Human Resources,T1566.001,0,0.2264,1,0,0,0,0,0,0,0
EVT002270,EMP0227,Executive,Chief Officer,Privileged,1,80,PHISH010,IT Helpdesk Account Verification,Credential Phishing,Hard,All,T1566.002,0,0.2829,1,1,0,1,1,380,1,1
EVT002271,EMP0228,Executive,Director,High,1,87,PHISH001,Microsoft 365 Password Expiration,Credential Phishing,Easy,All,T1566.002,0,0.1121,1,0,0,0,1,164,0,0
EVT002272,EMP0228,Executive,Director,High,1,87,PHISH002,HR Benefits Update,Malicious Attachment Simulation,Medium,All,T1566.001,0,0.1414,1,0,0,0,0,0,0,0
EVT002273,EMP0228,Executive,Director,High,1,87,PHISH003,CEO Urgent Payment Request,Business Email Compromise,Hard,Finance,T1566,0,0.1548,1,0,0,0,0,0,0,0
EVT002274,EMP0228,Executive,Director,High,1,87,PHISH004,Package Delivery Notification,Link Phishing,Easy,All,T1566.002,0,0.1831,1,0,0,0,0,0,0,0
EVT002275,EMP0228,Executive,Director,High,1,87,PHISH005,Shared Cloud Document,Cloud Credential Phishing,Medium,All,T1566.003,0,0.1833,1,0,0,0,0,0,0,0
EVT002276,EMP0228,Executive,Director,High,1,87,PHISH006,Fake MFA Verification Request,Identity Phishing,Hard,Information Technology,T1566.002,0,0.2063,1,0,0,0,1,123,0,0
EVT002277,EMP0228,Executive,Director,High,1,87,PHISH007,Payroll Account Verification,Credential Phishing,Medium,Human Resources,T1566.002,0,0.1859,1,0,0,0,0,0,0,0
EVT002278,EMP0228,Executive,Director,High,1,87,PHISH008,QR Code Security Verification,QR Phishing,Hard,All,T1566.002,0,0.2813,1,0,0,0,0,0,0,0
EVT002279,EMP0228,Executive,Director,High,1,87,PHISH009,Resume Attachment,Malicious Attachment Simulation,Medium,Human Resources,T1566.001,0,0.096,1,0,0,0,1,252,0,0
EVT002280,EMP0228,Executive,Director,High,1,87,PHISH010,IT Helpdesk Account Verification,Credential Phishing,Hard,All,T1566.002,0,0.168,1,0,0,0,1,218,0,0
EVT002281,EMP0229,Operations,Operations Analyst,Medium,1,82,PHISH001,Microsoft 365 Password Expiration,Credential Phishing,Easy,All,T1566.002,0,0.4097,1,0,0,0,0,0,0,0
EVT002282,EMP0229,Operations,Operations Analyst,Medium,1,82,PHISH002,HR Benefits Update,Malicious Attachment Simulation,Medium,All,T1566.001,0,0.4188,1,0,1,0,0,0,1,1
EVT002283,EMP0229,Operations,Operations Analyst,Medium,1,82,PHISH003,CEO Urgent Payment Request,Business Email Compromise,Hard,Finance,T1566,0,0.2869,1,0,0,0,0,0,0,0
EVT002284,EMP0229,Operations,Operations Analyst,Medium,1,82,PHISH004,Package Delivery Notification,Link Phishing,Easy,All,T1566.002,0,0.2568,1,0,0,0,0,0,0,0
EVT002285,EMP0229,Operations,Operations Analyst,Medium,1,82,PHISH005,Shared Cloud Document,Cloud Credential Phishing,Medium,All,T1566.003,0,0.2609,1,0,0,0,0,0,0,0
EVT002286,EMP0229,Operations,Operations Analyst,Medium,1,82,PHISH006,Fake MFA Verification Request,Identity Phishing,Hard,Information Technology,T1566.002,0,0.2508,1,0,0,0,1,233,0,0
EVT002287,EMP0229,Operations,Operations Analyst,Medium,1,82,PHISH007,Payroll Account Verification,Credential Phishing,Medium,Human Resources,T1566.002,0,0.2562,1,0,0,0,1,249,0,0
EVT002288,EMP0229,Operations,Operations Analyst,Medium,1,82,PHISH008,QR Code Security Verification,QR Phishing,Hard,All,T1566.002,0,0.1803,0,0,0,0,0,0,0,0
EVT002289,EMP0229,Operations,Operations Analyst,Medium,1,82,PHISH009,Resume Attachment,Malicious Attachment Simulation,Medium,Human Resources,T1566.001,0,0.4431,1,0,1,0,1,234,1,1
EVT002290,EMP0229,Operations,Operations Analyst,Medium,1,82,PHISH010,IT Helpdesk Account Verification,Credential Phishing,Hard,All,T1566.002,0,0.4438,1,1,0,1,1,121,1,1
EVT002291,EMP0230,Sales,Account Executive,Medium,1,73,PHISH001,Microsoft 365 Password Expiration,Credential Phishing,Easy,All,T1566.002,0,0.1857,1,0,0,0,1,436,0,0
EVT002292,EMP0230,Sales,Account Executive,Medium,1,73,PHISH002,HR Benefits Update,Malicious Attachment Simulation,Medium,All,T1566.001,0,0.2419,1,0,0,0,0,0,0,0
EVT002293,EMP0230,Sales,Account Executive,Medium,1,73,PHISH003,CEO Urgent Payment Request,Business Email Compromise,Hard,Finance,T1566,0,0.3105,0,0,0,0,0,0,0,0
EVT002294,EMP0230,Sales,Account Executive,Medium,1,73,PHISH004,Package Delivery Notification,Link Phishing,Easy,All,T1566.002,0,0.297,1,0,0,0,0,0,0,0
EVT002295,EMP0230,Sales,Account Executive,Medium,1,73,PHISH005,Shared Cloud Document,Cloud Credential Phishing,Medium,All,T1566.003,0,0.3105,1,1,0,1,0,0,1,1
EVT002296,EMP0230,Sales,Account Executive,Medium,1,73,PHISH006,Fake MFA Verification Request,Identity Phishing,Hard,Information Technology,T1566.002,0,0.2406,1,1,0,1,0,0,1,1
EVT002297,EMP0230,Sales,Account Executive,Medium,1,73,PHISH007,Payroll Account Verification,Credential Phishing,Medium,Human Resources,T1566.002,0,0.2139,1,0,0,0,0,0,0,0
EVT002298,EMP0230,Sales,Account Executive,Medium,1,73,PHISH008,QR Code Security Verification,QR Phishing,Hard,All,T1566.002,0,0.2314,1,1,0,0,1,253,1,1
EVT002299,EMP0230,Sales,Account Executive,Medium,1,73,PHISH009,Resume Attachment,Malicious Attachment Simulation,Medium,Human Resources,T1566.001,0,0.2872,1,0,0,0,0,0,0,0
EVT002300,EMP0230,Sales,Account Executive,Medium,1,73,PHISH010,IT Helpdesk Account Verification,Credential Phishing,Hard,All,T1566.002,0,0.1925,1,0,0,0,1,103,0,0
EVT002301,EMP0231,Executive,Chief Officer,Privileged,1,72,PHISH001,Microsoft 365 Password Expiration,Credential Phishing,Easy,All,T1566.002,0,0.3488,0,0,0,0,0,0,0,0
EVT002302,EMP0231,Executive,Chief Officer,Privileged,1,72,PHISH002,HR Benefits Update,Malicious Attachment Simulation,Medium,All,T1566.001,0,0.3781,1,0,0,0,1,131,0,0
EVT002303,EMP0231,Executive,Chief Officer,Privileged,1,72,PHISH003,CEO Urgent Payment Request,Business Email Compromise,Hard,Finance,T1566,0,0.3859,1,0,0,0,0,0,0,0
EVT002304,EMP0231,Executive,Chief Officer,Privileged,1,72,PHISH004,Package Delivery Notification,Link Phishing,Easy,All,T1566.002,0,0.3643,0,0,0,0,0,0,1,1
EVT002305,EMP0231,Executive,Chief Officer,Privileged,1,72,PHISH005,Shared Cloud Document,Cloud Credential Phishing,Medium,All,T1566.003,0,0.4155,1,0,0,0,0,0,0,0
EVT002306,EMP0231,Executive,Chief Officer,Privileged,1,72,PHISH006,Fake MFA Verification Request,Identity Phishing,Hard,Information Technology,T1566.002,0,0.3591,1,1,0,1,0,0,1,1
EVT002307,EMP0231,Executive,Chief Officer,Privileged,1,72,PHISH007,Payroll Account Verification,Credential Phishing,Medium,Human Resources,T1566.002,0,0.3917,1,1,0,0,0,0,1,1
EVT002308,EMP0231,Executive,Chief Officer,Privileged,1,72,PHISH008,QR Code Security Verification,QR Phishing,Hard,All,T1566.002,0,0.4001,1,1,0,0,1,520,1,1
EVT002309,EMP0231,Executive,Chief Officer,Privileged,1,72,PHISH009,Resume Attachment,Malicious Attachment Simulation,Medium,Human Resources,T1566.001,0,0.4688,1,0,0,0,1,434,0,0
EVT002310,EMP0231,Executive,Chief Officer,Privileged,1,72,PHISH010,IT Helpdesk Account Verification,Credential Phishing,Hard,All,T1566.002,0,0.4097,1,0,0,0,1,397,0,0
EVT002311,EMP0232,Marketing,Marketing Manager,Medium,1,67,PHISH001,Microsoft 365 Password Expiration,Credential Phishing,Easy,All,T1566.002,0,0.2304,1,1,0,0,1,214,1,1
EVT002312,EMP0232,Marketing,Marketing Manager,Medium,1,67,PHISH002,HR Benefits Update,Malicious Attachment Simulation,Medium,All,T1566.001,0,0.2772,1,0,0,0,0,0,0,0
EVT002313,EMP0232,Marketing,Marketing Manager,Medium,1,67,PHISH003,CEO Urgent Payment Request,Business Email Compromise,Hard,Finance,T1566,0,0.2817,1,0,0,0,0,0,1,1
EVT002314,EMP0232,Marketing,Marketing Manager,Medium,1,67,PHISH004,Package Delivery Notification,Link Phishing,Easy,All,T1566.002,0,0.2577,0,0,0,0,0,0,1,1
EVT002315,EMP0232,Marketing,Marketing Manager,Medium,1,67,PHISH005,Shared Cloud Document,Cloud Credential Phishing,Medium,All,T1566.003,0,0.278,1,1,0,0,0,0,1,1
EVT002316,EMP0232,Marketing,Marketing Manager,Medium,1,67,PHISH006,Fake MFA Verification Request,Identity Phishing,Hard,Information Technology,T1566.002,0,0.4395,1,0,0,0,1,146,0,0
EVT002317,EMP0232,Marketing,Marketing Manager,Medium,1,67,PHISH007,Payroll Account Verification,Credential Phishing,Medium,Human Resources,T1566.002,0,0.3202,1,0,0,0,1,217,0,0
EVT002318,EMP0232,Marketing,Marketing Manager,Medium,1,67,PHISH008,QR Code Security Verification,QR Phishing,Hard,All,T1566.002,0,0.3686,1,1,0,0,0,0,1,1
EVT002319,EMP0232,Marketing,Marketing Manager,Medium,1,67,PHISH009,Resume Attachment,Malicious Attachment Simulation,Medium,Human Resources,T1566.001,0,0.3648,0,0,0,0,1,217,1,1
EVT002320,EMP0232,Marketing,Marketing Manager,Medium,1,67,PHISH010,IT Helpdesk Account Verification,Credential Phishing,Hard,All,T1566.002,0,0.3192,1,1,0,1,1,177,1,1
EVT002321,EMP0233,Legal,Legal Manager,High,1,83,PHISH001,Microsoft 365 Password Expiration,Credential Phishing,Easy,All,T1566.002,0,0.198,1,0,0,0,1,157,0,0
EVT002322,EMP0233,Legal,Legal Manager,High,1,83,PHISH002,HR Benefits Update,Malicious Attachment Simulation,Medium,All,T1566.001,0,0.2046,0,0,0,0,1,173,0,0
EVT002323,EMP0233,Legal,Legal Manager,High,1,83,PHISH003,CEO Urgent Payment Request,Business Email Compromise,Hard,Finance,T1566,0,0.2108,0,0,0,0,1,79,0,0
EVT002324,EMP0233,Legal,Legal Manager,High,1,83,PHISH004,Package Delivery Notification,Link Phishing,Easy,All,T1566.002,0,0.1851,0,0,0,0,0,0,0,0
EVT002325,EMP0233,Legal,Legal Manager,High,1,83,PHISH005,Shared Cloud Document,Cloud Credential Phishing,Medium,All,T1566.003,0,0.1686,1,0,0,0,0,0,0,0
EVT002326,EMP0233,Legal,Legal Manager,High,1,83,PHISH006,Fake MFA Verification Request,Identity Phishing,Hard,Information Technology,T1566.002,0,0.1249,1,0,0,0,0,0,0,0
EVT002327,EMP0233,Legal,Legal Manager,High,1,83,PHISH007,Payroll Account Verification,Credential Phishing,Medium,Human Resources,T1566.002,0,0.1419,1,1,0,0,1,122,1,1
EVT002328,EMP0233,Legal,Legal Manager,High,1,83,PHISH008,QR Code Security Verification,QR Phishing,Hard,All,T1566.002,0,0.0995,1,0,0,0,0,0,0,0
EVT002329,EMP0233,Legal,Legal Manager,High,1,83,PHISH009,Resume Attachment,Malicious Attachment Simulation,Medium,Human Resources,T1566.001,0,0.2382,1,0,0,0,1,208,0,0
EVT002330,EMP0233,Legal,Legal Manager,High,1,83,PHISH010,IT Helpdesk Account Verification,Credential Phishing,Hard,All,T1566.002,0,0.1892,1,1,0,1,1,202,1,1
EVT002331,EMP0234,Operations,Operations Specialist,Medium,1,82,PHISH001,Microsoft 365 Password Expiration,Credential Phishing,Easy,All,T1566.002,0,0.2311,1,0,0,0,1,176,0,0
EVT002332,EMP0234,Operations,Operations Specialist,Medium,1,82,PHISH002,HR Benefits Update,Malicious Attachment Simulation,Medium,All,T1566.001,0,0.3173,1,0,0,0,0,0,0,0
EVT002333,EMP0234,Operations,Operations Specialist,Medium,1,82,PHISH003,CEO Urgent Payment Request,Business Email Compromise,Hard,Finance,T1566,0,0.2828,1,0,0,0,0,0,0,0
EVT002334,EMP0234,Operations,Operations Specialist,Medium,1,82,PHISH004,Package Delivery Notification,Link Phishing,Easy,All,T1566.002,0,0.268,0,0,0,0,1,347,0,0
EVT002335,EMP0234,Operations,Operations Specialist,Medium,1,82,PHISH005,Shared Cloud Document,Cloud Credential Phishing,Medium,All,T1566.003,0,0.2654,1,0,0,0,0,0,0,0
EVT002336,EMP0234,Operations,Operations Specialist,Medium,1,82,PHISH006,Fake MFA Verification Request,Identity Phishing,Hard,Information Technology,T1566.002,0,0.3714,0,0,0,0,1,72,0,0
EVT002337,EMP0234,Operations,Operations Specialist,Medium,1,82,PHISH007,Payroll Account Verification,Credential Phishing,Medium,Human Resources,T1566.002,0,0.1801,1,0,0,0,1,775,0,0
EVT002338,EMP0234,Operations,Operations Specialist,Medium,1,82,PHISH008,QR Code Security Verification,QR Phishing,Hard,All,T1566.002,0,0.3117,1,0,0,0,1,575,0,0
EVT002339,EMP0234,Operations,Operations Specialist,Medium,1,82,PHISH009,Resume Attachment,Malicious Attachment Simulation,Medium,Human Resources,T1566.001,0,0.3017,1,0,1,0,1,441,1,1
EVT002340,EMP0234,Operations,Operations Specialist,Medium,1,82,PHISH010,IT Helpdesk Account Verification,Credential Phishing,Hard,All,T1566.002,0,0.2807,1,0,0,0,1,453,0,0
EVT002341,EMP0235,Sales,Sales Representative,Low,1,74,PHISH001,Microsoft 365 Password Expiration,Credential Phishing,Easy,All,T1566.002,0,0.1941,1,0,0,0,0,0,0,0
EVT002342,EMP0235,Sales,Sales Representative,Low,1,74,PHISH002,HR Benefits Update,Malicious Attachment Simulation,Medium,All,T1566.001,0,0.2488,1,0,0,0,1,601,0,0
EVT002343,EMP0235,Sales,Sales Representative,Low,1,74,PHISH003,CEO Urgent Payment Request,Business Email Compromise,Hard,Finance,T1566,0,0.298,1,0,0,0,0,0,0,0
EVT002344,EMP0235,Sales,Sales Representative,Low,1,74,PHISH004,Package Delivery Notification,Link Phishing,Easy,All,T1566.002,0,0.2574,1,0,0,0,1,173,0,0
EVT002345,EMP0235,Sales,Sales Representative,Low,1,74,PHISH005,Shared Cloud Document,Cloud Credential Phishing,Medium,All,T1566.003,0,0.1387,1,0,0,0,0,0,0,0
EVT002346,EMP0235,Sales,Sales Representative,Low,1,74,PHISH006,Fake MFA Verification Request,Identity Phishing,Hard,Information Technology,T1566.002,0,0.3161,1,1,0,1,0,0,1,1
EVT002347,EMP0235,Sales,Sales Representative,Low,1,74,PHISH007,Payroll Account Verification,Credential Phishing,Medium,Human Resources,T1566.002,0,0.2374,1,0,0,0,1,372,0,0
EVT002348,EMP0235,Sales,Sales Representative,Low,1,74,PHISH008,QR Code Security Verification,QR Phishing,Hard,All,T1566.002,0,0.181,1,0,0,0,0,0,0,0
EVT002349,EMP0235,Sales,Sales Representative,Low,1,74,PHISH009,Resume Attachment,Malicious Attachment Simulation,Medium,Human Resources,T1566.001,0,0.207,0,0,0,0,0,0,1,1
EVT002350,EMP0235,Sales,Sales Representative,Low,1,74,PHISH010,IT Helpdesk Account Verification,Credential Phishing,Hard,All,T1566.002,0,0.2132,1,1,0,0,0,0,1,1
EVT002351,EMP0236,Legal,Legal Assistant,Medium,0,66,PHISH001,Microsoft 365 Password Expiration,Credential Phishing,Easy,All,T1566.002,0,0.4357,0,0,0,0,0,0,1,1
EVT002352,EMP0236,Legal,Legal Assistant,Medium,0,66,PHISH002,HR Benefits Update,Malicious Attachment Simulation,Medium,All,T1566.001,0,0.3865,1,0,0,0,0,0,0,0
EVT002353,EMP0236,Legal,Legal Assistant,Medium,0,66,PHISH003,CEO Urgent Payment Request,Business Email Compromise,Hard,Finance,T1566,0,0.3268,1,0,0,0,0,0,1,1
EVT002354,EMP0236,Legal,Legal Assistant,Medium,0,66,PHISH004,Package Delivery Notification,Link Phishing,Easy,All,T1566.002,0,0.3918,1,0,0,0,0,0,0,0
EVT002355,EMP0236,Legal,Legal Assistant,Medium,0,66,PHISH005,Shared Cloud Document,Cloud Credential Phishing,Medium,All,T1566.003,0,0.3157,1,0,0,0,0,0,0,0
EVT002356,EMP0236,Legal,Legal Assistant,Medium,0,66,PHISH006,Fake MFA Verification Request,Identity Phishing,Hard,Information Technology,T1566.002,0,0.3122,0,0,0,0,1,64,0,0
EVT002357,EMP0236,Legal,Legal Assistant,Medium,0,66,PHISH007,Payroll Account Verification,Credential Phishing,Medium,Human Resources,T1566.002,0,0.3338,1,0,0,0,0,0,0,0
EVT002358,EMP0236,Legal,Legal Assistant,Medium,0,66,PHISH008,QR Code Security Verification,QR Phishing,Hard,All,T1566.002,0,0.38,1,0,0,0,1,460,0,0
EVT002359,EMP0236,Legal,Legal Assistant,Medium,0,66,PHISH009,Resume Attachment,Malicious Attachment Simulation,Medium,Human Resources,T1566.001,0,0.3124,1,0,0,0,0,0,0,0
EVT002360,EMP0236,Legal,Legal Assistant,Medium,0,66,PHISH010,IT Helpdesk Account Verification,Credential Phishing,Hard,All,T1566.002,0,0.383,1,0,0,0,0,0,0,0
EVT002361,EMP0237,Sales,Sales Representative,Medium,1,88,PHISH001,Microsoft 365 Password Expiration,Credential Phishing,Easy,All,T1566.002,0,0.2062,1,1,0,1,1,229,1,1
EVT002362,EMP0237,Sales,Sales Representative,Medium,1,88,PHISH002,HR Benefits Update,Malicious Attachment Simulation,Medium,All,T1566.001,0,0.1551,1,0,0,0,1,216,0,0
EVT002363,EMP0237,Sales,Sales Representative,Medium,1,88,PHISH003,CEO Urgent Payment Request,Business Email Compromise,Hard,Finance,T1566,0,0.1758,1,0,0,0,1,180,0,0
EVT002364,EMP0237,Sales,Sales Representative,Medium,1,88,PHISH004,Package Delivery Notification,Link Phishing,Easy,All,T1566.002,0,0.1892,0,0,0,0,0,0,0,0
EVT002365,EMP0237,Sales,Sales Representative,Medium,1,88,PHISH005,Shared Cloud Document,Cloud Credential Phishing,Medium,All,T1566.003,0,0.1642,1,0,0,0,1,200,0,0
EVT002366,EMP0237,Sales,Sales Representative,Medium,1,88,PHISH006,Fake MFA Verification Request,Identity Phishing,Hard,Information Technology,T1566.002,0,0.2395,1,0,0,0,1,311,0,0
EVT002367,EMP0237,Sales,Sales Representative,Medium,1,88,PHISH007,Payroll Account Verification,Credential Phishing,Medium,Human Resources,T1566.002,0,0.2113,1,0,0,0,1,403,0,0
EVT002368,EMP0237,Sales,Sales Representative,Medium,1,88,PHISH008,QR Code Security Verification,QR Phishing,Hard,All,T1566.002,0,0.309,1,0,0,0,1,94,0,0
EVT002369,EMP0237,Sales,Sales Representative,Medium,1,88,PHISH009,Resume Attachment,Malicious Attachment Simulation,Medium,Human Resources,T1566.001,0,0.2706,1,0,0,0,1,502,0,0
EVT002370,EMP0237,Sales,Sales Representative,Medium,1,88,PHISH010,IT Helpdesk Account Verification,Credential Phishing,Hard,All,T1566.002,0,0.2272,1,1,0,0,1,176,1,1
EVT002371,EMP0238,Operations,Operations Manager,Medium,1,94,PHISH001,Microsoft 365 Password Expiration,Credential Phishing,Easy,All,T1566.002,0,0.0958,1,0,0,0,1,403,0,0
EVT002372,EMP0238,Operations,Operations Manager,Medium,1,94,PHISH002,HR Benefits Update,Malicious Attachment Simulation,Medium,All,T1566.001,0,0.1586,1,0,0,0,1,753,0,0
EVT002373,EMP0238,Operations,Operations Manager,Medium,1,94,PHISH003,CEO Urgent Payment Request,Business Email Compromise,Hard,Finance,T1566,0,0.1949,1,0,0,0,0,0,1,1
EVT002374,EMP0238,Operations,Operations Manager,Medium,1,94,PHISH004,Package Delivery Notification,Link Phishing,Easy,All,T1566.002,0,0.2046,1,0,0,0,1,235,0,0
EVT002375,EMP0238,Operations,Operations Manager,Medium,1,94,PHISH005,Shared Cloud Document,Cloud Credential Phishing,Medium,All,T1566.003,0,0.1733,1,0,0,0,0,0,0,0
EVT002376,EMP0238,Operations,Operations Manager,Medium,1,94,PHISH006,Fake MFA Verification Request,Identity Phishing,Hard,Information Technology,T1566.002,0,0.2098,0,0,0,0,0,0,0,0
EVT002377,EMP0238,Operations,Operations Manager,Medium,1,94,PHISH007,Payroll Account Verification,Credential Phishing,Medium,Human Resources,T1566.002,0,0.2003,1,0,0,0,0,0,0,0
EVT002378,EMP0238,Operations,Operations Manager,Medium,1,94,PHISH008,QR Code Security Verification,QR Phishing,Hard,All,T1566.002,0,0.3003,1,0,0,0,0,0,0,0
EVT002379,EMP0238,Operations,Operations Manager,Medium,1,94,PHISH009,Resume Attachment,Malicious Attachment Simulation,Medium,Human Resources,T1566.001,0,0.2685,1,0,0,0,1,484,0,0
EVT002380,EMP0238,Operations,Operations Manager,Medium,1,94,PHISH010,IT Helpdesk Account Verification,Credential Phishing,Hard,All,T1566.002,0,0.236,1,0,0,0,0,0,0,0
EVT002381,EMP0239,Human Resources,HR Specialist,High,1,56,PHISH001,Microsoft 365 Password Expiration,Credential Phishing,Easy,All,T1566.002,0,0.339,1,0,0,0,1,127,0,0
EVT002382,EMP0239,Human Resources,HR Specialist,High,1,56,PHISH002,HR Benefits Update,Malicious Attachment Simulation,Medium,All,T1566.001,0,0.3764,1,0,0,0,0,0,0,0
EVT002383,EMP0239,Human Resources,HR Specialist,High,1,56,PHISH003,CEO Urgent Payment Request,Business Email Compromise,Hard,Finance,T1566,0,0.3176,1,0,0,0,0,0,0,0
EVT002384,EMP0239,Human Resources,HR Specialist,High,1,56,PHISH004,Package Delivery Notification,Link Phishing,Easy,All,T1566.002,0,0.4409,1,0,0,0,0,0,0,0
EVT002385,EMP0239,Human Resources,HR Specialist,High,1,56,PHISH005,Shared Cloud Document,Cloud Credential Phishing,Medium,All,T1566.003,0,0.2727,1,0,0,0,1,149,0,0
EVT002386,EMP0239,Human Resources,HR Specialist,High,1,56,PHISH006,Fake MFA Verification Request,Identity Phishing,Hard,Information Technology,T1566.002,0,0.2598,1,0,0,0,1,88,0,0
EVT002387,EMP0239,Human Resources,HR Specialist,High,1,56,PHISH007,Payroll Account Verification,Credential Phishing,Medium,Human Resources,T1566.002,1,0.4364,1,0,0,0,1,400,0,0
EVT002388,EMP0239,Human Resources,HR Specialist,High,1,56,PHISH008,QR Code Security Verification,QR Phishing,Hard,All,T1566.002,0,0.3902,1,1,0,0,0,0,1,1
EVT002389,EMP0239,Human Resources,HR Specialist,High,1,56,PHISH009,Resume Attachment,Malicious Attachment Simulation,Medium,Human Resources,T1566.001,1,0.4846,1,0,1,0,0,0,1,1
EVT002390,EMP0239,Human Resources,HR Specialist,High,1,56,PHISH010,IT Helpdesk Account Verification,Credential Phishing,Hard,All,T1566.002,0,0.4103,1,0,0,0,1,136,0,0
EVT002391,EMP0240,Sales,Account Executive,Low,1,95,PHISH001,Microsoft 365 Password Expiration,Credential Phishing,Easy,All,T1566.002,0,0.1824,1,0,0,0,1,290,0,0
EVT002392,EMP0240,Sales,Account Executive,Low,1,95,PHISH002,HR Benefits Update,Malicious Attachment Simulation,Medium,All,T1566.001,0,0.252,1,0,1,0,1,324,1,1
EVT002393,EMP0240,Sales,Account Executive,Low,1,95,PHISH003,CEO Urgent Payment Request,Business Email Compromise,Hard,Finance,T1566,0,0.3127,0,0,0,0,1,235,1,1
EVT002394,EMP0240,Sales,Account Executive,Low,1,95,PHISH004,Package Delivery Notification,Link Phishing,Easy,All,T1566.002,0,0.265,0,0,0,0,1,531,0,0
EVT002395,EMP0240,Sales,Account Executive,Low,1,95,PHISH005,Shared Cloud Document,Cloud Credential Phishing,Medium,All,T1566.003,0,0.2687,1,1,0,1,1,172,1,1
EVT002396,EMP0240,Sales,Account Executive,Low,1,95,PHISH006,Fake MFA Verification Request,Identity Phishing,Hard,Information Technology,T1566.002,0,0.3922,1,0,0,0,0,0,0,0
EVT002397,EMP0240,Sales,Account Executive,Low,1,95,PHISH007,Payroll Account Verification,Credential Phishing,Medium,Human Resources,T1566.002,0,0.3189,1,1,0,1,1,282,1,1
EVT002398,EMP0240,Sales,Account Executive,Low,1,95,PHISH008,QR Code Security Verification,QR Phishing,Hard,All,T1566.002,0,0.3129,1,1,0,0,0,0,1,1
EVT002399,EMP0240,Sales,Account Executive,Low,1,95,PHISH009,Resume Attachment,Malicious Attachment Simulation,Medium,Human Resources,T1566.001,0,0.3126,1,0,0,0,1,116,0,0
EVT002400,EMP0240,Sales,Account Executive,Low,1,95,PHISH010,IT Helpdesk Account Verification,Credential Phishing,Hard,All,T1566.002,0,0.2937,1,0,0,0,1,82,0,0
EVT002401,EMP0241,Operations,Operations Analyst,Low,1,100,PHISH001,Microsoft 365 Password Expiration,Credential Phishing,Easy,All,T1566.002,0,0.1538,1,0,0,0,0,0,0,0
EVT002402,EMP0241,Operations,Operations Analyst,Low,1,100,PHISH002,HR Benefits Update,Malicious Attachment Simulation,Medium,All,T1566.001,0,0.1149,0,0,0,0,1,225,0,0
EVT002403,EMP0241,Operations,Operations Analyst,Low,1,100,PHISH003,CEO Urgent Payment Request,Business Email Compromise,Hard,Finance,T1566,0,0.3133,1,0,0,0,1,184,0,0
EVT002404,EMP0241,Operations,Operations Analyst,Low,1,100,PHISH004,Package Delivery Notification,Link Phishing,Easy,All,T1566.002,0,0.2327,1,0,0,0,0,0,0,0
EVT002405,EMP0241,Operations,Operations Analyst,Low,1,100,PHISH005,Shared Cloud Document,Cloud Credential Phishing,Medium,All,T1566.003,0,0.1529,0,0,0,0,1,292,0,0
EVT002406,EMP0241,Operations,Operations Analyst,Low,1,100,PHISH006,Fake MFA Verification Request,Identity Phishing,Hard,Information Technology,T1566.002,0,0.0759,1,0,0,0,0,0,0,0
EVT002407,EMP0241,Operations,Operations Analyst,Low,1,100,PHISH007,Payroll Account Verification,Credential Phishing,Medium,Human Resources,T1566.002,0,0.1569,1,0,0,0,1,362,0,0
EVT002408,EMP0241,Operations,Operations Analyst,Low,1,100,PHISH008,QR Code Security Verification,QR Phishing,Hard,All,T1566.002,0,0.1726,0,0,0,0,1,521,0,0
EVT002409,EMP0241,Operations,Operations Analyst,Low,1,100,PHISH009,Resume Attachment,Malicious Attachment Simulation,Medium,Human Resources,T1566.001,0,0.1698,0,0,0,0,1,206,0,0
EVT002410,EMP0241,Operations,Operations Analyst,Low,1,100,PHISH010,IT Helpdesk Account Verification,Credential Phishing,Hard,All,T1566.002,0,0.0765,0,0,0,0,1,87,0,0
EVT002411,EMP0242,Operations,Operations Analyst,Low,1,79,PHISH001,Microsoft 365 Password Expiration,Credential Phishing,Easy,All,T1566.002,0,0.191,1,0,0,0,1,281,0,0
EVT002412,EMP0242,Operations,Operations Analyst,Low,1,79,PHISH002,HR Benefits Update,Malicious Attachment Simulation,Medium,All,T1566.001,0,0.2575,1,0,0,0,0,0,0,0
EVT002413,EMP0242,Operations,Operations Analyst,Low,1,79,PHISH003,CEO Urgent Payment Request,Business Email Compromise,Hard,Finance,T1566,0,0.2667,1,0,0,0,1,237,1,1
EVT002414,EMP0242,Operations,Operations Analyst,Low,1,79,PHISH004,Package Delivery Notification,Link Phishing,Easy,All,T1566.002,0,0.2989,1,0,0,0,0,0,0,0
EVT002415,EMP0242,Operations,Operations Analyst,Low,1,79,PHISH005,Shared Cloud Document,Cloud Credential Phishing,Medium,All,T1566.003,0,0.2695,1,1,0,1,0,0,1,1
EVT002416,EMP0242,Operations,Operations Analyst,Low,1,79,PHISH006,Fake MFA Verification Request,Identity Phishing,Hard,Information Technology,T1566.002,0,0.3584,1,1,0,0,0,0,1,1
EVT002417,EMP0242,Operations,Operations Analyst,Low,1,79,PHISH007,Payroll Account Verification,Credential Phishing,Medium,Human Resources,T1566.002,0,0.2555,1,1,0,1,0,0,1,1
EVT002418,EMP0242,Operations,Operations Analyst,Low,1,79,PHISH008,QR Code Security Verification,QR Phishing,Hard,All,T1566.002,0,0.3728,1,0,0,0,0,0,0,0
EVT002419,EMP0242,Operations,Operations Analyst,Low,1,79,PHISH009,Resume Attachment,Malicious Attachment Simulation,Medium,Human Resources,T1566.001,0,0.2489,1,0,0,0,1,106,0,0
EVT002420,EMP0242,Operations,Operations Analyst,Low,1,79,PHISH010,IT Helpdesk Account Verification,Credential Phishing,Hard,All,T1566.002,0,0.2239,0,0,0,0,0,0,1,1
EVT002421,EMP0243,Operations,Operations Manager,Low,1,83,PHISH001,Microsoft 365 Password Expiration,Credential Phishing,Easy,All,T1566.002,0,0.1361,1,0,0,0,1,334,0,0
EVT002422,EMP0243,Operations,Operations Manager,Low,1,83,PHISH002,HR Benefits Update,Malicious Attachment Simulation,Medium,All,T1566.001,0,0.2263,1,0,1,0,1,311,1,1
EVT002423,EMP0243,Operations,Operations Manager,Low,1,83,PHISH003,CEO Urgent Payment Request,Business Email Compromise,Hard,Finance,T1566,0,0.2417,0,0,0,0,0,0,0,0
EVT002424,EMP0243,Operations,Operations Manager,Low,1,83,PHISH004,Package Delivery Notification,Link Phishing,Easy,All,T1566.002,0,0.3216,1,1,0,0,0,0,1,1
EVT002425,EMP0243,Operations,Operations Manager,Low,1,83,PHISH005,Shared Cloud Document,Cloud Credential Phishing,Medium,All,T1566.003,0,0.2102,0,0,0,0,1,217,0,0
EVT002426,EMP0243,Operations,Operations Manager,Low,1,83,PHISH006,Fake MFA Verification Request,Identity Phishing,Hard,Information Technology,T1566.002,0,0.1791,1,0,0,0,1,362,0,0
EVT002427,EMP0243,Operations,Operations Manager,Low,1,83,PHISH007,Payroll Account Verification,Credential Phishing,Medium,Human Resources,T1566.002,0,0.1791,0,0,0,0,1,510,0,0
EVT002428,EMP0243,Operations,Operations Manager,Low,1,83,PHISH008,QR Code Security Verification,QR Phishing,Hard,All,T1566.002,0,0.1785,1,0,0,0,1,240,0,0
EVT002429,EMP0243,Operations,Operations Manager,Low,1,83,PHISH009,Resume Attachment,Malicious Attachment Simulation,Medium,Human Resources,T1566.001,0,0.2111,1,0,1,0,0,0,1,1
EVT002430,EMP0243,Operations,Operations Manager,Low,1,83,PHISH010,IT Helpdesk Account Verification,Credential Phishing,Hard,All,T1566.002,0,0.1938,1,1,0,0,1,133,1,1
EVT002431,EMP0244,Executive,Director,High,1,80,PHISH001,Microsoft 365 Password Expiration,Credential Phishing,Easy,All,T1566.002,0,0.3265,1,0,0,0,1,379,0,0
EVT002432,EMP0244,Executive,Director,High,1,80,PHISH002,HR Benefits Update,Malicious Attachment Simulation,Medium,All,T1566.001,0,0.2148,1,0,0,0,1,138,0,0
EVT002433,EMP0244,Executive,Director,High,1,80,PHISH003,CEO Urgent Payment Request,Business Email Compromise,Hard,Finance,T1566,0,0.2539,1,0,0,0,0,0,0,0
EVT002434,EMP0244,Executive,Director,High,1,80,PHISH004,Package Delivery Notification,Link Phishing,Easy,All,T1566.002,0,0.1797,1,0,0,0,1,428,0,0
EVT002435,EMP0244,Executive,Director,High,1,80,PHISH005,Shared Cloud Document,Cloud Credential Phishing,Medium,All,T1566.003,0,0.3302,1,0,0,0,0,0,0,0
EVT002436,EMP0244,Executive,Director,High,1,80,PHISH006,Fake MFA Verification Request,Identity Phishing,Hard,Information Technology,T1566.002,0,0.2485,1,0,0,0,0,0,0,0
EVT002437,EMP0244,Executive,Director,High,1,80,PHISH007,Payroll Account Verification,Credential Phishing,Medium,Human Resources,T1566.002,0,0.2885,1,0,0,0,0,0,0,0
EVT002438,EMP0244,Executive,Director,High,1,80,PHISH008,QR Code Security Verification,QR Phishing,Hard,All,T1566.002,0,0.2342,1,0,0,0,0,0,0,0
EVT002439,EMP0244,Executive,Director,High,1,80,PHISH009,Resume Attachment,Malicious Attachment Simulation,Medium,Human Resources,T1566.001,0,0.2462,1,0,0,0,1,78,0,0
EVT002440,EMP0244,Executive,Director,High,1,80,PHISH010,IT Helpdesk Account Verification,Credential Phishing,Hard,All,T1566.002,0,0.3033,1,1,0,1,1,334,1,1
EVT002441,EMP0245,Operations,Operations Specialist,Medium,1,97,PHISH001,Microsoft 365 Password Expiration,Credential Phishing,Easy,All,T1566.002,0,0.1654,1,0,0,0,0,0,0,0
EVT002442,EMP0245,Operations,Operations Specialist,Medium,1,97,PHISH002,HR Benefits Update,Malicious Attachment Simulation,Medium,All,T1566.001,0,0.162,0,0,0,0,0,0,0,0
EVT002443,EMP0245,Operations,Operations Specialist,Medium,1,97,PHISH003,CEO Urgent Payment Request,Business Email Compromise,Hard,Finance,T1566,0,0.1545,1,0,0,0,0,0,1,1
EVT002444,EMP0245,Operations,Operations Specialist,Medium,1,97,PHISH004,Package Delivery Notification,Link Phishing,Easy,All,T1566.002,0,0.1056,1,0,0,0,1,197,0,0
EVT002445,EMP0245,Operations,Operations Specialist,Medium,1,97,PHISH005,Shared Cloud Document,Cloud Credential Phishing,Medium,All,T1566.003,0,0.1183,1,0,0,0,0,0,0,0
EVT002446,EMP0245,Operations,Operations Specialist,Medium,1,97,PHISH006,Fake MFA Verification Request,Identity Phishing,Hard,Information Technology,T1566.002,0,0.357,0,0,0,0,0,0,0,0
EVT002447,EMP0245,Operations,Operations Specialist,Medium,1,97,PHISH007,Payroll Account Verification,Credential Phishing,Medium,Human Resources,T1566.002,0,0.1582,1,0,0,0,1,293,0,0
EVT002448,EMP0245,Operations,Operations Specialist,Medium,1,97,PHISH008,QR Code Security Verification,QR Phishing,Hard,All,T1566.002,0,0.2199,1,0,0,0,1,280,0,0
EVT002449,EMP0245,Operations,Operations Specialist,Medium,1,97,PHISH009,Resume Attachment,Malicious Attachment Simulation,Medium,Human Resources,T1566.001,0,0.1682,0,0,0,0,0,0,0,0
EVT002450,EMP0245,Operations,Operations Specialist,Medium,1,97,PHISH010,IT Helpdesk Account Verification,Credential Phishing,Hard,All,T1566.002,0,0.1923,1,0,0,0,0,0,0,0
EVT002451,EMP0246,Executive,Vice President,High,1,71,PHISH001,Microsoft 365 Password Expiration,Credential Phishing,Easy,All,T1566.002,0,0.318,1,0,0,0,1,299,0,0
EVT002452,EMP0246,Executive,Vice President,High,1,71,PHISH002,HR Benefits Update,Malicious Attachment Simulation,Medium,All,T1566.001,0,0.3341,1,0,1,0,0,0,1,1
EVT002453,EMP0246,Executive,Vice President,High,1,71,PHISH003,CEO Urgent Payment Request,Business Email Compromise,Hard,Finance,T1566,0,0.2636,1,0,0,0,1,431,0,0
EVT002454,EMP0246,Executive,Vice President,High,1,71,PHISH004,Package Delivery Notification,Link Phishing,Easy,All,T1566.002,0,0.2802,1,0,0,0,1,169,0,0
EVT002455,EMP0246,Executive,Vice President,High,1,71,PHISH005,Shared Cloud Document,Cloud Credential Phishing,Medium,All,T1566.003,0,0.2099,0,0,0,0,1,157,0,0
EVT002456,EMP0246,Executive,Vice President,High,1,71,PHISH006,Fake MFA Verification Request,Identity Phishing,Hard,Information Technology,T1566.002,0,0.1893,1,0,0,0,1,523,0,0
EVT002457,EMP0246,Executive,Vice President,High,1,71,PHISH007,Payroll Account Verification,Credential Phishing,Medium,Human Resources,T1566.002,0,0.2466,1,0,0,0,0,0,0,0
EVT002458,EMP0246,Executive,Vice President,High,1,71,PHISH008,QR Code Security Verification,QR Phishing,Hard,All,T1566.002,0,0.2084,0,0,0,0,0,0,0,0
EVT002459,EMP0246,Executive,Vice President,High,1,71,PHISH009,Resume Attachment,Malicious Attachment Simulation,Medium,Human Resources,T1566.001,0,0.3647,1,0,1,0,1,245,1,1
EVT002460,EMP0246,Executive,Vice President,High,1,71,PHISH010,IT Helpdesk Account Verification,Credential Phishing,Hard,All,T1566.002,0,0.1941,1,1,0,0,1,353,1,1
EVT002461,EMP0247,Finance,Accountant,High,0,78,PHISH001,Microsoft 365 Password Expiration,Credential Phishing,Easy,All,T1566.002,0,0.443,1,0,0,0,1,127,0,0
EVT002462,EMP0247,Finance,Accountant,High,0,78,PHISH002,HR Benefits Update,Malicious Attachment Simulation,Medium,All,T1566.001,0,0.4479,1,0,0,0,0,0,0,0
EVT002463,EMP0247,Finance,Accountant,High,0,78,PHISH003,CEO Urgent Payment Request,Business Email Compromise,Hard,Finance,T1566,1,0.4886,1,0,0,0,0,0,1,1
EVT002464,EMP0247,Finance,Accountant,High,0,78,PHISH004,Package Delivery Notification,Link Phishing,Easy,All,T1566.002,0,0.4877,1,0,0,0,1,230,0,0
EVT002465,EMP0247,Finance,Accountant,High,0,78,PHISH005,Shared Cloud Document,Cloud Credential Phishing,Medium,All,T1566.003,0,0.4089,1,1,0,0,1,112,1,1
EVT002466,EMP0247,Finance,Accountant,High,0,78,PHISH006,Fake MFA Verification Request,Identity Phishing,Hard,Information Technology,T1566.002,0,0.4025,1,0,0,0,1,245,0,0
EVT002467,EMP0247,Finance,Accountant,High,0,78,PHISH007,Payroll Account Verification,Credential Phishing,Medium,Human Resources,T1566.002,0,0.3878,1,0,0,0,1,183,0,0
EVT002468,EMP0247,Finance,Accountant,High,0,78,PHISH008,QR Code Security Verification,QR Phishing,Hard,All,T1566.002,0,0.4731,1,1,0,0,1,402,1,1
EVT002469,EMP0247,Finance,Accountant,High,0,78,PHISH009,Resume Attachment,Malicious Attachment Simulation,Medium,Human Resources,T1566.001,0,0.4431,0,0,0,0,0,0,0,0
EVT002470,EMP0247,Finance,Accountant,High,0,78,PHISH010,IT Helpdesk Account Verification,Credential Phishing,Hard,All,T1566.002,0,0.4286,1,1,0,1,0,0,1,1
EVT002471,EMP0248,Human Resources,HR Specialist,High,1,91,PHISH001,Microsoft 365 Password Expiration,Credential Phishing,Easy,All,T1566.002,0,0.1234,1,0,0,0,1,240,0,0
EVT002472,EMP0248,Human Resources,HR Specialist,High,1,91,PHISH002,HR Benefits Update,Malicious Attachment Simulation,Medium,All,T1566.001,0,0.1866,1,0,0,0,1,179,0,0
EVT002473,EMP0248,Human Resources,HR Specialist,High,1,91,PHISH003,CEO Urgent Payment Request,Business Email Compromise,Hard,Finance,T1566,0,0.177,1,0,0,0,1,400,0,0
EVT002474,EMP0248,Human Resources,HR Specialist,High,1,91,PHISH004,Package Delivery Notification,Link Phishing,Easy,All,T1566.002,0,0.2073,0,0,0,0,1,129,0,0
EVT002475,EMP0248,Human Resources,HR Specialist,High,1,91,PHISH005,Shared Cloud Document,Cloud Credential Phishing,Medium,All,T1566.003,0,0.1581,1,0,0,0,0,0,0,0
EVT002476,EMP0248,Human Resources,HR Specialist,High,1,91,PHISH006,Fake MFA Verification Request,Identity Phishing,Hard,Information Technology,T1566.002,0,0.2012,0,0,0,0,1,566,0,0
EVT002477,EMP0248,Human Resources,HR Specialist,High,1,91,PHISH007,Payroll Account Verification,Credential Phishing,Medium,Human Resources,T1566.002,1,0.3314,1,0,0,0,1,130,0,0
EVT002478,EMP0248,Human Resources,HR Specialist,High,1,91,PHISH008,QR Code Security Verification,QR Phishing,Hard,All,T1566.002,0,0.0473,0,0,0,0,0,0,0,0
EVT002479,EMP0248,Human Resources,HR Specialist,High,1,91,PHISH009,Resume Attachment,Malicious Attachment Simulation,Medium,Human Resources,T1566.001,1,0.2009,1,0,0,0,0,0,0,0
EVT002480,EMP0248,Human Resources,HR Specialist,High,1,91,PHISH010,IT Helpdesk Account Verification,Credential Phishing,Hard,All,T1566.002,0,0.1658,1,0,0,0,1,156,0,0
EVT002481,EMP0249,Executive,Director,High,1,65,PHISH001,Microsoft 365 Password Expiration,Credential Phishing,Easy,All,T1566.002,0,0.3251,1,0,0,0,1,310,0,0
EVT002482,EMP0249,Executive,Director,High,1,65,PHISH002,HR Benefits Update,Malicious Attachment Simulation,Medium,All,T1566.001,0,0.3036,1,0,0,0,0,0,0,0
EVT002483,EMP0249,Executive,Director,High,1,65,PHISH003,CEO Urgent Payment Request,Business Email Compromise,Hard,Finance,T1566,0,0.4337,1,0,0,0,1,68,1,1
EVT002484,EMP0249,Executive,Director,High,1,65,PHISH004,Package Delivery Notification,Link Phishing,Easy,All,T1566.002,0,0.3442,1,1,0,0,0,0,1,1
EVT002485,EMP0249,Executive,Director,High,1,65,PHISH005,Shared Cloud Document,Cloud Credential Phishing,Medium,All,T1566.003,0,0.3485,1,0,0,0,0,0,0,0
EVT002486,EMP0249,Executive,Director,High,1,65,PHISH006,Fake MFA Verification Request,Identity Phishing,Hard,Information Technology,T1566.002,0,0.3057,1,1,0,0,0,0,1,1
EVT002487,EMP0249,Executive,Director,High,1,65,PHISH007,Payroll Account Verification,Credential Phishing,Medium,Human Resources,T1566.002,0,0.3099,1,0,0,0,1,111,0,0
EVT002488,EMP0249,Executive,Director,High,1,65,PHISH008,QR Code Security Verification,QR Phishing,Hard,All,T1566.002,0,0.3423,0,0,0,0,1,132,0,0
EVT002489,EMP0249,Executive,Director,High,1,65,PHISH009,Resume Attachment,Malicious Attachment Simulation,Medium,Human Resources,T1566.001,0,0.3111,1,0,0,0,1,80,0,0
EVT002490,EMP0249,Executive,Director,High,1,65,PHISH010,IT Helpdesk Account Verification,Credential Phishing,Hard,All,T1566.002,0,0.2855,0,0,0,0,1,153,0,0
EVT002491,EMP0250,Information Technology,IT Support Analyst,Privileged,1,58,PHISH001,Microsoft 365 Password Expiration,Credential Phishing,Easy,All,T1566.002,0,0.2998,1,0,0,0,1,433,0,0
EVT002492,EMP0250,Information Technology,IT Support Analyst,Privileged,1,58,PHISH002,HR Benefits Update,Malicious Attachment Simulation,Medium,All,T1566.001,0,0.3015,1,0,0,0,0,0,0,0
EVT002493,EMP0250,Information Technology,IT Support Analyst,Privileged,1,58,PHISH003,CEO Urgent Payment Request,Business Email Compromise,Hard,Finance,T1566,0,0.3036,1,0,0,0,0,0,1,1
EVT002494,EMP0250,Information Technology,IT Support Analyst,Privileged,1,58,PHISH004,Package Delivery Notification,Link Phishing,Easy,All,T1566.002,0,0.1751,1,0,0,0,0,0,0,0
EVT002495,EMP0250,Information Technology,IT Support Analyst,Privileged,1,58,PHISH005,Shared Cloud Document,Cloud Credential Phishing,Medium,All,T1566.003,0,0.3243,1,0,0,0,1,224,0,0
EVT002496,EMP0250,Information Technology,IT Support Analyst,Privileged,1,58,PHISH006,Fake MFA Verification Request,Identity Phishing,Hard,Information Technology,T1566.002,1,0.4082,1,1,0,0,0,0,1,1
EVT002497,EMP0250,Information Technology,IT Support Analyst,Privileged,1,58,PHISH007,Payroll Account Verification,Credential Phishing,Medium,Human Resources,T1566.002,0,0.3183,1,0,0,0,0,0,0,0
EVT002498,EMP0250,Information Technology,IT Support Analyst,Privileged,1,58,PHISH008,QR Code Security Verification,QR Phishing,Hard,All,T1566.002,0,0.2396,1,0,0,0,0,0,0,0
EVT002499,EMP0250,Information Technology,IT Support Analyst,Privileged,1,58,PHISH009,Resume Attachment,Malicious Attachment Simulation,Medium,Human Resources,T1566.001,0,0.4287,1,0,0,0,1,117,0,0
EVT002500,EMP0250,Information Technology,IT Support Analyst,Privileged,1,58,PHISH010,IT Helpdesk Account Verification,Credential Phishing,Hard,All,T1566.002,0,0.3529,1,0,0,0,1,320,0,0
EVT002501,EMP0251,Operations,Operations Analyst,Low,1,73,PHISH001,Microsoft 365 Password Expiration,Credential Phishing,Easy,All,T1566.002,0,0.2214,0,0,0,0,0,0,0,0
EVT002502,EMP0251,Operations,Operations Analyst,Low,1,73,PHISH002,HR Benefits Update,Malicious Attachment Simulation,Medium,All,T1566.001,0,0.2783,0,0,0,0,1,788,1,1
EVT002503,EMP0251,Operations,Operations Analyst,Low,1,73,PHISH003,CEO Urgent Payment Request,Business Email Compromise,Hard,Finance,T1566,0,0.2808,0,0,0,0,1,122,0,0
EVT002504,EMP0251,Operations,Operations Analyst,Low,1,73,PHISH004,Package Delivery Notification,Link Phishing,Easy,All,T1566.002,0,0.2517,0,0,0,0,0,0,1,1
EVT002505,EMP0251,Operations,Operations Analyst,Low,1,73,PHISH005,Shared Cloud Document,Cloud Credential Phishing,Medium,All,T1566.003,0,0.3107,1,0,0,0,0,0,0,0
EVT002506,EMP0251,Operations,Operations Analyst,Low,1,73,PHISH006,Fake MFA Verification Request,Identity Phishing,Hard,Information Technology,T1566.002,0,0.2943,0,0,0,0,0,0,0,0
EVT002507,EMP0251,Operations,Operations Analyst,Low,1,73,PHISH007,Payroll Account Verification,Credential Phishing,Medium,Human Resources,T1566.002,0,0.2846,0,0,0,0,0,0,1,1
EVT002508,EMP0251,Operations,Operations Analyst,Low,1,73,PHISH008,QR Code Security Verification,QR Phishing,Hard,All,T1566.002,0,0.3777,1,1,0,0,0,0,1,1
EVT002509,EMP0251,Operations,Operations Analyst,Low,1,73,PHISH009,Resume Attachment,Malicious Attachment Simulation,Medium,Human Resources,T1566.001,0,0.1913,1,0,0,0,0,0,0,0
EVT002510,EMP0251,Operations,Operations Analyst,Low,1,73,PHISH010,IT Helpdesk Account Verification,Credential Phishing,Hard,All,T1566.002,0,0.167,1,0,0,0,0,0,0,0
EVT002511,EMP0252,Human Resources,HR Manager,High,1,98,PHISH001,Microsoft 365 Password Expiration,Credential Phishing,Easy,All,T1566.002,0,0.1117,1,0,0,0,1,510,0,0
EVT002512,EMP0252,Human Resources,HR Manager,High,1,98,PHISH002,HR Benefits Update,Malicious Attachment Simulation,Medium,All,T1566.001,0,0.2065,1,0,0,0,1,385,0,0
EVT002513,EMP0252,Human Resources,HR Manager,High,1,98,PHISH003,CEO Urgent Payment Request,Business Email Compromise,Hard,Finance,T1566,0,0.0876,1,0,0,0,0,0,0,0
EVT002514,EMP0252,Human Resources,HR Manager,High,1,98,PHISH004,Package Delivery Notification,Link Phishing,Easy,All,T1566.002,0,0.0783,1,0,0,0,1,271,0,0
EVT002515,EMP0252,Human Resources,HR Manager,High,1,98,PHISH005,Shared Cloud Document,Cloud Credential Phishing,Medium,All,T1566.003,0,0.1274,1,1,0,0,0,0,1,1
EVT002516,EMP0252,Human Resources,HR Manager,High,1,98,PHISH006,Fake MFA Verification Request,Identity Phishing,Hard,Information Technology,T1566.002,0,0.104,0,0,0,0,0,0,0,0
EVT002517,EMP0252,Human Resources,HR Manager,High,1,98,PHISH007,Payroll Account Verification,Credential Phishing,Medium,Human Resources,T1566.002,1,0.1066,0,0,0,0,1,171,0,0
EVT002518,EMP0252,Human Resources,HR Manager,High,1,98,PHISH008,QR Code Security Verification,QR Phishing,Hard,All,T1566.002,0,0.0626,1,0,0,0,1,357,0,0
EVT002519,EMP0252,Human Resources,HR Manager,High,1,98,PHISH009,Resume Attachment,Malicious Attachment Simulation,Medium,Human Resources,T1566.001,1,0.2179,1,0,0,0,0,0,0,0
EVT002520,EMP0252,Human Resources,HR Manager,High,1,98,PHISH010,IT Helpdesk Account Verification,Credential Phishing,Hard,All,T1566.002,0,0.1284,1,1,0,0,1,242,1,1
EVT002521,EMP0253,Sales,Sales Manager,Medium,1,45,PHISH001,Microsoft 365 Password Expiration,Credential Phishing,Easy,All,T1566.002,0,0.3365,1,0,0,0,0,0,0,0
EVT002522,EMP0253,Sales,Sales Manager,Medium,1,45,PHISH002,HR Benefits Update,Malicious Attachment Simulation,Medium,All,T1566.001,0,0.3138,1,0,0,0,1,217,0,0
EVT002523,EMP0253,Sales,Sales Manager,Medium,1,45,PHISH003,CEO Urgent Payment Request,Business Email Compromise,Hard,Finance,T1566,0,0.3418,1,0,0,0,0,0,0,0
EVT002524,EMP0253,Sales,Sales Manager,Medium,1,45,PHISH004,Package Delivery Notification,Link Phishing,Easy,All,T1566.002,0,0.2952,1,0,0,0,0,0,0,0
EVT002525,EMP0253,Sales,Sales Manager,Medium,1,45,PHISH005,Shared Cloud Document,Cloud Credential Phishing,Medium,All,T1566.003,0,0.3683,1,0,0,0,1,102,0,0
EVT002526,EMP0253,Sales,Sales Manager,Medium,1,45,PHISH006,Fake MFA Verification Request,Identity Phishing,Hard,Information Technology,T1566.002,0,0.3595,1,0,0,0,0,0,0,0
EVT002527,EMP0253,Sales,Sales Manager,Medium,1,45,PHISH007,Payroll Account Verification,Credential Phishing,Medium,Human Resources,T1566.002,0,0.3709,1,0,0,0,0,0,0,0
EVT002528,EMP0253,Sales,Sales Manager,Medium,1,45,PHISH008,QR Code Security Verification,QR Phishing,Hard,All,T1566.002,0,0.3697,1,0,0,0,1,267,0,0
EVT002529,EMP0253,Sales,Sales Manager,Medium,1,45,PHISH009,Resume Attachment,Malicious Attachment Simulation,Medium,Human Resources,T1566.001,0,0.3247,1,0,1,0,0,0,1,1
EVT002530,EMP0253,Sales,Sales Manager,Medium,1,45,PHISH010,IT Helpdesk Account Verification,Credential Phishing,Hard,All,T1566.002,0,0.3262,1,0,0,0,1,286,0,0
EVT002531,EMP0254,Executive,Vice President,Privileged,1,77,PHISH001,Microsoft 365 Password Expiration,Credential Phishing,Easy,All,T1566.002,0,0.4997,1,0,0,0,0,0,0,0
EVT002532,EMP0254,Executive,Vice President,Privileged,1,77,PHISH002,HR Benefits Update,Malicious Attachment Simulation,Medium,All,T1566.001,0,0.3305,0,0,0,0,1,116,0,0
EVT002533,EMP0254,Executive,Vice President,Privileged,1,77,PHISH003,CEO Urgent Payment Request,Business Email Compromise,Hard,Finance,T1566,0,0.428,0,0,0,0,1,201,0,0
EVT002534,EMP0254,Executive,Vice President,Privileged,1,77,PHISH004,Package Delivery Notification,Link Phishing,Easy,All,T1566.002,0,0.432,1,0,0,0,1,85,0,0
EVT002535,EMP0254,Executive,Vice President,Privileged,1,77,PHISH005,Shared Cloud Document,Cloud Credential Phishing,Medium,All,T1566.003,0,0.4309,0,0,0,0,1,149,1,1
EVT002536,EMP0254,Executive,Vice President,Privileged,1,77,PHISH006,Fake MFA Verification Request,Identity Phishing,Hard,Information Technology,T1566.002,0,0.4491,0,0,0,0,1,583,1,1
EVT002537,EMP0254,Executive,Vice President,Privileged,1,77,PHISH007,Payroll Account Verification,Credential Phishing,Medium,Human Resources,T1566.002,0,0.4785,0,0,0,0,0,0,0,0
EVT002538,EMP0254,Executive,Vice President,Privileged,1,77,PHISH008,QR Code Security Verification,QR Phishing,Hard,All,T1566.002,0,0.4664,1,1,0,0,0,0,1,1
EVT002539,EMP0254,Executive,Vice President,Privileged,1,77,PHISH009,Resume Attachment,Malicious Attachment Simulation,Medium,Human Resources,T1566.001,0,0.3826,1,0,0,0,0,0,0,0
EVT002540,EMP0254,Executive,Vice President,Privileged,1,77,PHISH010,IT Helpdesk Account Verification,Credential Phishing,Hard,All,T1566.002,0,0.3527,1,0,0,0,1,160,0,0
EVT002541,EMP0255,Marketing,Digital Marketing Analyst,Low,1,74,PHISH001,Microsoft 365 Password Expiration,Credential Phishing,Easy,All,T1566.002,0,0.1699,1,0,0,0,1,168,0,0
EVT002542,EMP0255,Marketing,Digital Marketing Analyst,Low,1,74,PHISH002,HR Benefits Update,Malicious Attachment Simulation,Medium,All,T1566.001,0,0.0791,1,0,0,0,1,345,0,0
EVT002543,EMP0255,Marketing,Digital Marketing Analyst,Low,1,74,PHISH003,CEO Urgent Payment Request,Business Email Compromise,Hard,Finance,T1566,0,0.274,1,0,0,0,0,0,0,0
EVT002544,EMP0255,Marketing,Digital Marketing Analyst,Low,1,74,PHISH004,Package Delivery Notification,Link Phishing,Easy,All,T1566.002,0,0.2152,1,1,0,0,0,0,1,1
EVT002545,EMP0255,Marketing,Digital Marketing Analyst,Low,1,74,PHISH005,Shared Cloud Document,Cloud Credential Phishing,Medium,All,T1566.003,0,0.1202,1,0,0,0,0,0,0,0
EVT002546,EMP0255,Marketing,Digital Marketing Analyst,Low,1,74,PHISH006,Fake MFA Verification Request,Identity Phishing,Hard,Information Technology,T1566.002,0,0.19,1,1,0,1,1,238,1,1
EVT002547,EMP0255,Marketing,Digital Marketing Analyst,Low,1,74,PHISH007,Payroll Account Verification,Credential Phishing,Medium,Human Resources,T1566.002,0,0.2214,1,0,0,0,0,0,0,0
EVT002548,EMP0255,Marketing,Digital Marketing Analyst,Low,1,74,PHISH008,QR Code Security Verification,QR Phishing,Hard,All,T1566.002,0,0.1471,1,0,0,0,1,139,0,0
EVT002549,EMP0255,Marketing,Digital Marketing Analyst,Low,1,74,PHISH009,Resume Attachment,Malicious Attachment Simulation,Medium,Human Resources,T1566.001,0,0.2033,1,0,1,0,0,0,1,1
EVT002550,EMP0255,Marketing,Digital Marketing Analyst,Low,1,74,PHISH010,IT Helpdesk Account Verification,Credential Phishing,Hard,All,T1566.002,0,0.3075,1,0,0,0,1,352,0,0
EVT002551,EMP0256,Human Resources,HR Specialist,Medium,1,64,PHISH001,Microsoft 365 Password Expiration,Credential Phishing,Easy,All,T1566.002,0,0.2919,1,0,0,0,0,0,0,0
EVT002552,EMP0256,Human Resources,HR Specialist,Medium,1,64,PHISH002,HR Benefits Update,Malicious Attachment Simulation,Medium,All,T1566.001,0,0.3696,1,0,1,0,1,869,1,1
EVT002553,EMP0256,Human Resources,HR Specialist,Medium,1,64,PHISH003,CEO Urgent Payment Request,Business Email Compromise,Hard,Finance,T1566,0,0.2494,1,0,0,0,0,0,0,0
EVT002554,EMP0256,Human Resources,HR Specialist,Medium,1,64,PHISH004,Package Delivery Notification,Link Phishing,Easy,All,T1566.002,0,0.2885,1,0,0,0,0,0,0,0
EVT002555,EMP0256,Human Resources,HR Specialist,Medium,1,64,PHISH005,Shared Cloud Document,Cloud Credential Phishing,Medium,All,T1566.003,0,0.3612,1,0,0,0,1,132,0,0
EVT002556,EMP0256,Human Resources,HR Specialist,Medium,1,64,PHISH006,Fake MFA Verification Request,Identity Phishing,Hard,Information Technology,T1566.002,0,0.2642,1,1,0,1,0,0,1,1
EVT002557,EMP0256,Human Resources,HR Specialist,Medium,1,64,PHISH007,Payroll Account Verification,Credential Phishing,Medium,Human Resources,T1566.002,1,0.3793,1,0,0,0,0,0,0,0
EVT002558,EMP0256,Human Resources,HR Specialist,Medium,1,64,PHISH008,QR Code Security Verification,QR Phishing,Hard,All,T1566.002,0,0.3029,1,1,0,0,0,0,1,1
EVT002559,EMP0256,Human Resources,HR Specialist,Medium,1,64,PHISH009,Resume Attachment,Malicious Attachment Simulation,Medium,Human Resources,T1566.001,1,0.4559,0,0,0,0,0,0,0,0
EVT002560,EMP0256,Human Resources,HR Specialist,Medium,1,64,PHISH010,IT Helpdesk Account Verification,Credential Phishing,Hard,All,T1566.002,0,0.259,1,1,0,1,0,0,1,1
EVT002561,EMP0257,Operations,Operations Manager,Low,1,78,PHISH001,Microsoft 365 Password Expiration,Credential Phishing,Easy,All,T1566.002,0,0.2729,0,0,0,0,1,222,0,0
EVT002562,EMP0257,Operations,Operations Manager,Low,1,78,PHISH002,HR Benefits Update,Malicious Attachment Simulation,Medium,All,T1566.001,0,0.2522,1,0,1,0,0,0,1,1
EVT002563,EMP0257,Operations,Operations Manager,Low,1,78,PHISH003,CEO Urgent Payment Request,Business Email Compromise,Hard,Finance,T1566,0,0.296,1,0,0,0,1,392,1,1
EVT002564,EMP0257,Operations,Operations Manager,Low,1,78,PHISH004,Package Delivery Notification,Link Phishing,Easy,All,T1566.002,0,0.2619,1,0,0,0,0,0,0,0
EVT002565,EMP0257,Operations,Operations Manager,Low,1,78,PHISH005,Shared Cloud Document,Cloud Credential Phishing,Medium,All,T1566.003,0,0.2542,1,0,0,0,1,246,0,0
EVT002566,EMP0257,Operations,Operations Manager,Low,1,78,PHISH006,Fake MFA Verification Request,Identity Phishing,Hard,Information Technology,T1566.002,0,0.2037,1,0,0,0,1,269,0,0
EVT002567,EMP0257,Operations,Operations Manager,Low,1,78,PHISH007,Payroll Account Verification,Credential Phishing,Medium,Human Resources,T1566.002,0,0.2633,1,1,0,0,0,0,1,1
EVT002568,EMP0257,Operations,Operations Manager,Low,1,78,PHISH008,QR Code Security Verification,QR Phishing,Hard,All,T1566.002,0,0.2609,1,1,0,0,1,416,1,1
EVT002569,EMP0257,Operations,Operations Manager,Low,1,78,PHISH009,Resume Attachment,Malicious Attachment Simulation,Medium,Human Resources,T1566.001,0,0.3007,1,0,0,0,1,160,0,0
EVT002570,EMP0257,Operations,Operations Manager,Low,1,78,PHISH010,IT Helpdesk Account Verification,Credential Phishing,Hard,All,T1566.002,0,0.402,1,0,0,0,1,125,0,0
EVT002571,EMP0258,Information Technology,IT Support Analyst,Medium,1,77,PHISH001,Microsoft 365 Password Expiration,Credential Phishing,Easy,All,T1566.002,0,0.1898,1,0,0,0,1,189,0,0
EVT002572,EMP0258,Information Technology,IT Support Analyst,Medium,1,77,PHISH002,HR Benefits Update,Malicious Attachment Simulation,Medium,All,T1566.001,0,0.1723,1,0,0,0,0,0,0,0
EVT002573,EMP0258,Information Technology,IT Support Analyst,Medium,1,77,PHISH003,CEO Urgent Payment Request,Business Email Compromise,Hard,Finance,T1566,0,0.3085,1,0,0,0,0,0,0,0
EVT002574,EMP0258,Information Technology,IT Support Analyst,Medium,1,77,PHISH004,Package Delivery Notification,Link Phishing,Easy,All,T1566.002,0,0.1991,1,1,0,0,0,0,1,1
EVT002575,EMP0258,Information Technology,IT Support Analyst,Medium,1,77,PHISH005,Shared Cloud Document,Cloud Credential Phishing,Medium,All,T1566.003,0,0.1768,1,0,0,0,0,0,0,0
EVT002576,EMP0258,Information Technology,IT Support Analyst,Medium,1,77,PHISH006,Fake MFA Verification Request,Identity Phishing,Hard,Information Technology,T1566.002,1,0.3704,1,0,0,0,0,0,0,0
EVT002577,EMP0258,Information Technology,IT Support Analyst,Medium,1,77,PHISH007,Payroll Account Verification,Credential Phishing,Medium,Human Resources,T1566.002,0,0.2142,1,0,0,0,0,0,0,0
EVT002578,EMP0258,Information Technology,IT Support Analyst,Medium,1,77,PHISH008,QR Code Security Verification,QR Phishing,Hard,All,T1566.002,0,0.2294,1,0,0,0,1,394,0,0
EVT002579,EMP0258,Information Technology,IT Support Analyst,Medium,1,77,PHISH009,Resume Attachment,Malicious Attachment Simulation,Medium,Human Resources,T1566.001,0,0.2466,1,0,1,0,1,121,1,1
EVT002580,EMP0258,Information Technology,IT Support Analyst,Medium,1,77,PHISH010,IT Helpdesk Account Verification,Credential Phishing,Hard,All,T1566.002,0,0.1966,1,0,0,0,1,189,0,0
EVT002581,EMP0259,Human Resources,HR Specialist,Medium,1,77,PHISH001,Microsoft 365 Password Expiration,Credential Phishing,Easy,All,T1566.002,0,0.3468,1,0,0,0,0,0,0,0
EVT002582,EMP0259,Human Resources,HR Specialist,Medium,1,77,PHISH002,HR Benefits Update,Malicious Attachment Simulation,Medium,All,T1566.001,0,0.2867,1,0,0,0,1,350,0,0
EVT002583,EMP0259,Human Resources,HR Specialist,Medium,1,77,PHISH003,CEO Urgent Payment Request,Business Email Compromise,Hard,Finance,T1566,0,0.3029,1,0,0,0,0,0,1,1
EVT002584,EMP0259,Human Resources,HR Specialist,Medium,1,77,PHISH004,Package Delivery Notification,Link Phishing,Easy,All,T1566.002,0,0.4296,1,0,0,0,0,0,0,0
EVT002585,EMP0259,Human Resources,HR Specialist,Medium,1,77,PHISH005,Shared Cloud Document,Cloud Credential Phishing,Medium,All,T1566.003,0,0.3475,1,0,0,0,1,72,0,0
EVT002586,EMP0259,Human Resources,HR Specialist,Medium,1,77,PHISH006,Fake MFA Verification Request,Identity Phishing,Hard,Information Technology,T1566.002,0,0.1843,0,0,0,0,1,213,0,0
EVT002587,EMP0259,Human Resources,HR Specialist,Medium,1,77,PHISH007,Payroll Account Verification,Credential Phishing,Medium,Human Resources,T1566.002,1,0.369,1,0,0,0,0,0,0,0
EVT002588,EMP0259,Human Resources,HR Specialist,Medium,1,77,PHISH008,QR Code Security Verification,QR Phishing,Hard,All,T1566.002,0,0.1896,1,0,0,0,1,413,0,0
EVT002589,EMP0259,Human Resources,HR Specialist,Medium,1,77,PHISH009,Resume Attachment,Malicious Attachment Simulation,Medium,Human Resources,T1566.001,1,0.3459,1,0,1,0,0,0,1,1
EVT002590,EMP0259,Human Resources,HR Specialist,Medium,1,77,PHISH010,IT Helpdesk Account Verification,Credential Phishing,Hard,All,T1566.002,0,0.1937,1,0,0,0,1,679,0,0
EVT002591,EMP0260,Marketing,Digital Marketing Analyst,Medium,0,71,PHISH001,Microsoft 365 Password Expiration,Credential Phishing,Easy,All,T1566.002,0,0.4287,0,0,0,0,0,0,1,1
EVT002592,EMP0260,Marketing,Digital Marketing Analyst,Medium,0,71,PHISH002,HR Benefits Update,Malicious Attachment Simulation,Medium,All,T1566.001,0,0.4102,1,0,1,0,0,0,1,1
EVT002593,EMP0260,Marketing,Digital Marketing Analyst,Medium,0,71,PHISH003,CEO Urgent Payment Request,Business Email Compromise,Hard,Finance,T1566,0,0.4937,1,0,0,0,0,0,1,1
EVT002594,EMP0260,Marketing,Digital Marketing Analyst,Medium,0,71,PHISH004,Package Delivery Notification,Link Phishing,Easy,All,T1566.002,0,0.4574,1,0,0,0,0,0,0,0
EVT002595,EMP0260,Marketing,Digital Marketing Analyst,Medium,0,71,PHISH005,Shared Cloud Document,Cloud Credential Phishing,Medium,All,T1566.003,0,0.43,1,1,0,1,0,0,1,1
EVT002596,EMP0260,Marketing,Digital Marketing Analyst,Medium,0,71,PHISH006,Fake MFA Verification Request,Identity Phishing,Hard,Information Technology,T1566.002,0,0.5003,1,0,0,0,0,0,0,0
EVT002597,EMP0260,Marketing,Digital Marketing Analyst,Medium,0,71,PHISH007,Payroll Account Verification,Credential Phishing,Medium,Human Resources,T1566.002,0,0.4501,1,1,0,0,0,0,1,1
EVT002598,EMP0260,Marketing,Digital Marketing Analyst,Medium,0,71,PHISH008,QR Code Security Verification,QR Phishing,Hard,All,T1566.002,0,0.345,1,0,0,0,0,0,0,0
EVT002599,EMP0260,Marketing,Digital Marketing Analyst,Medium,0,71,PHISH009,Resume Attachment,Malicious Attachment Simulation,Medium,Human Resources,T1566.001,0,0.4196,1,0,1,0,0,0,1,1
EVT002600,EMP0260,Marketing,Digital Marketing Analyst,Medium,0,71,PHISH010,IT Helpdesk Account Verification,Credential Phishing,Hard,All,T1566.002,0,0.4742,1,1,0,1,0,0,1,1
EVT002601,EMP0261,Operations,Operations Analyst,Low,1,46,PHISH001,Microsoft 365 Password Expiration,Credential Phishing,Easy,All,T1566.002,0,0.3399,1,1,0,1,0,0,1,1
EVT002602,EMP0261,Operations,Operations Analyst,Low,1,46,PHISH002,HR Benefits Update,Malicious Attachment Simulation,Medium,All,T1566.001,0,0.2411,0,0,0,0,1,136,1,1
EVT002603,EMP0261,Operations,Operations Analyst,Low,1,46,PHISH003,CEO Urgent Payment Request,Business Email Compromise,Hard,Finance,T1566,0,0.387,0,0,0,0,0,0,0,0
EVT002604,EMP0261,Operations,Operations Analyst,Low,1,46,PHISH004,Package Delivery Notification,Link Phishing,Easy,All,T1566.002,0,0.4116,1,0,0,0,1,376,0,0
EVT002605,EMP0261,Operations,Operations Analyst,Low,1,46,PHISH005,Shared Cloud Document,Cloud Credential Phishing,Medium,All,T1566.003,0,0.3422,1,1,0,0,0,0,1,1
EVT002606,EMP0261,Operations,Operations Analyst,Low,1,46,PHISH006,Fake MFA Verification Request,Identity Phishing,Hard,Information Technology,T1566.002,0,0.438,1,0,0,0,0,0,0,0
EVT002607,EMP0261,Operations,Operations Analyst,Low,1,46,PHISH007,Payroll Account Verification,Credential Phishing,Medium,Human Resources,T1566.002,0,0.4497,1,0,0,0,1,147,0,0
EVT002608,EMP0261,Operations,Operations Analyst,Low,1,46,PHISH008,QR Code Security Verification,QR Phishing,Hard,All,T1566.002,0,0.4166,1,0,0,0,0,0,0,0
EVT002609,EMP0261,Operations,Operations Analyst,Low,1,46,PHISH009,Resume Attachment,Malicious Attachment Simulation,Medium,Human Resources,T1566.001,0,0.4036,1,0,1,0,0,0,1,1
EVT002610,EMP0261,Operations,Operations Analyst,Low,1,46,PHISH010,IT Helpdesk Account Verification,Credential Phishing,Hard,All,T1566.002,0,0.425,0,0,0,0,1,153,0,0
EVT002611,EMP0262,Operations,Operations Manager,Medium,1,91,PHISH001,Microsoft 365 Password Expiration,Credential Phishing,Easy,All,T1566.002,0,0.2544,1,1,0,0,1,482,1,1
EVT002612,EMP0262,Operations,Operations Manager,Medium,1,91,PHISH002,HR Benefits Update,Malicious Attachment Simulation,Medium,All,T1566.001,0,0.2337,1,0,0,0,1,167,0,0
EVT002613,EMP0262,Operations,Operations Manager,Medium,1,91,PHISH003,CEO Urgent Payment Request,Business Email Compromise,Hard,Finance,T1566,0,0.3298,1,0,0,0,1,137,0,0
EVT002614,EMP0262,Operations,Operations Manager,Medium,1,91,PHISH004,Package Delivery Notification,Link Phishing,Easy,All,T1566.002,0,0.2126,1,0,0,0,1,146,0,0
EVT002615,EMP0262,Operations,Operations Manager,Medium,1,91,PHISH005,Shared Cloud Document,Cloud Credential Phishing,Medium,All,T1566.003,0,0.3966,1,0,0,0,1,138,0,0
EVT002616,EMP0262,Operations,Operations Manager,Medium,1,91,PHISH006,Fake MFA Verification Request,Identity Phishing,Hard,Information Technology,T1566.002,0,0.3026,0,0,0,0,1,114,0,0
EVT002617,EMP0262,Operations,Operations Manager,Medium,1,91,PHISH007,Payroll Account Verification,Credential Phishing,Medium,Human Resources,T1566.002,0,0.3298,0,0,0,0,1,175,0,0
EVT002618,EMP0262,Operations,Operations Manager,Medium,1,91,PHISH008,QR Code Security Verification,QR Phishing,Hard,All,T1566.002,0,0.1991,1,0,0,0,0,0,0,0
EVT002619,EMP0262,Operations,Operations Manager,Medium,1,91,PHISH009,Resume Attachment,Malicious Attachment Simulation,Medium,Human Resources,T1566.001,0,0.2794,1,0,0,0,0,0,0,0
EVT002620,EMP0262,Operations,Operations Manager,Medium,1,91,PHISH010,IT Helpdesk Account Verification,Credential Phishing,Hard,All,T1566.002,0,0.2481,1,1,0,1,0,0,1,1
EVT002621,EMP0263,Executive,Director,High,1,61,PHISH001,Microsoft 365 Password Expiration,Credential Phishing,Easy,All,T1566.002,0,0.4223,1,1,0,1,0,0,1,1
EVT002622,EMP0263,Executive,Director,High,1,61,PHISH002,HR Benefits Update,Malicious Attachment Simulation,Medium,All,T1566.001,0,0.4637,1,0,1,0,0,0,1,1
EVT002623,EMP0263,Executive,Director,High,1,61,PHISH003,CEO Urgent Payment Request,Business Email Compromise,Hard,Finance,T1566,0,0.485,1,0,0,0,1,91,0,0
EVT002624,EMP0263,Executive,Director,High,1,61,PHISH004,Package Delivery Notification,Link Phishing,Easy,All,T1566.002,0,0.3895,0,0,0,0,0,0,1,1
EVT002625,EMP0263,Executive,Director,High,1,61,PHISH005,Shared Cloud Document,Cloud Credential Phishing,Medium,All,T1566.003,0,0.4366,1,1,0,1,0,0,1,1
EVT002626,EMP0263,Executive,Director,High,1,61,PHISH006,Fake MFA Verification Request,Identity Phishing,Hard,Information Technology,T1566.002,0,0.4376,1,1,0,1,0,0,1,1
EVT002627,EMP0263,Executive,Director,High,1,61,PHISH007,Payroll Account Verification,Credential Phishing,Medium,Human Resources,T1566.002,0,0.3787,0,0,0,0,1,97,0,0
EVT002628,EMP0263,Executive,Director,High,1,61,PHISH008,QR Code Security Verification,QR Phishing,Hard,All,T1566.002,0,0.4992,0,0,0,0,1,209,1,1
EVT002629,EMP0263,Executive,Director,High,1,61,PHISH009,Resume Attachment,Malicious Attachment Simulation,Medium,Human Resources,T1566.001,0,0.4788,0,0,0,0,1,633,0,0
EVT002630,EMP0263,Executive,Director,High,1,61,PHISH010,IT Helpdesk Account Verification,Credential Phishing,Hard,All,T1566.002,0,0.4614,1,0,0,0,0,0,0,0
EVT002631,EMP0264,Operations,Operations Manager,Low,1,68,PHISH001,Microsoft 365 Password Expiration,Credential Phishing,Easy,All,T1566.002,0,0.095,1,0,0,0,0,0,0,0
EVT002632,EMP0264,Operations,Operations Manager,Low,1,68,PHISH002,HR Benefits Update,Malicious Attachment Simulation,Medium,All,T1566.001,0,0.1504,1,0,1,0,0,0,1,1
EVT002633,EMP0264,Operations,Operations Manager,Low,1,68,PHISH003,CEO Urgent Payment Request,Business Email Compromise,Hard,Finance,T1566,0,0.0649,1,0,0,0,1,467,0,0
EVT002634,EMP0264,Operations,Operations Manager,Low,1,68,PHISH004,Package Delivery Notification,Link Phishing,Easy,All,T1566.002,0,0.1847,1,0,0,0,1,347,0,0
EVT002635,EMP0264,Operations,Operations Manager,Low,1,68,PHISH005,Shared Cloud Document,Cloud Credential Phishing,Medium,All,T1566.003,0,0.2173,1,0,0,0,1,218,0,0
EVT002636,EMP0264,Operations,Operations Manager,Low,1,68,PHISH006,Fake MFA Verification Request,Identity Phishing,Hard,Information Technology,T1566.002,0,0.2253,1,0,0,0,0,0,0,0
EVT002637,EMP0264,Operations,Operations Manager,Low,1,68,PHISH007,Payroll Account Verification,Credential Phishing,Medium,Human Resources,T1566.002,0,0.1394,1,0,0,0,1,170,0,0
EVT002638,EMP0264,Operations,Operations Manager,Low,1,68,PHISH008,QR Code Security Verification,QR Phishing,Hard,All,T1566.002,0,0.1083,0,0,0,0,1,486,0,0
EVT002639,EMP0264,Operations,Operations Manager,Low,1,68,PHISH009,Resume Attachment,Malicious Attachment Simulation,Medium,Human Resources,T1566.001,0,0.0643,1,0,0,0,0,0,0,0
EVT002640,EMP0264,Operations,Operations Manager,Low,1,68,PHISH010,IT Helpdesk Account Verification,Credential Phishing,Hard,All,T1566.002,0,0.1609,1,0,0,0,1,160,0,0
EVT002641,EMP0265,Marketing,Marketing Specialist,Low,1,89,PHISH001,Microsoft 365 Password Expiration,Credential Phishing,Easy,All,T1566.002,0,0.1251,1,0,0,0,1,396,0,0
EVT002642,EMP0265,Marketing,Marketing Specialist,Low,1,89,PHISH002,HR Benefits Update,Malicious Attachment Simulation,Medium,All,T1566.001,0,0.2002,1,0,0,0,1,166,0,0
EVT002643,EMP0265,Marketing,Marketing Specialist,Low,1,89,PHISH003,CEO Urgent Payment Request,Business Email Compromise,Hard,Finance,T1566,0,0.2272,1,0,0,0,1,71,0,0
EVT002644,EMP0265,Marketing,Marketing Specialist,Low,1,89,PHISH004,Package Delivery Notification,Link Phishing,Easy,All,T1566.002,0,0.1895,1,0,0,0,1,211,0,0
EVT002645,EMP0265,Marketing,Marketing Specialist,Low,1,89,PHISH005,Shared Cloud Document,Cloud Credential Phishing,Medium,All,T1566.003,0,0.0481,0,0,0,0,0,0,1,1
EVT002646,EMP0265,Marketing,Marketing Specialist,Low,1,89,PHISH006,Fake MFA Verification Request,Identity Phishing,Hard,Information Technology,T1566.002,0,0.1954,1,1,0,0,0,0,1,1
EVT002647,EMP0265,Marketing,Marketing Specialist,Low,1,89,PHISH007,Payroll Account Verification,Credential Phishing,Medium,Human Resources,T1566.002,0,0.1918,1,0,0,0,0,0,0,0
EVT002648,EMP0265,Marketing,Marketing Specialist,Low,1,89,PHISH008,QR Code Security Verification,QR Phishing,Hard,All,T1566.002,0,0.2221,1,0,0,0,1,721,0,0
EVT002649,EMP0265,Marketing,Marketing Specialist,Low,1,89,PHISH009,Resume Attachment,Malicious Attachment Simulation,Medium,Human Resources,T1566.001,0,0.2833,1,0,0,0,1,570,0,0
EVT002650,EMP0265,Marketing,Marketing Specialist,Low,1,89,PHISH010,IT Helpdesk Account Verification,Credential Phishing,Hard,All,T1566.002,0,0.1774,1,0,0,0,1,693,0,0
EVT002651,EMP0266,Information Technology,System Administrator,Medium,1,93,PHISH001,Microsoft 365 Password Expiration,Credential Phishing,Easy,All,T1566.002,0,0.2193,1,0,0,0,1,321,0,0
EVT002652,EMP0266,Information Technology,System Administrator,Medium,1,93,PHISH002,HR Benefits Update,Malicious Attachment Simulation,Medium,All,T1566.001,0,0.1342,1,0,0,0,0,0,0,0
EVT002653,EMP0266,Information Technology,System Administrator,Medium,1,93,PHISH003,CEO Urgent Payment Request,Business Email Compromise,Hard,Finance,T1566,0,0.1327,0,0,0,0,1,168,0,0
EVT002654,EMP0266,Information Technology,System Administrator,Medium,1,93,PHISH004,Package Delivery Notification,Link Phishing,Easy,All,T1566.002,0,0.1042,1,0,0,0,1,390,0,0
EVT002655,EMP0266,Information Technology,System Administrator,Medium,1,93,PHISH005,Shared Cloud Document,Cloud Credential Phishing,Medium,All,T1566.003,0,0.2349,1,0,0,0,1,461,0,0
EVT002656,EMP0266,Information Technology,System Administrator,Medium,1,93,PHISH006,Fake MFA Verification Request,Identity Phishing,Hard,Information Technology,T1566.002,1,0.2994,1,1,0,1,0,0,1,1
EVT002657,EMP0266,Information Technology,System Administrator,Medium,1,93,PHISH007,Payroll Account Verification,Credential Phishing,Medium,Human Resources,T1566.002,0,0.3145,0,0,0,0,1,168,1,1
EVT002658,EMP0266,Information Technology,System Administrator,Medium,1,93,PHISH008,QR Code Security Verification,QR Phishing,Hard,All,T1566.002,0,0.2219,1,0,0,0,0,0,0,0
EVT002659,EMP0266,Information Technology,System Administrator,Medium,1,93,PHISH009,Resume Attachment,Malicious Attachment Simulation,Medium,Human Resources,T1566.001,0,0.03,1,0,0,0,1,210,0,0
EVT002660,EMP0266,Information Technology,System Administrator,Medium,1,93,PHISH010,IT Helpdesk Account Verification,Credential Phishing,Hard,All,T1566.002,0,0.1704,1,0,0,0,1,187,0,0
EVT002661,EMP0267,Human Resources,HR Specialist,Medium,1,71,PHISH001,Microsoft 365 Password Expiration,Credential Phishing,Easy,All,T1566.002,0,0.2133,1,0,0,0,1,594,0,0
EVT002662,EMP0267,Human Resources,HR Specialist,Medium,1,71,PHISH002,HR Benefits Update,Malicious Attachment Simulation,Medium,All,T1566.001,0,0.2899,1,0,1,0,0,0,1,1
EVT002663,EMP0267,Human Resources,HR Specialist,Medium,1,71,PHISH003,CEO Urgent Payment Request,Business Email Compromise,Hard,Finance,T1566,0,0.2905,1,0,0,0,1,300,1,1
EVT002664,EMP0267,Human Resources,HR Specialist,Medium,1,71,PHISH004,Package Delivery Notification,Link Phishing,Easy,All,T1566.002,0,0.2618,0,0,0,0,1,315,0,0
EVT002665,EMP0267,Human Resources,HR Specialist,Medium,1,71,PHISH005,Shared Cloud Document,Cloud Credential Phishing,Medium,All,T1566.003,0,0.2932,1,1,0,0,1,323,1,1
EVT002666,EMP0267,Human Resources,HR Specialist,Medium,1,71,PHISH006,Fake MFA Verification Request,Identity Phishing,Hard,Information Technology,T1566.002,0,0.3863,1,1,0,1,1,380,1,1
EVT002667,EMP0267,Human Resources,HR Specialist,Medium,1,71,PHISH007,Payroll Account Verification,Credential Phishing,Medium,Human Resources,T1566.002,1,0.3401,1,0,0,0,0,0,0,0
EVT002668,EMP0267,Human Resources,HR Specialist,Medium,1,71,PHISH008,QR Code Security Verification,QR Phishing,Hard,All,T1566.002,0,0.2907,1,1,0,0,1,146,1,1
EVT002669,EMP0267,Human Resources,HR Specialist,Medium,1,71,PHISH009,Resume Attachment,Malicious Attachment Simulation,Medium,Human Resources,T1566.001,1,0.3898,1,0,0,0,1,246,0,0
EVT002670,EMP0267,Human Resources,HR Specialist,Medium,1,71,PHISH010,IT Helpdesk Account Verification,Credential Phishing,Hard,All,T1566.002,0,0.2739,1,0,0,0,0,0,0,0
EVT002671,EMP0268,Operations,Operations Manager,Medium,1,83,PHISH001,Microsoft 365 Password Expiration,Credential Phishing,Easy,All,T1566.002,0,0.3065,0,0,0,0,0,0,0,0
EVT002672,EMP0268,Operations,Operations Manager,Medium,1,83,PHISH002,HR Benefits Update,Malicious Attachment Simulation,Medium,All,T1566.001,0,0.3568,1,0,0,0,0,0,0,0
EVT002673,EMP0268,Operations,Operations Manager,Medium,1,83,PHISH003,CEO Urgent Payment Request,Business Email Compromise,Hard,Finance,T1566,0,0.1722,1,0,0,0,1,132,1,1
EVT002674,EMP0268,Operations,Operations Manager,Medium,1,83,PHISH004,Package Delivery Notification,Link Phishing,Easy,All,T1566.002,0,0.2354,1,0,0,0,0,0,0,0
EVT002675,EMP0268,Operations,Operations Manager,Medium,1,83,PHISH005,Shared Cloud Document,Cloud Credential Phishing,Medium,All,T1566.003,0,0.2198,1,0,0,0,0,0,0,0
EVT002676,EMP0268,Operations,Operations Manager,Medium,1,83,PHISH006,Fake MFA Verification Request,Identity Phishing,Hard,Information Technology,T1566.002,0,0.3341,0,0,0,0,0,0,0,0
EVT002677,EMP0268,Operations,Operations Manager,Medium,1,83,PHISH007,Payroll Account Verification,Credential Phishing,Medium,Human Resources,T1566.002,0,0.3294,0,0,0,0,1,244,0,0
EVT002678,EMP0268,Operations,Operations Manager,Medium,1,83,PHISH008,QR Code Security Verification,QR Phishing,Hard,All,T1566.002,0,0.2924,1,0,0,0,1,303,0,0
EVT002679,EMP0268,Operations,Operations Manager,Medium,1,83,PHISH009,Resume Attachment,Malicious Attachment Simulation,Medium,Human Resources,T1566.001,0,0.2331,1,0,1,0,1,119,1,1
EVT002680,EMP0268,Operations,Operations Manager,Medium,1,83,PHISH010,IT Helpdesk Account Verification,Credential Phishing,Hard,All,T1566.002,0,0.2336,1,0,0,0,1,160,0,0
EVT002681,EMP0269,Executive,Director,Privileged,1,86,PHISH001,Microsoft 365 Password Expiration,Credential Phishing,Easy,All,T1566.002,0,0.3405,1,1,0,1,0,0,1,1
EVT002682,EMP0269,Executive,Director,Privileged,1,86,PHISH002,HR Benefits Update,Malicious Attachment Simulation,Medium,All,T1566.001,0,0.4486,1,0,1,0,1,84,1,1
EVT002683,EMP0269,Executive,Director,Privileged,1,86,PHISH003,CEO Urgent Payment Request,Business Email Compromise,Hard,Finance,T1566,0,0.3708,1,0,0,0,0,0,0,0
EVT002684,EMP0269,Executive,Director,Privileged,1,86,PHISH004,Package Delivery Notification,Link Phishing,Easy,All,T1566.002,0,0.3313,1,0,0,0,0,0,0,0
EVT002685,EMP0269,Executive,Director,Privileged,1,86,PHISH005,Shared Cloud Document,Cloud Credential Phishing,Medium,All,T1566.003,0,0.4694,1,1,0,1,1,189,1,1
EVT002686,EMP0269,Executive,Director,Privileged,1,86,PHISH006,Fake MFA Verification Request,Identity Phishing,Hard,Information Technology,T1566.002,0,0.3052,1,0,0,0,1,195,0,0
EVT002687,EMP0269,Executive,Director,Privileged,1,86,PHISH007,Payroll Account Verification,Credential Phishing,Medium,Human Resources,T1566.002,0,0.3778,1,1,0,0,1,227,1,1
EVT002688,EMP0269,Executive,Director,Privileged,1,86,PHISH008,QR Code Security Verification,QR Phishing,Hard,All,T1566.002,0,0.382,1,0,0,0,1,418,0,0
EVT002689,EMP0269,Executive,Director,Privileged,1,86,PHISH009,Resume Attachment,Malicious Attachment Simulation,Medium,Human Resources,T1566.001,0,0.4142,1,0,0,0,0,0,0,0
EVT002690,EMP0269,Executive,Director,Privileged,1,86,PHISH010,IT Helpdesk Account Verification,Credential Phishing,Hard,All,T1566.002,0,0.3521,1,1,0,1,0,0,1,1
EVT002691,EMP0270,Operations,Operations Manager,Medium,1,83,PHISH001,Microsoft 365 Password Expiration,Credential Phishing,Easy,All,T1566.002,0,0.212,1,0,0,0,1,60,0,0
EVT002692,EMP0270,Operations,Operations Manager,Medium,1,83,PHISH002,HR Benefits Update,Malicious Attachment Simulation,Medium,All,T1566.001,0,0.3131,0,0,0,0,1,778,0,0
EVT002693,EMP0270,Operations,Operations Manager,Medium,1,83,PHISH003,CEO Urgent Payment Request,Business Email Compromise,Hard,Finance,T1566,0,0.2896,1,0,0,0,0,0,1,1
EVT002694,EMP0270,Operations,Operations Manager,Medium,1,83,PHISH004,Package Delivery Notification,Link Phishing,Easy,All,T1566.002,0,0.3452,0,0,0,0,1,119,0,0
EVT002695,EMP0270,Operations,Operations Manager,Medium,1,83,PHISH005,Shared Cloud Document,Cloud Credential Phishing,Medium,All,T1566.003,0,0.3176,1,0,0,0,1,346,0,0
EVT002696,EMP0270,Operations,Operations Manager,Medium,1,83,PHISH006,Fake MFA Verification Request,Identity Phishing,Hard,Information Technology,T1566.002,0,0.3573,0,0,0,0,1,155,0,0
EVT002697,EMP0270,Operations,Operations Manager,Medium,1,83,PHISH007,Payroll Account Verification,Credential Phishing,Medium,Human Resources,T1566.002,0,0.3485,0,0,0,0,1,196,1,1
EVT002698,EMP0270,Operations,Operations Manager,Medium,1,83,PHISH008,QR Code Security Verification,QR Phishing,Hard,All,T1566.002,0,0.3788,1,0,0,0,0,0,0,0
EVT002699,EMP0270,Operations,Operations Manager,Medium,1,83,PHISH009,Resume Attachment,Malicious Attachment Simulation,Medium,Human Resources,T1566.001,0,0.3288,0,0,0,0,1,154,0,0
EVT002700,EMP0270,Operations,Operations Manager,Medium,1,83,PHISH010,IT Helpdesk Account Verification,Credential Phishing,Hard,All,T1566.002,0,0.2918,1,0,0,0,1,77,0,0
EVT002701,EMP0271,Operations,Operations Manager,Medium,1,85,PHISH001,Microsoft 365 Password Expiration,Credential Phishing,Easy,All,T1566.002,0,0.2952,1,1,0,0,1,251,1,1
EVT002702,EMP0271,Operations,Operations Manager,Medium,1,85,PHISH002,HR Benefits Update,Malicious Attachment Simulation,Medium,All,T1566.001,0,0.2678,1,0,1,0,0,0,1,1
EVT002703,EMP0271,Operations,Operations Manager,Medium,1,85,PHISH003,CEO Urgent Payment Request,Business Email Compromise,Hard,Finance,T1566,0,0.2987,1,0,0,0,0,0,1,1
EVT002704,EMP0271,Operations,Operations Manager,Medium,1,85,PHISH004,Package Delivery Notification,Link Phishing,Easy,All,T1566.002,0,0.2772,1,0,0,0,1,253,0,0
EVT002705,EMP0271,Operations,Operations Manager,Medium,1,85,PHISH005,Shared Cloud Document,Cloud Credential Phishing,Medium,All,T1566.003,0,0.3429,1,0,0,0,0,0,0,0
EVT002706,EMP0271,Operations,Operations Manager,Medium,1,85,PHISH006,Fake MFA Verification Request,Identity Phishing,Hard,Information Technology,T1566.002,0,0.2122,0,0,0,0,0,0,0,0
EVT002707,EMP0271,Operations,Operations Manager,Medium,1,85,PHISH007,Payroll Account Verification,Credential Phishing,Medium,Human Resources,T1566.002,0,0.3121,1,1,0,0,0,0,1,1
EVT002708,EMP0271,Operations,Operations Manager,Medium,1,85,PHISH008,QR Code Security Verification,QR Phishing,Hard,All,T1566.002,0,0.4155,1,0,0,0,0,0,0,0
EVT002709,EMP0271,Operations,Operations Manager,Medium,1,85,PHISH009,Resume Attachment,Malicious Attachment Simulation,Medium,Human Resources,T1566.001,0,0.3007,1,0,0,0,1,198,0,0
EVT002710,EMP0271,Operations,Operations Manager,Medium,1,85,PHISH010,IT Helpdesk Account Verification,Credential Phishing,Hard,All,T1566.002,0,0.3078,1,1,0,1,1,287,1,1
EVT002711,EMP0272,Executive,Director,High,0,74,PHISH001,Microsoft 365 Password Expiration,Credential Phishing,Easy,All,T1566.002,0,0.325,1,1,0,0,0,0,1,1
EVT002712,EMP0272,Executive,Director,High,0,74,PHISH002,HR Benefits Update,Malicious Attachment Simulation,Medium,All,T1566.001,0,0.3743,1,0,0,0,1,370,0,0
EVT002713,EMP0272,Executive,Director,High,0,74,PHISH003,CEO Urgent Payment Request,Business Email Compromise,Hard,Finance,T1566,0,0.4073,1,0,0,0,0,0,0,0
EVT002714,EMP0272,Executive,Director,High,0,74,PHISH004,Package Delivery Notification,Link Phishing,Easy,All,T1566.002,0,0.3411,1,0,0,0,0,0,0,0
EVT002715,EMP0272,Executive,Director,High,0,74,PHISH005,Shared Cloud Document,Cloud Credential Phishing,Medium,All,T1566.003,0,0.3745,1,0,0,0,1,273,0,0
EVT002716,EMP0272,Executive,Director,High,0,74,PHISH006,Fake MFA Verification Request,Identity Phishing,Hard,Information Technology,T1566.002,0,0.3528,1,1,0,1,0,0,1,1
EVT002717,EMP0272,Executive,Director,High,0,74,PHISH007,Payroll Account Verification,Credential Phishing,Medium,Human Resources,T1566.002,0,0.431,1,0,0,0,1,198,0,0
EVT002718,EMP0272,Executive,Director,High,0,74,PHISH008,QR Code Security Verification,QR Phishing,Hard,All,T1566.002,0,0.3442,0,0,0,0,1,536,0,0
EVT002719,EMP0272,Executive,Director,High,0,74,PHISH009,Resume Attachment,Malicious Attachment Simulation,Medium,Human Resources,T1566.001,0,0.4166,1,0,1,0,0,0,1,1
EVT002720,EMP0272,Executive,Director,High,0,74,PHISH010,IT Helpdesk Account Verification,Credential Phishing,Hard,All,T1566.002,0,0.4147,1,1,0,1,1,119,1,1
EVT002721,EMP0273,Marketing,Marketing Manager,Medium,0,81,PHISH001,Microsoft 365 Password Expiration,Credential Phishing,Easy,All,T1566.002,0,0.3618,1,0,0,0,0,0,0,0
EVT002722,EMP0273,Marketing,Marketing Manager,Medium,0,81,PHISH002,HR Benefits Update,Malicious Attachment Simulation,Medium,All,T1566.001,0,0.5087,0,0,0,0,0,0,1,1
EVT002723,EMP0273,Marketing,Marketing Manager,Medium,0,81,PHISH003,CEO Urgent Payment Request,Business Email Compromise,Hard,Finance,T1566,0,0.4448,1,0,0,0,0,0,0,0
EVT002724,EMP0273,Marketing,Marketing Manager,Medium,0,81,PHISH004,Package Delivery Notification,Link Phishing,Easy,All,T1566.002,0,0.4663,1,0,0,0,0,0,0,0
EVT002725,EMP0273,Marketing,Marketing Manager,Medium,0,81,PHISH005,Shared Cloud Document,Cloud Credential Phishing,Medium,All,T1566.003,0,0.4616,1,1,0,1,0,0,1,1
EVT002726,EMP0273,Marketing,Marketing Manager,Medium,0,81,PHISH006,Fake MFA Verification Request,Identity Phishing,Hard,Information Technology,T1566.002,0,0.5151,1,1,0,1,1,628,1,1
EVT002727,EMP0273,Marketing,Marketing Manager,Medium,0,81,PHISH007,Payroll Account Verification,Credential Phishing,Medium,Human Resources,T1566.002,0,0.4007,1,0,0,0,1,159,0,0
EVT002728,EMP0273,Marketing,Marketing Manager,Medium,0,81,PHISH008,QR Code Security Verification,QR Phishing,Hard,All,T1566.002,0,0.4538,1,0,0,0,1,175,0,0
EVT002729,EMP0273,Marketing,Marketing Manager,Medium,0,81,PHISH009,Resume Attachment,Malicious Attachment Simulation,Medium,Human Resources,T1566.001,0,0.4761,1,0,0,0,0,0,0,0
EVT002730,EMP0273,Marketing,Marketing Manager,Medium,0,81,PHISH010,IT Helpdesk Account Verification,Credential Phishing,Hard,All,T1566.002,0,0.5491,1,0,0,0,1,404,0,0
EVT002731,EMP0274,Operations,Operations Analyst,Low,1,62,PHISH001,Microsoft 365 Password Expiration,Credential Phishing,Easy,All,T1566.002,0,0.3102,1,1,0,1,0,0,1,1
EVT002732,EMP0274,Operations,Operations Analyst,Low,1,62,PHISH002,HR Benefits Update,Malicious Attachment Simulation,Medium,All,T1566.001,0,0.1765,1,0,0,0,0,0,0,0
EVT002733,EMP0274,Operations,Operations Analyst,Low,1,62,PHISH003,CEO Urgent Payment Request,Business Email Compromise,Hard,Finance,T1566,0,0.2424,1,0,0,0,0,0,0,0
EVT002734,EMP0274,Operations,Operations Analyst,Low,1,62,PHISH004,Package Delivery Notification,Link Phishing,Easy,All,T1566.002,0,0.2191,1,1,0,0,0,0,1,1
EVT002735,EMP0274,Operations,Operations Analyst,Low,1,62,PHISH005,Shared Cloud Document,Cloud Credential Phishing,Medium,All,T1566.003,0,0.2155,1,0,0,0,0,0,0,0
EVT002736,EMP0274,Operations,Operations Analyst,Low,1,62,PHISH006,Fake MFA Verification Request,Identity Phishing,Hard,Information Technology,T1566.002,0,0.3757,1,1,0,1,1,88,1,1
EVT002737,EMP0274,Operations,Operations Analyst,Low,1,62,PHISH007,Payroll Account Verification,Credential Phishing,Medium,Human Resources,T1566.002,0,0.1729,1,0,0,0,1,173,0,0
EVT002738,EMP0274,Operations,Operations Analyst,Low,1,62,PHISH008,QR Code Security Verification,QR Phishing,Hard,All,T1566.002,0,0.2948,1,0,0,0,1,270,0,0
EVT002739,EMP0274,Operations,Operations Analyst,Low,1,62,PHISH009,Resume Attachment,Malicious Attachment Simulation,Medium,Human Resources,T1566.001,0,0.4104,1,0,0,0,0,0,0,0
EVT002740,EMP0274,Operations,Operations Analyst,Low,1,62,PHISH010,IT Helpdesk Account Verification,Credential Phishing,Hard,All,T1566.002,0,0.2237,1,1,0,1,0,0,1,1
EVT002741,EMP0275,Sales,Sales Manager,Low,1,69,PHISH001,Microsoft 365 Password Expiration,Credential Phishing,Easy,All,T1566.002,0,0.277,0,0,0,0,0,0,0,0
EVT002742,EMP0275,Sales,Sales Manager,Low,1,69,PHISH002,HR Benefits Update,Malicious Attachment Simulation,Medium,All,T1566.001,0,0.3337,0,0,0,0,1,178,0,0
EVT002743,EMP0275,Sales,Sales Manager,Low,1,69,PHISH003,CEO Urgent Payment Request,Business Email Compromise,Hard,Finance,T1566,0,0.3814,1,0,0,0,1,205,0,0
EVT002744,EMP0275,Sales,Sales Manager,Low,1,69,PHISH004,Package Delivery Notification,Link Phishing,Easy,All,T1566.002,0,0.3689,1,1,0,0,1,404,1,1
EVT002745,EMP0275,Sales,Sales Manager,Low,1,69,PHISH005,Shared Cloud Document,Cloud Credential Phishing,Medium,All,T1566.003,0,0.3986,0,0,0,0,1,140,0,0
EVT002746,EMP0275,Sales,Sales Manager,Low,1,69,PHISH006,Fake MFA Verification Request,Identity Phishing,Hard,Information Technology,T1566.002,0,0.3749,1,1,0,1,0,0,1,1
EVT002747,EMP0275,Sales,Sales Manager,Low,1,69,PHISH007,Payroll Account Verification,Credential Phishing,Medium,Human Resources,T1566.002,0,0.4081,1,0,0,0,0,0,0,0
EVT002748,EMP0275,Sales,Sales Manager,Low,1,69,PHISH008,QR Code Security Verification,QR Phishing,Hard,All,T1566.002,0,0.2585,1,0,0,0,1,219,0,0
EVT002749,EMP0275,Sales,Sales Manager,Low,1,69,PHISH009,Resume Attachment,Malicious Attachment Simulation,Medium,Human Resources,T1566.001,0,0.3274,1,0,0,0,1,290,0,0
EVT002750,EMP0275,Sales,Sales Manager,Low,1,69,PHISH010,IT Helpdesk Account Verification,Credential Phishing,Hard,All,T1566.002,0,0.3353,1,0,0,0,1,261,0,0
EVT002751,EMP0276,Operations,Operations Manager,Low,1,61,PHISH001,Microsoft 365 Password Expiration,Credential Phishing,Easy,All,T1566.002,0,0.3774,1,0,0,0,0,0,0,0
EVT002752,EMP0276,Operations,Operations Manager,Low,1,61,PHISH002,HR Benefits Update,Malicious Attachment Simulation,Medium,All,T1566.001,0,0.3822,1,0,0,0,1,186,0,0
EVT002753,EMP0276,Operations,Operations Manager,Low,1,61,PHISH003,CEO Urgent Payment Request,Business Email Compromise,Hard,Finance,T1566,0,0.4275,1,0,0,0,1,211,1,1
EVT002754,EMP0276,Operations,Operations Manager,Low,1,61,PHISH004,Package Delivery Notification,Link Phishing,Easy,All,T1566.002,0,0.2603,0,0,0,0,1,1054,0,0
EVT002755,EMP0276,Operations,Operations Manager,Low,1,61,PHISH005,Shared Cloud Document,Cloud Credential Phishing,Medium,All,T1566.003,0,0.4951,1,0,0,0,1,265,0,0
EVT002756,EMP0276,Operations,Operations Manager,Low,1,61,PHISH006,Fake MFA Verification Request,Identity Phishing,Hard,Information Technology,T1566.002,0,0.3297,0,0,0,0,0,0,1,1
EVT002757,EMP0276,Operations,Operations Manager,Low,1,61,PHISH007,Payroll Account Verification,Credential Phishing,Medium,Human Resources,T1566.002,0,0.3646,1,1,0,0,0,0,1,1
EVT002758,EMP0276,Operations,Operations Manager,Low,1,61,PHISH008,QR Code Security Verification,QR Phishing,Hard,All,T1566.002,0,0.2689,1,0,0,0,1,482,0,0
EVT002759,EMP0276,Operations,Operations Manager,Low,1,61,PHISH009,Resume Attachment,Malicious Attachment Simulation,Medium,Human Resources,T1566.001,0,0.3653,0,0,0,0,1,204,0,0
EVT002760,EMP0276,Operations,Operations Manager,Low,1,61,PHISH010,IT Helpdesk Account Verification,Credential Phishing,Hard,All,T1566.002,0,0.3218,1,0,0,0,0,0,0,0
EVT002761,EMP0277,Information Technology,System Administrator,Privileged,1,53,PHISH001,Microsoft 365 Password Expiration,Credential Phishing,Easy,All,T1566.002,0,0.3456,1,0,0,0,0,0,0,0
EVT002762,EMP0277,Information Technology,System Administrator,Privileged,1,53,PHISH002,HR Benefits Update,Malicious Attachment Simulation,Medium,All,T1566.001,0,0.3099,1,0,0,0,1,69,0,0
EVT002763,EMP0277,Information Technology,System Administrator,Privileged,1,53,PHISH003,CEO Urgent Payment Request,Business Email Compromise,Hard,Finance,T1566,0,0.2941,1,0,0,0,0,0,1,1
EVT002764,EMP0277,Information Technology,System Administrator,Privileged,1,53,PHISH004,Package Delivery Notification,Link Phishing,Easy,All,T1566.002,0,0.2829,0,0,0,0,0,0,0,0
EVT002765,EMP0277,Information Technology,System Administrator,Privileged,1,53,PHISH005,Shared Cloud Document,Cloud Credential Phishing,Medium,All,T1566.003,0,0.388,1,0,0,0,1,464,0,0
EVT002766,EMP0277,Information Technology,System Administrator,Privileged,1,53,PHISH006,Fake MFA Verification Request,Identity Phishing,Hard,Information Technology,T1566.002,1,0.4149,1,1,0,1,1,296,1,1
EVT002767,EMP0277,Information Technology,System Administrator,Privileged,1,53,PHISH007,Payroll Account Verification,Credential Phishing,Medium,Human Resources,T1566.002,0,0.36,1,1,0,0,1,313,1,1
EVT002768,EMP0277,Information Technology,System Administrator,Privileged,1,53,PHISH008,QR Code Security Verification,QR Phishing,Hard,All,T1566.002,0,0.2927,1,1,0,0,0,0,1,1
EVT002769,EMP0277,Information Technology,System Administrator,Privileged,1,53,PHISH009,Resume Attachment,Malicious Attachment Simulation,Medium,Human Resources,T1566.001,0,0.3416,1,0,1,0,1,139,1,1
EVT002770,EMP0277,Information Technology,System Administrator,Privileged,1,53,PHISH010,IT Helpdesk Account Verification,Credential Phishing,Hard,All,T1566.002,0,0.2835,1,0,0,0,1,344,0,0
EVT002771,EMP0278,Executive,Vice President,High,1,98,PHISH001,Microsoft 365 Password Expiration,Credential Phishing,Easy,All,T1566.002,0,0.2969,0,0,0,0,1,665,0,0
EVT002772,EMP0278,Executive,Vice President,High,1,98,PHISH002,HR Benefits Update,Malicious Attachment Simulation,Medium,All,T1566.001,0,0.1445,1,0,0,0,1,127,0,0
EVT002773,EMP0278,Executive,Vice President,High,1,98,PHISH003,CEO Urgent Payment Request,Business Email Compromise,Hard,Finance,T1566,0,0.2308,0,0,0,0,1,169,0,0
EVT002774,EMP0278,Executive,Vice President,High,1,98,PHISH004,Package Delivery Notification,Link Phishing,Easy,All,T1566.002,0,0.1211,1,0,0,0,0,0,0,0
EVT002775,EMP0278,Executive,Vice President,High,1,98,PHISH005,Shared Cloud Document,Cloud Credential Phishing,Medium,All,T1566.003,0,0.2154,1,0,0,0,1,102,0,0
EVT002776,EMP0278,Executive,Vice President,High,1,98,PHISH006,Fake MFA Verification Request,Identity Phishing,Hard,Information Technology,T1566.002,0,0.225,1,0,0,0,1,133,0,0
EVT002777,EMP0278,Executive,Vice President,High,1,98,PHISH007,Payroll Account Verification,Credential Phishing,Medium,Human Resources,T1566.002,0,0.1603,1,1,0,0,1,381,1,1
EVT002778,EMP0278,Executive,Vice President,High,1,98,PHISH008,QR Code Security Verification,QR Phishing,Hard,All,T1566.002,0,0.2782,1,1,0,0,0,0,1,1
EVT002779,EMP0278,Executive,Vice President,High,1,98,PHISH009,Resume Attachment,Malicious Attachment Simulation,Medium,Human Resources,T1566.001,0,0.2737,1,0,0,0,1,266,0,0
EVT002780,EMP0278,Executive,Vice President,High,1,98,PHISH010,IT Helpdesk Account Verification,Credential Phishing,Hard,All,T1566.002,0,0.2764,1,0,0,0,0,0,0,0
EVT002781,EMP0279,Marketing,Marketing Manager,Medium,0,77,PHISH001,Microsoft 365 Password Expiration,Credential Phishing,Easy,All,T1566.002,0,0.302,0,0,0,0,0,0,1,1
EVT002782,EMP0279,Marketing,Marketing Manager,Medium,0,77,PHISH002,HR Benefits Update,Malicious Attachment Simulation,Medium,All,T1566.001,0,0.4499,1,0,0,0,1,231,0,0
EVT002783,EMP0279,Marketing,Marketing Manager,Medium,0,77,PHISH003,CEO Urgent Payment Request,Business Email Compromise,Hard,Finance,T1566,0,0.5636,0,0,0,0,1,211,1,1
EVT002784,EMP0279,Marketing,Marketing Manager,Medium,0,77,PHISH004,Package Delivery Notification,Link Phishing,Easy,All,T1566.002,0,0.3838,1,1,0,0,0,0,1,1
EVT002785,EMP0279,Marketing,Marketing Manager,Medium,0,77,PHISH005,Shared Cloud Document,Cloud Credential Phishing,Medium,All,T1566.003,0,0.4933,1,1,0,0,0,0,1,1
EVT002786,EMP0279,Marketing,Marketing Manager,Medium,0,77,PHISH006,Fake MFA Verification Request,Identity Phishing,Hard,Information Technology,T1566.002,0,0.4468,1,1,0,1,0,0,1,1
EVT002787,EMP0279,Marketing,Marketing Manager,Medium,0,77,PHISH007,Payroll Account Verification,Credential Phishing,Medium,Human Resources,T1566.002,0,0.4353,0,0,0,0,0,0,1,1
EVT002788,EMP0279,Marketing,Marketing Manager,Medium,0,77,PHISH008,QR Code Security Verification,QR Phishing,Hard,All,T1566.002,0,0.435,1,0,0,0,1,348,0,0
EVT002789,EMP0279,Marketing,Marketing Manager,Medium,0,77,PHISH009,Resume Attachment,Malicious Attachment Simulation,Medium,Human Resources,T1566.001,0,0.4839,1,0,1,0,1,193,1,1
EVT002790,EMP0279,Marketing,Marketing Manager,Medium,0,77,PHISH010,IT Helpdesk Account Verification,Credential Phishing,Hard,All,T1566.002,0,0.4636,1,0,0,0,0,0,0,0
EVT002791,EMP0280,Human Resources,Recruiter,High,1,91,PHISH001,Microsoft 365 Password Expiration,Credential Phishing,Easy,All,T1566.002,0,0.056,1,0,0,0,0,0,0,0
EVT002792,EMP0280,Human Resources,Recruiter,High,1,91,PHISH002,HR Benefits Update,Malicious Attachment Simulation,Medium,All,T1566.001,0,0.0634,1,0,0,0,1,80,0,0
EVT002793,EMP0280,Human Resources,Recruiter,High,1,91,PHISH003,CEO Urgent Payment Request,Business Email Compromise,Hard,Finance,T1566,0,0.1413,1,0,0,0,1,102,0,0
EVT002794,EMP0280,Human Resources,Recruiter,High,1,91,PHISH004,Package Delivery Notification,Link Phishing,Easy,All,T1566.002,0,0.1253,1,0,0,0,0,0,0,0
EVT002795,EMP0280,Human Resources,Recruiter,High,1,91,PHISH005,Shared Cloud Document,Cloud Credential Phishing,Medium,All,T1566.003,0,0.1329,1,0,0,0,1,318,0,0
EVT002796,EMP0280,Human Resources,Recruiter,High,1,91,PHISH006,Fake MFA Verification Request,Identity Phishing,Hard,Information Technology,T1566.002,0,0.1257,1,0,0,0,0,0,0,0
EVT002797,EMP0280,Human Resources,Recruiter,High,1,91,PHISH007,Payroll Account Verification,Credential Phishing,Medium,Human Resources,T1566.002,1,0.1892,0,0,0,0,0,0,0,0
EVT002798,EMP0280,Human Resources,Recruiter,High,1,91,PHISH008,QR Code Security Verification,QR Phishing,Hard,All,T1566.002,0,0.2131,1,0,0,0,1,187,0,0
EVT002799,EMP0280,Human Resources,Recruiter,High,1,91,PHISH009,Resume Attachment,Malicious Attachment Simulation,Medium,Human Resources,T1566.001,1,0.2196,1,0,0,0,1,150,0,0
EVT002800,EMP0280,Human Resources,Recruiter,High,1,91,PHISH010,IT Helpdesk Account Verification,Credential Phishing,Hard,All,T1566.002,0,0.0827,1,0,0,0,1,247,0,0
EVT002801,EMP0281,Marketing,Digital Marketing Analyst,Medium,0,81,PHISH001,Microsoft 365 Password Expiration,Credential Phishing,Easy,All,T1566.002,0,0.3914,1,0,0,0,1,157,0,0
EVT002802,EMP0281,Marketing,Digital Marketing Analyst,Medium,0,81,PHISH002,HR Benefits Update,Malicious Attachment Simulation,Medium,All,T1566.001,0,0.338,1,0,1,0,1,257,1,1
EVT002803,EMP0281,Marketing,Digital Marketing Analyst,Medium,0,81,PHISH003,CEO Urgent Payment Request,Business Email Compromise,Hard,Finance,T1566,0,0.392,0,0,0,0,0,0,1,1
EVT002804,EMP0281,Marketing,Digital Marketing Analyst,Medium,0,81,PHISH004,Package Delivery Notification,Link Phishing,Easy,All,T1566.002,0,0.3164,1,0,0,0,1,159,0,0
EVT002805,EMP0281,Marketing,Digital Marketing Analyst,Medium,0,81,PHISH005,Shared Cloud Document,Cloud Credential Phishing,Medium,All,T1566.003,0,0.2437,1,1,0,1,0,0,1,1
EVT002806,EMP0281,Marketing,Digital Marketing Analyst,Medium,0,81,PHISH006,Fake MFA Verification Request,Identity Phishing,Hard,Information Technology,T1566.002,0,0.4118,0,0,0,0,1,181,0,0
EVT002807,EMP0281,Marketing,Digital Marketing Analyst,Medium,0,81,PHISH007,Payroll Account Verification,Credential Phishing,Medium,Human Resources,T1566.002,0,0.1906,1,0,0,0,0,0,0,0
EVT002808,EMP0281,Marketing,Digital Marketing Analyst,Medium,0,81,PHISH008,QR Code Security Verification,QR Phishing,Hard,All,T1566.002,0,0.333,1,0,0,0,0,0,0,0
EVT002809,EMP0281,Marketing,Digital Marketing Analyst,Medium,0,81,PHISH009,Resume Attachment,Malicious Attachment Simulation,Medium,Human Resources,T1566.001,0,0.3302,1,0,0,0,0,0,0,0
EVT002810,EMP0281,Marketing,Digital Marketing Analyst,Medium,0,81,PHISH010,IT Helpdesk Account Verification,Credential Phishing,Hard,All,T1566.002,0,0.2886,0,0,0,0,0,0,1,1
EVT002811,EMP0282,Human Resources,HR Specialist,High,1,57,PHISH001,Microsoft 365 Password Expiration,Credential Phishing,Easy,All,T1566.002,0,0.2972,1,1,0,1,0,0,1,1
EVT002812,EMP0282,Human Resources,HR Specialist,High,1,57,PHISH002,HR Benefits Update,Malicious Attachment Simulation,Medium,All,T1566.001,0,0.549,1,0,0,0,1,319,0,0
EVT002813,EMP0282,Human Resources,HR Specialist,High,1,57,PHISH003,CEO Urgent Payment Request,Business Email Compromise,Hard,Finance,T1566,0,0.441,1,0,0,0,1,164,0,0
EVT002814,EMP0282,Human Resources,HR Specialist,High,1,57,PHISH004,Package Delivery Notification,Link Phishing,Easy,All,T1566.002,0,0.6073,1,0,0,0,0,0,0,0
EVT002815,EMP0282,Human Resources,HR Specialist,High,1,57,PHISH005,Shared Cloud Document,Cloud Credential Phishing,Medium,All,T1566.003,0,0.4066,1,1,0,0,0,0,1,1
EVT002816,EMP0282,Human Resources,HR Specialist,High,1,57,PHISH006,Fake MFA Verification Request,Identity Phishing,Hard,Information Technology,T1566.002,0,0.4307,1,1,0,0,0,0,1,1
EVT002817,EMP0282,Human Resources,HR Specialist,High,1,57,PHISH007,Payroll Account Verification,Credential Phishing,Medium,Human Resources,T1566.002,1,0.5026,1,0,0,0,1,223,0,0
EVT002818,EMP0282,Human Resources,HR Specialist,High,1,57,PHISH008,QR Code Security Verification,QR Phishing,Hard,All,T1566.002,0,0.4452,1,1,0,0,0,0,1,1
EVT002819,EMP0282,Human Resources,HR Specialist,High,1,57,PHISH009,Resume Attachment,Malicious Attachment Simulation,Medium,Human Resources,T1566.001,1,0.4872,1,0,1,0,0,0,1,1
EVT002820,EMP0282,Human Resources,HR Specialist,High,1,57,PHISH010,IT Helpdesk Account Verification,Credential Phishing,Hard,All,T1566.002,0,0.3851,1,0,0,0,0,0,0,0
EVT002821,EMP0283,Marketing,Marketing Manager,Medium,1,78,PHISH001,Microsoft 365 Password Expiration,Credential Phishing,Easy,All,T1566.002,0,0.2425,1,0,0,0,0,0,0,0
EVT002822,EMP0283,Marketing,Marketing Manager,Medium,1,78,PHISH002,HR Benefits Update,Malicious Attachment Simulation,Medium,All,T1566.001,0,0.3482,0,0,0,0,1,213,0,0
EVT002823,EMP0283,Marketing,Marketing Manager,Medium,1,78,PHISH003,CEO Urgent Payment Request,Business Email Compromise,Hard,Finance,T1566,0,0.2687,1,0,0,0,0,0,0,0
EVT002824,EMP0283,Marketing,Marketing Manager,Medium,1,78,PHISH004,Package Delivery Notification,Link Phishing,Easy,All,T1566.002,0,0.2672,1,0,0,0,1,136,0,0
EVT002825,EMP0283,Marketing,Marketing Manager,Medium,1,78,PHISH005,Shared Cloud Document,Cloud Credential Phishing,Medium,All,T1566.003,0,0.3772,1,0,0,0,0,0,0,0
EVT002826,EMP0283,Marketing,Marketing Manager,Medium,1,78,PHISH006,Fake MFA Verification Request,Identity Phishing,Hard,Information Technology,T1566.002,0,0.3454,1,1,0,0,0,0,1,1
EVT002827,EMP0283,Marketing,Marketing Manager,Medium,1,78,PHISH007,Payroll Account Verification,Credential Phishing,Medium,Human Resources,T1566.002,0,0.2856,1,0,0,0,1,209,0,0
EVT002828,EMP0283,Marketing,Marketing Manager,Medium,1,78,PHISH008,QR Code Security Verification,QR Phishing,Hard,All,T1566.002,0,0.3544,1,0,0,0,1,135,0,0
EVT002829,EMP0283,Marketing,Marketing Manager,Medium,1,78,PHISH009,Resume Attachment,Malicious Attachment Simulation,Medium,Human Resources,T1566.001,0,0.3101,1,0,0,0,1,368,0,0
EVT002830,EMP0283,Marketing,Marketing Manager,Medium,1,78,PHISH010,IT Helpdesk Account Verification,Credential Phishing,Hard,All,T1566.002,0,0.3862,1,1,0,1,0,0,1,1
EVT002831,EMP0284,Operations,Operations Manager,Medium,1,82,PHISH001,Microsoft 365 Password Expiration,Credential Phishing,Easy,All,T1566.002,0,0.3982,1,0,0,0,0,0,0,0
EVT002832,EMP0284,Operations,Operations Manager,Medium,1,82,PHISH002,HR Benefits Update,Malicious Attachment Simulation,Medium,All,T1566.001,0,0.2337,1,0,0,0,0,0,0,0
EVT002833,EMP0284,Operations,Operations Manager,Medium,1,82,PHISH003,CEO Urgent Payment Request,Business Email Compromise,Hard,Finance,T1566,0,0.3563,1,0,0,0,1,529,0,0
EVT002834,EMP0284,Operations,Operations Manager,Medium,1,82,PHISH004,Package Delivery Notification,Link Phishing,Easy,All,T1566.002,0,0.2228,0,0,0,0,0,0,0,0
EVT002835,EMP0284,Operations,Operations Manager,Medium,1,82,PHISH005,Shared Cloud Document,Cloud Credential Phishing,Medium,All,T1566.003,0,0.2217,0,0,0,0,0,0,0,0
EVT002836,EMP0284,Operations,Operations Manager,Medium,1,82,PHISH006,Fake MFA Verification Request,Identity Phishing,Hard,Information Technology,T1566.002,0,0.3258,1,0,0,0,1,110,0,0
EVT002837,EMP0284,Operations,Operations Manager,Medium,1,82,PHISH007,Payroll Account Verification,Credential Phishing,Medium,Human Resources,T1566.002,0,0.2872,1,0,0,0,1,420,0,0
EVT002838,EMP0284,Operations,Operations Manager,Medium,1,82,PHISH008,QR Code Security Verification,QR Phishing,Hard,All,T1566.002,0,0.2944,1,1,0,0,1,162,1,1
EVT002839,EMP0284,Operations,Operations Manager,Medium,1,82,PHISH009,Resume Attachment,Malicious Attachment Simulation,Medium,Human Resources,T1566.001,0,0.3753,1,0,0,0,1,155,0,0
EVT002840,EMP0284,Operations,Operations Manager,Medium,1,82,PHISH010,IT Helpdesk Account Verification,Credential Phishing,Hard,All,T1566.002,0,0.3094,1,0,0,0,1,427,0,0
EVT002841,EMP0285,Finance,Accountant,Medium,1,80,PHISH001,Microsoft 365 Password Expiration,Credential Phishing,Easy,All,T1566.002,0,0.2507,1,0,0,0,1,161,0,0
EVT002842,EMP0285,Finance,Accountant,Medium,1,80,PHISH002,HR Benefits Update,Malicious Attachment Simulation,Medium,All,T1566.001,0,0.2059,1,0,1,0,0,0,1,1
EVT002843,EMP0285,Finance,Accountant,Medium,1,80,PHISH003,CEO Urgent Payment Request,Business Email Compromise,Hard,Finance,T1566,1,0.2538,1,0,0,0,0,0,1,1
EVT002844,EMP0285,Finance,Accountant,Medium,1,80,PHISH004,Package Delivery Notification,Link Phishing,Easy,All,T1566.002,0,0.2326,1,0,0,0,1,372,0,0
EVT002845,EMP0285,Finance,Accountant,Medium,1,80,PHISH005,Shared Cloud Document,Cloud Credential Phishing,Medium,All,T1566.003,0,0.2292,1,1,0,1,0,0,1,1
EVT002846,EMP0285,Finance,Accountant,Medium,1,80,PHISH006,Fake MFA Verification Request,Identity Phishing,Hard,Information Technology,T1566.002,0,0.2,0,0,0,0,0,0,1,1
EVT002847,EMP0285,Finance,Accountant,Medium,1,80,PHISH007,Payroll Account Verification,Credential Phishing,Medium,Human Resources,T1566.002,0,0.1992,1,0,0,0,1,115,0,0
EVT002848,EMP0285,Finance,Accountant,Medium,1,80,PHISH008,QR Code Security Verification,QR Phishing,Hard,All,T1566.002,0,0.2652,1,0,0,0,1,198,0,0
EVT002849,EMP0285,Finance,Accountant,Medium,1,80,PHISH009,Resume Attachment,Malicious Attachment Simulation,Medium,Human Resources,T1566.001,0,0.2705,1,0,0,0,1,127,0,0
EVT002850,EMP0285,Finance,Accountant,Medium,1,80,PHISH010,IT Helpdesk Account Verification,Credential Phishing,Hard,All,T1566.002,0,0.2901,1,0,0,0,1,185,0,0
EVT002851,EMP0286,Legal,Compliance Analyst,High,1,66,PHISH001,Microsoft 365 Password Expiration,Credential Phishing,Easy,All,T1566.002,0,0.2345,1,0,0,0,1,238,0,0
EVT002852,EMP0286,Legal,Compliance Analyst,High,1,66,PHISH002,HR Benefits Update,Malicious Attachment Simulation,Medium,All,T1566.001,0,0.2131,1,0,0,0,0,0,0,0
EVT002853,EMP0286,Legal,Compliance Analyst,High,1,66,PHISH003,CEO Urgent Payment Request,Business Email Compromise,Hard,Finance,T1566,0,0.4608,1,0,0,0,0,0,0,0
EVT002854,EMP0286,Legal,Compliance Analyst,High,1,66,PHISH004,Package Delivery Notification,Link Phishing,Easy,All,T1566.002,0,0.3274,1,0,0,0,1,195,0,0
EVT002855,EMP0286,Legal,Compliance Analyst,High,1,66,PHISH005,Shared Cloud Document,Cloud Credential Phishing,Medium,All,T1566.003,0,0.3468,0,0,0,0,1,210,0,0
EVT002856,EMP0286,Legal,Compliance Analyst,High,1,66,PHISH006,Fake MFA Verification Request,Identity Phishing,Hard,Information Technology,T1566.002,0,0.3761,0,0,0,0,0,0,0,0
EVT002857,EMP0286,Legal,Compliance Analyst,High,1,66,PHISH007,Payroll Account Verification,Credential Phishing,Medium,Human Resources,T1566.002,0,0.3741,0,0,0,0,0,0,0,0
EVT002858,EMP0286,Legal,Compliance Analyst,High,1,66,PHISH008,QR Code Security Verification,QR Phishing,Hard,All,T1566.002,0,0.3164,1,0,0,0,0,0,0,0
EVT002859,EMP0286,Legal,Compliance Analyst,High,1,66,PHISH009,Resume Attachment,Malicious Attachment Simulation,Medium,Human Resources,T1566.001,0,0.3313,0,0,0,0,0,0,1,1
EVT002860,EMP0286,Legal,Compliance Analyst,High,1,66,PHISH010,IT Helpdesk Account Verification,Credential Phishing,Hard,All,T1566.002,0,0.416,1,1,0,0,1,163,1,1
EVT002861,EMP0287,Human Resources,Recruiter,Medium,1,81,PHISH001,Microsoft 365 Password Expiration,Credential Phishing,Easy,All,T1566.002,0,0.2674,0,0,0,0,0,0,0,0
EVT002862,EMP0287,Human Resources,Recruiter,Medium,1,81,PHISH002,HR Benefits Update,Malicious Attachment Simulation,Medium,All,T1566.001,0,0.2198,1,0,0,0,1,77,0,0
EVT002863,EMP0287,Human Resources,Recruiter,Medium,1,81,PHISH003,CEO Urgent Payment Request,Business Email Compromise,Hard,Finance,T1566,0,0.3413,1,0,0,0,0,0,0,0
EVT002864,EMP0287,Human Resources,Recruiter,Medium,1,81,PHISH004,Package Delivery Notification,Link Phishing,Easy,All,T1566.002,0,0.2964,1,0,0,0,0,0,0,0
EVT002865,EMP0287,Human Resources,Recruiter,Medium,1,81,PHISH005,Shared Cloud Document,Cloud Credential Phishing,Medium,All,T1566.003,0,0.2063,1,0,0,0,1,223,0,0
EVT002866,EMP0287,Human Resources,Recruiter,Medium,1,81,PHISH006,Fake MFA Verification Request,Identity Phishing,Hard,Information Technology,T1566.002,0,0.2854,1,0,0,0,1,142,0,0
EVT002867,EMP0287,Human Resources,Recruiter,Medium,1,81,PHISH007,Payroll Account Verification,Credential Phishing,Medium,Human Resources,T1566.002,1,0.2811,1,1,0,0,0,0,1,1
EVT002868,EMP0287,Human Resources,Recruiter,Medium,1,81,PHISH008,QR Code Security Verification,QR Phishing,Hard,All,T1566.002,0,0.3042,1,0,0,0,1,505,0,0
EVT002869,EMP0287,Human Resources,Recruiter,Medium,1,81,PHISH009,Resume Attachment,Malicious Attachment Simulation,Medium,Human Resources,T1566.001,1,0.348,1,0,0,0,1,637,0,0
EVT002870,EMP0287,Human Resources,Recruiter,Medium,1,81,PHISH010,IT Helpdesk Account Verification,Credential Phishing,Hard,All,T1566.002,0,0.243,1,0,0,0,0,0,0,0
EVT002871,EMP0288,Executive,Vice President,High,1,89,PHISH001,Microsoft 365 Password Expiration,Credential Phishing,Easy,All,T1566.002,0,0.2036,0,0,0,0,1,322,0,0
EVT002872,EMP0288,Executive,Vice President,High,1,89,PHISH002,HR Benefits Update,Malicious Attachment Simulation,Medium,All,T1566.001,0,0.2409,1,0,0,0,1,180,0,0
EVT002873,EMP0288,Executive,Vice President,High,1,89,PHISH003,CEO Urgent Payment Request,Business Email Compromise,Hard,Finance,T1566,0,0.2574,1,0,0,0,1,208,0,0
EVT002874,EMP0288,Executive,Vice President,High,1,89,PHISH004,Package Delivery Notification,Link Phishing,Easy,All,T1566.002,0,0.1504,1,0,0,0,0,0,0,0
EVT002875,EMP0288,Executive,Vice President,High,1,89,PHISH005,Shared Cloud Document,Cloud Credential Phishing,Medium,All,T1566.003,0,0.2316,1,0,0,0,0,0,0,0
EVT002876,EMP0288,Executive,Vice President,High,1,89,PHISH006,Fake MFA Verification Request,Identity Phishing,Hard,Information Technology,T1566.002,0,0.1251,1,0,0,0,1,193,0,0
EVT002877,EMP0288,Executive,Vice President,High,1,89,PHISH007,Payroll Account Verification,Credential Phishing,Medium,Human Resources,T1566.002,0,0.2659,1,0,0,0,1,145,0,0
EVT002878,EMP0288,Executive,Vice President,High,1,89,PHISH008,QR Code Security Verification,QR Phishing,Hard,All,T1566.002,0,0.2068,1,1,0,0,1,291,1,1
EVT002879,EMP0288,Executive,Vice President,High,1,89,PHISH009,Resume Attachment,Malicious Attachment Simulation,Medium,Human Resources,T1566.001,0,0.128,0,0,0,0,1,960,0,0
EVT002880,EMP0288,Executive,Vice President,High,1,89,PHISH010,IT Helpdesk Account Verification,Credential Phishing,Hard,All,T1566.002,0,0.2039,1,0,0,0,0,0,0,0
EVT002881,EMP0289,Sales,Sales Manager,Medium,1,55,PHISH001,Microsoft 365 Password Expiration,Credential Phishing,Easy,All,T1566.002,0,0.3067,1,1,0,1,1,240,1,1
EVT002882,EMP0289,Sales,Sales Manager,Medium,1,55,PHISH002,HR Benefits Update,Malicious Attachment Simulation,Medium,All,T1566.001,0,0.4376,1,0,0,0,1,319,0,0
EVT002883,EMP0289,Sales,Sales Manager,Medium,1,55,PHISH003,CEO Urgent Payment Request,Business Email Compromise,Hard,Finance,T1566,0,0.3963,1,0,0,0,0,0,0,0
EVT002884,EMP0289,Sales,Sales Manager,Medium,1,55,PHISH004,Package Delivery Notification,Link Phishing,Easy,All,T1566.002,0,0.3814,1,0,0,0,0,0,0,0
EVT002885,EMP0289,Sales,Sales Manager,Medium,1,55,PHISH005,Shared Cloud Document,Cloud Credential Phishing,Medium,All,T1566.003,0,0.4787,1,0,0,0,0,0,0,0
EVT002886,EMP0289,Sales,Sales Manager,Medium,1,55,PHISH006,Fake MFA Verification Request,Identity Phishing,Hard,Information Technology,T1566.002,0,0.351,1,0,0,0,0,0,0,0
EVT002887,EMP0289,Sales,Sales Manager,Medium,1,55,PHISH007,Payroll Account Verification,Credential Phishing,Medium,Human Resources,T1566.002,0,0.4035,1,0,0,0,1,208,0,0
EVT002888,EMP0289,Sales,Sales Manager,Medium,1,55,PHISH008,QR Code Security Verification,QR Phishing,Hard,All,T1566.002,0,0.4081,1,0,0,0,1,115,0,0
EVT002889,EMP0289,Sales,Sales Manager,Medium,1,55,PHISH009,Resume Attachment,Malicious Attachment Simulation,Medium,Human Resources,T1566.001,0,0.378,1,0,0,0,1,415,0,0
EVT002890,EMP0289,Sales,Sales Manager,Medium,1,55,PHISH010,IT Helpdesk Account Verification,Credential Phishing,Hard,All,T1566.002,0,0.3818,0,0,0,0,1,133,1,1
EVT002891,EMP0290,Executive,Chief Officer,Privileged,0,62,PHISH001,Microsoft 365 Password Expiration,Credential Phishing,Easy,All,T1566.002,0,0.1774,1,0,0,0,1,149,0,0
EVT002892,EMP0290,Executive,Chief Officer,Privileged,0,62,PHISH002,HR Benefits Update,Malicious Attachment Simulation,Medium,All,T1566.001,0,0.3769,1,0,0,0,0,0,0,0
EVT002893,EMP0290,Executive,Chief Officer,Privileged,0,62,PHISH003,CEO Urgent Payment Request,Business Email Compromise,Hard,Finance,T1566,0,0.3495,1,0,0,0,0,0,0,0
EVT002894,EMP0290,Executive,Chief Officer,Privileged,0,62,PHISH004,Package Delivery Notification,Link Phishing,Easy,All,T1566.002,0,0.3852,1,0,0,0,0,0,0,0
EVT002895,EMP0290,Executive,Chief Officer,Privileged,0,62,PHISH005,Shared Cloud Document,Cloud Credential Phishing,Medium,All,T1566.003,0,0.3011,1,0,0,0,0,0,0,0
EVT002896,EMP0290,Executive,Chief Officer,Privileged,0,62,PHISH006,Fake MFA Verification Request,Identity Phishing,Hard,Information Technology,T1566.002,0,0.4102,1,0,0,0,1,603,0,0
EVT002897,EMP0290,Executive,Chief Officer,Privileged,0,62,PHISH007,Payroll Account Verification,Credential Phishing,Medium,Human Resources,T1566.002,0,0.45,1,1,0,0,0,0,1,1
EVT002898,EMP0290,Executive,Chief Officer,Privileged,0,62,PHISH008,QR Code Security Verification,QR Phishing,Hard,All,T1566.002,0,0.4126,1,0,0,0,0,0,0,0
EVT002899,EMP0290,Executive,Chief Officer,Privileged,0,62,PHISH009,Resume Attachment,Malicious Attachment Simulation,Medium,Human Resources,T1566.001,0,0.2892,0,0,0,0,0,0,0,0
EVT002900,EMP0290,Executive,Chief Officer,Privileged,0,62,PHISH010,IT Helpdesk Account Verification,Credential Phishing,Hard,All,T1566.002,0,0.2388,1,0,0,0,0,0,0,0
EVT002901,EMP0291,Finance,Financial Analyst,High,1,80,PHISH001,Microsoft 365 Password Expiration,Credential Phishing,Easy,All,T1566.002,0,0.205,1,0,0,0,0,0,0,0
EVT002902,EMP0291,Finance,Financial Analyst,High,1,80,PHISH002,HR Benefits Update,Malicious Attachment Simulation,Medium,All,T1566.001,0,0.3264,1,0,1,0,1,287,1,1
EVT002903,EMP0291,Finance,Financial Analyst,High,1,80,PHISH003,CEO Urgent Payment Request,Business Email Compromise,Hard,Finance,T1566,1,0.2684,1,0,0,0,1,428,0,0
EVT002904,EMP0291,Finance,Financial Analyst,High,1,80,PHISH004,Package Delivery Notification,Link Phishing,Easy,All,T1566.002,0,0.2789,1,0,0,0,0,0,0,0
EVT002905,EMP0291,Finance,Financial Analyst,High,1,80,PHISH005,Shared Cloud Document,Cloud Credential Phishing,Medium,All,T1566.003,0,0.3255,0,0,0,0,1,123,1,1
EVT002906,EMP0291,Finance,Financial Analyst,High,1,80,PHISH006,Fake MFA Verification Request,Identity Phishing,Hard,Information Technology,T1566.002,0,0.2719,1,0,0,0,0,0,0,0
EVT002907,EMP0291,Finance,Financial Analyst,High,1,80,PHISH007,Payroll Account Verification,Credential Phishing,Medium,Human Resources,T1566.002,0,0.2966,1,0,0,0,0,0,0,0
EVT002908,EMP0291,Finance,Financial Analyst,High,1,80,PHISH008,QR Code Security Verification,QR Phishing,Hard,All,T1566.002,0,0.3111,1,0,0,0,1,344,0,0
EVT002909,EMP0291,Finance,Financial Analyst,High,1,80,PHISH009,Resume Attachment,Malicious Attachment Simulation,Medium,Human Resources,T1566.001,0,0.2803,1,0,0,0,1,410,0,0
EVT002910,EMP0291,Finance,Financial Analyst,High,1,80,PHISH010,IT Helpdesk Account Verification,Credential Phishing,Hard,All,T1566.002,0,0.376,1,0,0,0,1,376,0,0
EVT002911,EMP0292,Information Technology,System Administrator,High,1,68,PHISH001,Microsoft 365 Password Expiration,Credential Phishing,Easy,All,T1566.002,0,0.157,1,0,0,0,1,212,0,0
EVT002912,EMP0292,Information Technology,System Administrator,High,1,68,PHISH002,HR Benefits Update,Malicious Attachment Simulation,Medium,All,T1566.001,0,0.3548,1,0,0,0,0,0,0,0
EVT002913,EMP0292,Information Technology,System Administrator,High,1,68,PHISH003,CEO Urgent Payment Request,Business Email Compromise,Hard,Finance,T1566,0,0.2916,1,0,0,0,1,88,1,1
EVT002914,EMP0292,Information Technology,System Administrator,High,1,68,PHISH004,Package Delivery Notification,Link Phishing,Easy,All,T1566.002,0,0.2813,1,0,0,0,0,0,0,0
EVT002915,EMP0292,Information Technology,System Administrator,High,1,68,PHISH005,Shared Cloud Document,Cloud Credential Phishing,Medium,All,T1566.003,0,0.2939,0,0,0,0,0,0,1,1
EVT002916,EMP0292,Information Technology,System Administrator,High,1,68,PHISH006,Fake MFA Verification Request,Identity Phishing,Hard,Information Technology,T1566.002,1,0.4113,0,0,0,0,0,0,1,1
EVT002917,EMP0292,Information Technology,System Administrator,High,1,68,PHISH007,Payroll Account Verification,Credential Phishing,Medium,Human Resources,T1566.002,0,0.2232,1,1,0,1,0,0,1,1
EVT002918,EMP0292,Information Technology,System Administrator,High,1,68,PHISH008,QR Code Security Verification,QR Phishing,Hard,All,T1566.002,0,0.2964,1,0,0,0,1,748,0,0
EVT002919,EMP0292,Information Technology,System Administrator,High,1,68,PHISH009,Resume Attachment,Malicious Attachment Simulation,Medium,Human Resources,T1566.001,0,0.3291,1,0,0,0,0,0,0,0
EVT002920,EMP0292,Information Technology,System Administrator,High,1,68,PHISH010,IT Helpdesk Account Verification,Credential Phishing,Hard,All,T1566.002,0,0.2513,1,0,0,0,0,0,0,0
EVT002921,EMP0293,Executive,Director,High,1,66,PHISH001,Microsoft 365 Password Expiration,Credential Phishing,Easy,All,T1566.002,0,0.1818,1,0,0,0,1,146,0,0
EVT002922,EMP0293,Executive,Director,High,1,66,PHISH002,HR Benefits Update,Malicious Attachment Simulation,Medium,All,T1566.001,0,0.1888,1,0,1,0,0,0,1,1
EVT002923,EMP0293,Executive,Director,High,1,66,PHISH003,CEO Urgent Payment Request,Business Email Compromise,Hard,Finance,T1566,0,0.3134,1,0,0,0,0,0,1,1
EVT002924,EMP0293,Executive,Director,High,1,66,PHISH004,Package Delivery Notification,Link Phishing,Easy,All,T1566.002,0,0.0982,1,0,0,0,1,300,0,0
EVT002925,EMP0293,Executive,Director,High,1,66,PHISH005,Shared Cloud Document,Cloud Credential Phishing,Medium,All,T1566.003,0,0.2631,1,0,0,0,0,0,0,0
EVT002926,EMP0293,Executive,Director,High,1,66,PHISH006,Fake MFA Verification Request,Identity Phishing,Hard,Information Technology,T1566.002,0,0.1746,1,0,0,0,1,231,0,0
EVT002927,EMP0293,Executive,Director,High,1,66,PHISH007,Payroll Account Verification,Credential Phishing,Medium,Human Resources,T1566.002,0,0.2496,0,0,0,0,1,98,0,0
EVT002928,EMP0293,Executive,Director,High,1,66,PHISH008,QR Code Security Verification,QR Phishing,Hard,All,T1566.002,0,0.1919,1,1,0,0,1,258,1,1
EVT002929,EMP0293,Executive,Director,High,1,66,PHISH009,Resume Attachment,Malicious Attachment Simulation,Medium,Human Resources,T1566.001,0,0.2437,1,0,0,0,1,371,0,0
EVT002930,EMP0293,Executive,Director,High,1,66,PHISH010,IT Helpdesk Account Verification,Credential Phishing,Hard,All,T1566.002,0,0.2685,1,0,0,0,0,0,0,0
EVT002931,EMP0294,Sales,Sales Manager,Low,1,90,PHISH001,Microsoft 365 Password Expiration,Credential Phishing,Easy,All,T1566.002,0,0.2524,1,0,0,0,1,91,0,0
EVT002932,EMP0294,Sales,Sales Manager,Low,1,90,PHISH002,HR Benefits Update,Malicious Attachment Simulation,Medium,All,T1566.001,0,0.2067,1,0,0,0,1,107,0,0
EVT002933,EMP0294,Sales,Sales Manager,Low,1,90,PHISH003,CEO Urgent Payment Request,Business Email Compromise,Hard,Finance,T1566,0,0.1594,1,0,0,0,1,213,1,1
EVT002934,EMP0294,Sales,Sales Manager,Low,1,90,PHISH004,Package Delivery Notification,Link Phishing,Easy,All,T1566.002,0,0.3468,1,1,0,0,0,0,1,1
EVT002935,EMP0294,Sales,Sales Manager,Low,1,90,PHISH005,Shared Cloud Document,Cloud Credential Phishing,Medium,All,T1566.003,0,0.2925,0,0,0,0,0,0,0,0
EVT002936,EMP0294,Sales,Sales Manager,Low,1,90,PHISH006,Fake MFA Verification Request,Identity Phishing,Hard,Information Technology,T1566.002,0,0.1965,1,0,0,0,1,122,0,0
EVT002937,EMP0294,Sales,Sales Manager,Low,1,90,PHISH007,Payroll Account Verification,Credential Phishing,Medium,Human Resources,T1566.002,0,0.295,1,0,0,0,0,0,0,0
EVT002938,EMP0294,Sales,Sales Manager,Low,1,90,PHISH008,QR Code Security Verification,QR Phishing,Hard,All,T1566.002,0,0.2418,1,0,0,0,1,278,0,0
EVT002939,EMP0294,Sales,Sales Manager,Low,1,90,PHISH009,Resume Attachment,Malicious Attachment Simulation,Medium,Human Resources,T1566.001,0,0.2762,1,0,1,0,1,148,1,1
EVT002940,EMP0294,Sales,Sales Manager,Low,1,90,PHISH010,IT Helpdesk Account Verification,Credential Phishing,Hard,All,T1566.002,0,0.1912,0,0,0,0,1,795,0,0
EVT002941,EMP0295,Operations,Operations Manager,Low,1,67,PHISH001,Microsoft 365 Password Expiration,Credential Phishing,Easy,All,T1566.002,0,0.1787,1,0,0,0,1,376,0,0
EVT002942,EMP0295,Operations,Operations Manager,Low,1,67,PHISH002,HR Benefits Update,Malicious Attachment Simulation,Medium,All,T1566.001,0,0.3823,1,0,1,0,0,0,1,1
EVT002943,EMP0295,Operations,Operations Manager,Low,1,67,PHISH003,CEO Urgent Payment Request,Business Email Compromise,Hard,Finance,T1566,0,0.4045,0,0,0,0,1,1020,0,0
EVT002944,EMP0295,Operations,Operations Manager,Low,1,67,PHISH004,Package Delivery Notification,Link Phishing,Easy,All,T1566.002,0,0.454,1,0,0,0,1,409,0,0
EVT002945,EMP0295,Operations,Operations Manager,Low,1,67,PHISH005,Shared Cloud Document,Cloud Credential Phishing,Medium,All,T1566.003,0,0.3405,0,0,0,0,0,0,0,0
EVT002946,EMP0295,Operations,Operations Manager,Low,1,67,PHISH006,Fake MFA Verification Request,Identity Phishing,Hard,Information Technology,T1566.002,0,0.3319,0,0,0,0,1,125,0,0
EVT002947,EMP0295,Operations,Operations Manager,Low,1,67,PHISH007,Payroll Account Verification,Credential Phishing,Medium,Human Resources,T1566.002,0,0.3946,1,0,0,0,1,250,0,0
EVT002948,EMP0295,Operations,Operations Manager,Low,1,67,PHISH008,QR Code Security Verification,QR Phishing,Hard,All,T1566.002,0,0.4368,1,0,0,0,0,0,0,0
EVT002949,EMP0295,Operations,Operations Manager,Low,1,67,PHISH009,Resume Attachment,Malicious Attachment Simulation,Medium,Human Resources,T1566.001,0,0.2485,1,0,0,0,0,0,0,0
EVT002950,EMP0295,Operations,Operations Manager,Low,1,67,PHISH010,IT Helpdesk Account Verification,Credential Phishing,Hard,All,T1566.002,0,0.3392,1,0,0,0,0,0,0,0
EVT002951,EMP0296,Marketing,Marketing Specialist,Low,1,86,PHISH001,Microsoft 365 Password Expiration,Credential Phishing,Easy,All,T1566.002,0,0.1112,1,0,0,0,0,0,0,0
EVT002952,EMP0296,Marketing,Marketing Specialist,Low,1,86,PHISH002,HR Benefits Update,Malicious Attachment Simulation,Medium,All,T1566.001,0,0.2055,1,0,0,0,0,0,0,0
EVT002953,EMP0296,Marketing,Marketing Specialist,Low,1,86,PHISH003,CEO Urgent Payment Request,Business Email Compromise,Hard,Finance,T1566,0,0.3015,1,0,0,0,1,444,0,0
EVT002954,EMP0296,Marketing,Marketing Specialist,Low,1,86,PHISH004,Package Delivery Notification,Link Phishing,Easy,All,T1566.002,0,0.1241,1,0,0,0,1,391,0,0
EVT002955,EMP0296,Marketing,Marketing Specialist,Low,1,86,PHISH005,Shared Cloud Document,Cloud Credential Phishing,Medium,All,T1566.003,0,0.1167,1,0,0,0,1,472,0,0
EVT002956,EMP0296,Marketing,Marketing Specialist,Low,1,86,PHISH006,Fake MFA Verification Request,Identity Phishing,Hard,Information Technology,T1566.002,0,0.3174,0,0,0,0,0,0,0,0
EVT002957,EMP0296,Marketing,Marketing Specialist,Low,1,86,PHISH007,Payroll Account Verification,Credential Phishing,Medium,Human Resources,T1566.002,0,0.1441,0,0,0,0,1,603,0,0
EVT002958,EMP0296,Marketing,Marketing Specialist,Low,1,86,PHISH008,QR Code Security Verification,QR Phishing,Hard,All,T1566.002,0,0.2384,0,0,0,0,0,0,0,0
EVT002959,EMP0296,Marketing,Marketing Specialist,Low,1,86,PHISH009,Resume Attachment,Malicious Attachment Simulation,Medium,Human Resources,T1566.001,0,0.2493,1,0,0,0,0,0,0,0
EVT002960,EMP0296,Marketing,Marketing Specialist,Low,1,86,PHISH010,IT Helpdesk Account Verification,Credential Phishing,Hard,All,T1566.002,0,0.2705,1,0,0,0,0,0,0,0
EVT002961,EMP0297,Human Resources,Recruiter,Medium,0,100,PHISH001,Microsoft 365 Password Expiration,Credential Phishing,Easy,All,T1566.002,0,0.152,1,0,0,0,1,331,0,0
EVT002962,EMP0297,Human Resources,Recruiter,Medium,0,100,PHISH002,HR Benefits Update,Malicious Attachment Simulation,Medium,All,T1566.001,0,0.174,1,0,0,0,0,0,0,0
EVT002963,EMP0297,Human Resources,Recruiter,Medium,0,100,PHISH003,CEO Urgent Payment Request,Business Email Compromise,Hard,Finance,T1566,0,0.1307,1,0,0,0,0,0,1,1
EVT002964,EMP0297,Human Resources,Recruiter,Medium,0,100,PHISH004,Package Delivery Notification,Link Phishing,Easy,All,T1566.002,0,0.2018,1,1,0,0,0,0,1,1
EVT002965,EMP0297,Human Resources,Recruiter,Medium,0,100,PHISH005,Shared Cloud Document,Cloud Credential Phishing,Medium,All,T1566.003,0,0.26,1,0,0,0,0,0,0,0
EVT002966,EMP0297,Human Resources,Recruiter,Medium,0,100,PHISH006,Fake MFA Verification Request,Identity Phishing,Hard,Information Technology,T1566.002,0,0.2021,1,0,0,0,0,0,0,0
EVT002967,EMP0297,Human Resources,Recruiter,Medium,0,100,PHISH007,Payroll Account Verification,Credential Phishing,Medium,Human Resources,T1566.002,1,0.1999,1,0,0,0,0,0,0,0
EVT002968,EMP0297,Human Resources,Recruiter,Medium,0,100,PHISH008,QR Code Security Verification,QR Phishing,Hard,All,T1566.002,0,0.1857,0,0,0,0,1,193,0,0
EVT002969,EMP0297,Human Resources,Recruiter,Medium,0,100,PHISH009,Resume Attachment,Malicious Attachment Simulation,Medium,Human Resources,T1566.001,1,0.148,1,0,1,0,1,355,1,1
EVT002970,EMP0297,Human Resources,Recruiter,Medium,0,100,PHISH010,IT Helpdesk Account Verification,Credential Phishing,Hard,All,T1566.002,0,0.213,1,0,0,0,1,839,0,0
EVT002971,EMP0298,Information Technology,System Administrator,Privileged,1,76,PHISH001,Microsoft 365 Password Expiration,Credential Phishing,Easy,All,T1566.002,0,0.2388,1,0,0,0,0,0,0,0
EVT002972,EMP0298,Information Technology,System Administrator,Privileged,1,76,PHISH002,HR Benefits Update,Malicious Attachment Simulation,Medium,All,T1566.001,0,0.2992,1,0,0,0,0,0,0,0
EVT002973,EMP0298,Information Technology,System Administrator,Privileged,1,76,PHISH003,CEO Urgent Payment Request,Business Email Compromise,Hard,Finance,T1566,0,0.2667,1,0,0,0,0,0,0,0
EVT002974,EMP0298,Information Technology,System Administrator,Privileged,1,76,PHISH004,Package Delivery Notification,Link Phishing,Easy,All,T1566.002,0,0.2628,1,0,0,0,1,396,0,0
EVT002975,EMP0298,Information Technology,System Administrator,Privileged,1,76,PHISH005,Shared Cloud Document,Cloud Credential Phishing,Medium,All,T1566.003,0,0.2951,0,0,0,0,1,181,0,0
EVT002976,EMP0298,Information Technology,System Administrator,Privileged,1,76,PHISH006,Fake MFA Verification Request,Identity Phishing,Hard,Information Technology,T1566.002,1,0.3817,0,0,0,0,0,0,1,1
EVT002977,EMP0298,Information Technology,System Administrator,Privileged,1,76,PHISH007,Payroll Account Verification,Credential Phishing,Medium,Human Resources,T1566.002,0,0.1918,1,0,0,0,0,0,0,0
EVT002978,EMP0298,Information Technology,System Administrator,Privileged,1,76,PHISH008,QR Code Security Verification,QR Phishing,Hard,All,T1566.002,0,0.32,0,0,0,0,1,70,1,1
EVT002979,EMP0298,Information Technology,System Administrator,Privileged,1,76,PHISH009,Resume Attachment,Malicious Attachment Simulation,Medium,Human Resources,T1566.001,0,0.2117,1,0,0,0,0,0,0,0
EVT002980,EMP0298,Information Technology,System Administrator,Privileged,1,76,PHISH010,IT Helpdesk Account Verification,Credential Phishing,Hard,All,T1566.002,0,0.2109,1,0,0,0,0,0,0,0
EVT002981,EMP0299,Operations,Operations Manager,Medium,0,77,PHISH001,Microsoft 365 Password Expiration,Credential Phishing,Easy,All,T1566.002,0,0.4201,1,1,0,1,0,0,1,1
EVT002982,EMP0299,Operations,Operations Manager,Medium,0,77,PHISH002,HR Benefits Update,Malicious Attachment Simulation,Medium,All,T1566.001,0,0.3206,0,0,0,0,1,421,0,0
EVT002983,EMP0299,Operations,Operations Manager,Medium,0,77,PHISH003,CEO Urgent Payment Request,Business Email Compromise,Hard,Finance,T1566,0,0.4409,1,0,0,0,0,0,1,1
EVT002984,EMP0299,Operations,Operations Manager,Medium,0,77,PHISH004,Package Delivery Notification,Link Phishing,Easy,All,T1566.002,0,0.2997,1,0,0,0,0,0,0,0
EVT002985,EMP0299,Operations,Operations Manager,Medium,0,77,PHISH005,Shared Cloud Document,Cloud Credential Phishing,Medium,All,T1566.003,0,0.3202,1,0,0,0,0,0,0,0
EVT002986,EMP0299,Operations,Operations Manager,Medium,0,77,PHISH006,Fake MFA Verification Request,Identity Phishing,Hard,Information Technology,T1566.002,0,0.4351,1,0,0,0,0,0,0,0
EVT002987,EMP0299,Operations,Operations Manager,Medium,0,77,PHISH007,Payroll Account Verification,Credential Phishing,Medium,Human Resources,T1566.002,0,0.2923,1,0,0,0,0,0,0,0
EVT002988,EMP0299,Operations,Operations Manager,Medium,0,77,PHISH008,QR Code Security Verification,QR Phishing,Hard,All,T1566.002,0,0.4001,1,0,0,0,1,105,0,0
EVT002989,EMP0299,Operations,Operations Manager,Medium,0,77,PHISH009,Resume Attachment,Malicious Attachment Simulation,Medium,Human Resources,T1566.001,0,0.2761,1,0,0,0,0,0,0,0
EVT002990,EMP0299,Operations,Operations Manager,Medium,0,77,PHISH010,IT Helpdesk Account Verification,Credential Phishing,Hard,All,T1566.002,0,0.3722,0,0,0,0,0,0,1,1
EVT002991,EMP0300,Marketing,Digital Marketing Analyst,Medium,1,99,PHISH001,Microsoft 365 Password Expiration,Credential Phishing,Easy,All,T1566.002,0,0.0767,1,0,0,0,0,0,0,0
EVT002992,EMP0300,Marketing,Digital Marketing Analyst,Medium,1,99,PHISH002,HR Benefits Update,Malicious Attachment Simulation,Medium,All,T1566.001,0,0.0899,1,0,0,0,1,247,0,0
EVT002993,EMP0300,Marketing,Digital Marketing Analyst,Medium,1,99,PHISH003,CEO Urgent Payment Request,Business Email Compromise,Hard,Finance,T1566,0,0.21,1,0,0,0,0,0,0,0
EVT002994,EMP0300,Marketing,Digital Marketing Analyst,Medium,1,99,PHISH004,Package Delivery Notification,Link Phishing,Easy,All,T1566.002,0,0.2372,1,0,0,0,0,0,0,0
EVT002995,EMP0300,Marketing,Digital Marketing Analyst,Medium,1,99,PHISH005,Shared Cloud Document,Cloud Credential Phishing,Medium,All,T1566.003,0,0.1383,1,0,0,0,0,0,0,0
EVT002996,EMP0300,Marketing,Digital Marketing Analyst,Medium,1,99,PHISH006,Fake MFA Verification Request,Identity Phishing,Hard,Information Technology,T1566.002,0,0.1883,0,0,0,0,1,100,0,0
EVT002997,EMP0300,Marketing,Digital Marketing Analyst,Medium,1,99,PHISH007,Payroll Account Verification,Credential Phishing,Medium,Human Resources,T1566.002,0,0.2017,1,0,0,0,0,0,0,0
EVT002998,EMP0300,Marketing,Digital Marketing Analyst,Medium,1,99,PHISH008,QR Code Security Verification,QR Phishing,Hard,All,T1566.002,0,0.2087,1,1,0,0,0,0,1,1
EVT002999,EMP0300,Marketing,Digital Marketing Analyst,Medium,1,99,PHISH009,Resume Attachment,Malicious Attachment Simulation,Medium,Human Resources,T1566.001,0,0.2015,1,0,0,0,1,79,0,0
EVT003000,EMP0300,Marketing,Digital Marketing Analyst,Medium,1,99,PHISH010,IT Helpdesk Account Verification,Credential Phishing,Hard,All,T1566.002,0,0.0966,1,0,0,0,1,228,0,0
EVT003001,EMP0301,Sales,Account Executive,Low,1,85,PHISH001,Microsoft 365 Password Expiration,Credential Phishing,Easy,All,T1566.002,0,0.2655,0,0,0,0,0,0,0,0
EVT003002,EMP0301,Sales,Account Executive,Low,1,85,PHISH002,HR Benefits Update,Malicious Attachment Simulation,Medium,All,T1566.001,0,0.2266,1,0,0,0,1,395,0,0
EVT003003,EMP0301,Sales,Account Executive,Low,1,85,PHISH003,CEO Urgent Payment Request,Business Email Compromise,Hard,Finance,T1566,0,0.2111,1,0,0,0,1,150,0,0
EVT003004,EMP0301,Sales,Account Executive,Low,1,85,PHISH004,Package Delivery Notification,Link Phishing,Easy,All,T1566.002,0,0.111,1,0,0,0,0,0,0,0
EVT003005,EMP0301,Sales,Account Executive,Low,1,85,PHISH005,Shared Cloud Document,Cloud Credential Phishing,Medium,All,T1566.003,0,0.3098,1,0,0,0,0,0,0,0
EVT003006,EMP0301,Sales,Account Executive,Low,1,85,PHISH006,Fake MFA Verification Request,Identity Phishing,Hard,Information Technology,T1566.002,0,0.2259,1,0,0,0,1,257,0,0
EVT003007,EMP0301,Sales,Account Executive,Low,1,85,PHISH007,Payroll Account Verification,Credential Phishing,Medium,Human Resources,T1566.002,0,0.2047,1,0,0,0,1,186,0,0
EVT003008,EMP0301,Sales,Account Executive,Low,1,85,PHISH008,QR Code Security Verification,QR Phishing,Hard,All,T1566.002,0,0.2914,1,0,0,0,0,0,0,0
EVT003009,EMP0301,Sales,Account Executive,Low,1,85,PHISH009,Resume Attachment,Malicious Attachment Simulation,Medium,Human Resources,T1566.001,0,0.1535,1,0,1,0,0,0,1,1
EVT003010,EMP0301,Sales,Account Executive,Low,1,85,PHISH010,IT Helpdesk Account Verification,Credential Phishing,Hard,All,T1566.002,0,0.212,1,0,0,0,1,68,0,0
EVT003011,EMP0302,Marketing,Marketing Specialist,Low,1,89,PHISH001,Microsoft 365 Password Expiration,Credential Phishing,Easy,All,T1566.002,0,0.2692,0,0,0,0,0,0,0,0
EVT003012,EMP0302,Marketing,Marketing Specialist,Low,1,89,PHISH002,HR Benefits Update,Malicious Attachment Simulation,Medium,All,T1566.001,0,0.1744,1,0,0,0,1,154,0,0
EVT003013,EMP0302,Marketing,Marketing Specialist,Low,1,89,PHISH003,CEO Urgent Payment Request,Business Email Compromise,Hard,Finance,T1566,0,0.2628,1,0,0,0,1,129,0,0
EVT003014,EMP0302,Marketing,Marketing Specialist,Low,1,89,PHISH004,Package Delivery Notification,Link Phishing,Easy,All,T1566.002,0,0.1875,0,0,0,0,1,194,0,0
EVT003015,EMP0302,Marketing,Marketing Specialist,Low,1,89,PHISH005,Shared Cloud Document,Cloud Credential Phishing,Medium,All,T1566.003,0,0.2361,1,1,0,1,0,0,1,1
EVT003016,EMP0302,Marketing,Marketing Specialist,Low,1,89,PHISH006,Fake MFA Verification Request,Identity Phishing,Hard,Information Technology,T1566.002,0,0.2594,1,0,0,0,1,351,0,0
EVT003017,EMP0302,Marketing,Marketing Specialist,Low,1,89,PHISH007,Payroll Account Verification,Credential Phishing,Medium,Human Resources,T1566.002,0,0.1565,1,0,0,0,1,239,0,0
EVT003018,EMP0302,Marketing,Marketing Specialist,Low,1,89,PHISH008,QR Code Security Verification,QR Phishing,Hard,All,T1566.002,0,0.2976,1,0,0,0,1,578,0,0
EVT003019,EMP0302,Marketing,Marketing Specialist,Low,1,89,PHISH009,Resume Attachment,Malicious Attachment Simulation,Medium,Human Resources,T1566.001,0,0.183,1,0,0,0,1,174,0,0
EVT003020,EMP0302,Marketing,Marketing Specialist,Low,1,89,PHISH010,IT Helpdesk Account Verification,Credential Phishing,Hard,All,T1566.002,0,0.2386,1,0,0,0,1,211,0,0
EVT003021,EMP0303,Human Resources,Recruiter,High,0,77,PHISH001,Microsoft 365 Password Expiration,Credential Phishing,Easy,All,T1566.002,0,0.3466,1,0,0,0,0,0,0,0
EVT003022,EMP0303,Human Resources,Recruiter,High,0,77,PHISH002,HR Benefits Update,Malicious Attachment Simulation,Medium,All,T1566.001,0,0.4888,1,0,1,0,0,0,1,1
EVT003023,EMP0303,Human Resources,Recruiter,High,0,77,PHISH003,CEO Urgent Payment Request,Business Email Compromise,Hard,Finance,T1566,0,0.4347,1,0,0,0,0,0,1,1
EVT003024,EMP0303,Human Resources,Recruiter,High,0,77,PHISH004,Package Delivery Notification,Link Phishing,Easy,All,T1566.002,0,0.4684,1,0,0,0,0,0,0,0
EVT003025,EMP0303,Human Resources,Recruiter,High,0,77,PHISH005,Shared Cloud Document,Cloud Credential Phishing,Medium,All,T1566.003,0,0.3885,1,1,0,0,0,0,1,1
EVT003026,EMP0303,Human Resources,Recruiter,High,0,77,PHISH006,Fake MFA Verification Request,Identity Phishing,Hard,Information Technology,T1566.002,0,0.3929,0,0,0,0,0,0,0,0
EVT003027,EMP0303,Human Resources,Recruiter,High,0,77,PHISH007,Payroll Account Verification,Credential Phishing,Medium,Human Resources,T1566.002,1,0.4119,1,1,0,1,1,300,1,1
EVT003028,EMP0303,Human Resources,Recruiter,High,0,77,PHISH008,QR Code Security Verification,QR Phishing,Hard,All,T1566.002,0,0.4535,1,0,0,0,0,0,0,0
EVT003029,EMP0303,Human Resources,Recruiter,High,0,77,PHISH009,Resume Attachment,Malicious Attachment Simulation,Medium,Human Resources,T1566.001,1,0.4187,1,0,0,0,0,0,0,0
EVT003030,EMP0303,Human Resources,Recruiter,High,0,77,PHISH010,IT Helpdesk Account Verification,Credential Phishing,Hard,All,T1566.002,0,0.3581,1,1,0,1,1,143,1,1
EVT003031,EMP0304,Legal,Legal Manager,High,1,85,PHISH001,Microsoft 365 Password Expiration,Credential Phishing,Easy,All,T1566.002,0,0.2152,0,0,0,0,1,368,0,0
EVT003032,EMP0304,Legal,Legal Manager,High,1,85,PHISH002,HR Benefits Update,Malicious Attachment Simulation,Medium,All,T1566.001,0,0.1867,1,0,1,0,1,127,1,1
EVT003033,EMP0304,Legal,Legal Manager,High,1,85,PHISH003,CEO Urgent Payment Request,Business Email Compromise,Hard,Finance,T1566,0,0.3484,1,0,0,0,0,0,0,0
EVT003034,EMP0304,Legal,Legal Manager,High,1,85,PHISH004,Package Delivery Notification,Link Phishing,Easy,All,T1566.002,0,0.317,1,1,0,0,0,0,1,1
EVT003035,EMP0304,Legal,Legal Manager,High,1,85,PHISH005,Shared Cloud Document,Cloud Credential Phishing,Medium,All,T1566.003,0,0.3192,1,0,0,0,1,164,0,0
EVT003036,EMP0304,Legal,Legal Manager,High,1,85,PHISH006,Fake MFA Verification Request,Identity Phishing,Hard,Information Technology,T1566.002,0,0.3357,0,0,0,0,1,244,1,1
EVT003037,EMP0304,Legal,Legal Manager,High,1,85,PHISH007,Payroll Account Verification,Credential Phishing,Medium,Human Resources,T1566.002,0,0.3274,1,0,0,0,1,330,0,0
EVT003038,EMP0304,Legal,Legal Manager,High,1,85,PHISH008,QR Code Security Verification,QR Phishing,Hard,All,T1566.002,0,0.3177,1,1,0,0,0,0,1,1
EVT003039,EMP0304,Legal,Legal Manager,High,1,85,PHISH009,Resume Attachment,Malicious Attachment Simulation,Medium,Human Resources,T1566.001,0,0.4111,1,0,0,0,0,0,0,0
EVT003040,EMP0304,Legal,Legal Manager,High,1,85,PHISH010,IT Helpdesk Account Verification,Credential Phishing,Hard,All,T1566.002,0,0.1785,1,1,0,1,1,216,1,1
EVT003041,EMP0305,Finance,Accountant,High,1,84,PHISH001,Microsoft 365 Password Expiration,Credential Phishing,Easy,All,T1566.002,0,0.03,1,0,0,0,1,493,0,0
EVT003042,EMP0305,Finance,Accountant,High,1,84,PHISH002,HR Benefits Update,Malicious Attachment Simulation,Medium,All,T1566.001,0,0.0835,1,0,0,0,0,0,0,0
EVT003043,EMP0305,Finance,Accountant,High,1,84,PHISH003,CEO Urgent Payment Request,Business Email Compromise,Hard,Finance,T1566,1,0.2157,1,0,0,0,1,149,0,0
EVT003044,EMP0305,Finance,Accountant,High,1,84,PHISH004,Package Delivery Notification,Link Phishing,Easy,All,T1566.002,0,0.1829,1,0,0,0,1,334,0,0
EVT003045,EMP0305,Finance,Accountant,High,1,84,PHISH005,Shared Cloud Document,Cloud Credential Phishing,Medium,All,T1566.003,0,0.0626,1,0,0,0,1,141,0,0
EVT003046,EMP0305,Finance,Accountant,High,1,84,PHISH006,Fake MFA Verification Request,Identity Phishing,Hard,Information Technology,T1566.002,0,0.2379,1,0,0,0,1,143,0,0
EVT003047,EMP0305,Finance,Accountant,High,1,84,PHISH007,Payroll Account Verification,Credential Phishing,Medium,Human Resources,T1566.002,0,0.1745,1,1,0,1,0,0,1,1
EVT003048,EMP0305,Finance,Accountant,High,1,84,PHISH008,QR Code Security Verification,QR Phishing,Hard,All,T1566.002,0,0.2259,1,0,0,0,1,106,0,0
EVT003049,EMP0305,Finance,Accountant,High,1,84,PHISH009,Resume Attachment,Malicious Attachment Simulation,Medium,Human Resources,T1566.001,0,0.1994,1,0,1,0,1,289,1,1
EVT003050,EMP0305,Finance,Accountant,High,1,84,PHISH010,IT Helpdesk Account Verification,Credential Phishing,Hard,All,T1566.002,0,0.0402,1,0,0,0,1,497,0,0
EVT003051,EMP0306,Executive,Director,Privileged,1,90,PHISH001,Microsoft 365 Password Expiration,Credential Phishing,Easy,All,T1566.002,0,0.1994,1,0,0,0,1,269,0,0
EVT003052,EMP0306,Executive,Director,Privileged,1,90,PHISH002,HR Benefits Update,Malicious Attachment Simulation,Medium,All,T1566.001,0,0.3407,1,0,0,0,0,0,0,0
EVT003053,EMP0306,Executive,Director,Privileged,1,90,PHISH003,CEO Urgent Payment Request,Business Email Compromise,Hard,Finance,T1566,0,0.3326,1,0,0,0,1,584,1,1
EVT003054,EMP0306,Executive,Director,Privileged,1,90,PHISH004,Package Delivery Notification,Link Phishing,Easy,All,T1566.002,0,0.2367,1,0,0,0,1,268,0,0
EVT003055,EMP0306,Executive,Director,Privileged,1,90,PHISH005,Shared Cloud Document,Cloud Credential Phishing,Medium,All,T1566.003,0,0.3069,1,0,0,0,1,172,0,0
EVT003056,EMP0306,Executive,Director,Privileged,1,90,PHISH006,Fake MFA Verification Request,Identity Phishing,Hard,Information Technology,T1566.002,0,0.3359,1,1,0,0,1,219,1,1
EVT003057,EMP0306,Executive,Director,Privileged,1,90,PHISH007,Payroll Account Verification,Credential Phishing,Medium,Human Resources,T1566.002,0,0.245,1,0,0,0,1,124,0,0
EVT003058,EMP0306,Executive,Director,Privileged,1,90,PHISH008,QR Code Security Verification,QR Phishing,Hard,All,T1566.002,0,0.3138,0,0,0,0,0,0,1,1
EVT003059,EMP0306,Executive,Director,Privileged,1,90,PHISH009,Resume Attachment,Malicious Attachment Simulation,Medium,Human Resources,T1566.001,0,0.2934,1,0,1,0,0,0,1,1
EVT003060,EMP0306,Executive,Director,Privileged,1,90,PHISH010,IT Helpdesk Account Verification,Credential Phishing,Hard,All,T1566.002,0,0.3013,1,0,0,0,0,0,0,0
EVT003061,EMP0307,Executive,Vice President,Privileged,1,83,PHISH001,Microsoft 365 Password Expiration,Credential Phishing,Easy,All,T1566.002,0,0.2745,1,0,0,0,1,305,0,0
EVT003062,EMP0307,Executive,Vice President,Privileged,1,83,PHISH002,HR Benefits Update,Malicious Attachment Simulation,Medium,All,T1566.001,0,0.1495,1,0,0,0,0,0,0,0
EVT003063,EMP0307,Executive,Vice President,Privileged,1,83,PHISH003,CEO Urgent Payment Request,Business Email Compromise,Hard,Finance,T1566,0,0.2476,1,0,0,0,0,0,1,1
EVT003064,EMP0307,Executive,Vice President,Privileged,1,83,PHISH004,Package Delivery Notification,Link Phishing,Easy,All,T1566.002,0,0.1539,1,0,0,0,0,0,0,0
EVT003065,EMP0307,Executive,Vice President,Privileged,1,83,PHISH005,Shared Cloud Document,Cloud Credential Phishing,Medium,All,T1566.003,0,0.2796,1,0,0,0,1,387,0,0
EVT003066,EMP0307,Executive,Vice President,Privileged,1,83,PHISH006,Fake MFA Verification Request,Identity Phishing,Hard,Information Technology,T1566.002,0,0.275,1,0,0,0,1,159,0,0
EVT003067,EMP0307,Executive,Vice President,Privileged,1,83,PHISH007,Payroll Account Verification,Credential Phishing,Medium,Human Resources,T1566.002,0,0.1869,1,0,0,0,0,0,0,0
EVT003068,EMP0307,Executive,Vice President,Privileged,1,83,PHISH008,QR Code Security Verification,QR Phishing,Hard,All,T1566.002,0,0.2654,1,1,0,0,0,0,1,1
EVT003069,EMP0307,Executive,Vice President,Privileged,1,83,PHISH009,Resume Attachment,Malicious Attachment Simulation,Medium,Human Resources,T1566.001,0,0.2482,1,0,0,0,0,0,0,0
EVT003070,EMP0307,Executive,Vice President,Privileged,1,83,PHISH010,IT Helpdesk Account Verification,Credential Phishing,Hard,All,T1566.002,0,0.2714,1,0,0,0,1,102,0,0
EVT003071,EMP0308,Marketing,Digital Marketing Analyst,Medium,1,80,PHISH001,Microsoft 365 Password Expiration,Credential Phishing,Easy,All,T1566.002,0,0.1805,1,0,0,0,0,0,0,0
EVT003072,EMP0308,Marketing,Digital Marketing Analyst,Medium,1,80,PHISH002,HR Benefits Update,Malicious Attachment Simulation,Medium,All,T1566.001,0,0.1629,1,0,0,0,1,67,0,0
EVT003073,EMP0308,Marketing,Digital Marketing Analyst,Medium,1,80,PHISH003,CEO Urgent Payment Request,Business Email Compromise,Hard,Finance,T1566,0,0.1993,1,0,0,0,1,116,1,1
EVT003074,EMP0308,Marketing,Digital Marketing Analyst,Medium,1,80,PHISH004,Package Delivery Notification,Link Phishing,Easy,All,T1566.002,0,0.2675,0,0,0,0,1,447,0,0
EVT003075,EMP0308,Marketing,Digital Marketing Analyst,Medium,1,80,PHISH005,Shared Cloud Document,Cloud Credential Phishing,Medium,All,T1566.003,0,0.1925,1,0,0,0,1,337,0,0
EVT003076,EMP0308,Marketing,Digital Marketing Analyst,Medium,1,80,PHISH006,Fake MFA Verification Request,Identity Phishing,Hard,Information Technology,T1566.002,0,0.2119,1,1,0,1,1,132,1,1
EVT003077,EMP0308,Marketing,Digital Marketing Analyst,Medium,1,80,PHISH007,Payroll Account Verification,Credential Phishing,Medium,Human Resources,T1566.002,0,0.144,1,0,0,0,0,0,0,0
EVT003078,EMP0308,Marketing,Digital Marketing Analyst,Medium,1,80,PHISH008,QR Code Security Verification,QR Phishing,Hard,All,T1566.002,0,0.1811,0,0,0,0,0,0,0,0
EVT003079,EMP0308,Marketing,Digital Marketing Analyst,Medium,1,80,PHISH009,Resume Attachment,Malicious Attachment Simulation,Medium,Human Resources,T1566.001,0,0.1717,1,0,0,0,0,0,0,0
EVT003080,EMP0308,Marketing,Digital Marketing Analyst,Medium,1,80,PHISH010,IT Helpdesk Account Verification,Credential Phishing,Hard,All,T1566.002,0,0.1055,0,0,0,0,0,0,0,0
EVT003081,EMP0309,Sales,Sales Manager,Low,0,65,PHISH001,Microsoft 365 Password Expiration,Credential Phishing,Easy,All,T1566.002,0,0.3352,0,0,0,0,1,90,1,1
EVT003082,EMP0309,Sales,Sales Manager,Low,0,65,PHISH002,HR Benefits Update,Malicious Attachment Simulation,Medium,All,T1566.001,0,0.342,1,0,0,0,1,369,0,0
EVT003083,EMP0309,Sales,Sales Manager,Low,0,65,PHISH003,CEO Urgent Payment Request,Business Email Compromise,Hard,Finance,T1566,0,0.3587,1,0,0,0,1,210,0,0
EVT003084,EMP0309,Sales,Sales Manager,Low,0,65,PHISH004,Package Delivery Notification,Link Phishing,Easy,All,T1566.002,0,0.3634,1,1,0,0,1,407,1,1
EVT003085,EMP0309,Sales,Sales Manager,Low,0,65,PHISH005,Shared Cloud Document,Cloud Credential Phishing,Medium,All,T1566.003,0,0.3979,1,1,0,1,0,0,1,1
EVT003086,EMP0309,Sales,Sales Manager,Low,0,65,PHISH006,Fake MFA Verification Request,Identity Phishing,Hard,Information Technology,T1566.002,0,0.2792,1,0,0,0,1,131,0,0
EVT003087,EMP0309,Sales,Sales Manager,Low,0,65,PHISH007,Payroll Account Verification,Credential Phishing,Medium,Human Resources,T1566.002,0,0.3467,1,0,0,0,0,0,0,0
EVT003088,EMP0309,Sales,Sales Manager,Low,0,65,PHISH008,QR Code Security Verification,QR Phishing,Hard,All,T1566.002,0,0.3468,1,0,0,0,0,0,0,0
EVT003089,EMP0309,Sales,Sales Manager,Low,0,65,PHISH009,Resume Attachment,Malicious Attachment Simulation,Medium,Human Resources,T1566.001,0,0.3874,1,0,1,0,0,0,1,1
EVT003090,EMP0309,Sales,Sales Manager,Low,0,65,PHISH010,IT Helpdesk Account Verification,Credential Phishing,Hard,All,T1566.002,0,0.3344,1,0,0,0,0,0,0,0
EVT003091,EMP0310,Marketing,Marketing Specialist,Medium,1,90,PHISH001,Microsoft 365 Password Expiration,Credential Phishing,Easy,All,T1566.002,0,0.4963,1,0,0,0,0,0,0,0
EVT003092,EMP0310,Marketing,Marketing Specialist,Medium,1,90,PHISH002,HR Benefits Update,Malicious Attachment Simulation,Medium,All,T1566.001,0,0.3935,1,0,1,0,0,0,1,1
EVT003093,EMP0310,Marketing,Marketing Specialist,Medium,1,90,PHISH003,CEO Urgent Payment Request,Business Email Compromise,Hard,Finance,T1566,0,0.4277,0,0,0,0,1,821,1,1
EVT003094,EMP0310,Marketing,Marketing Specialist,Medium,1,90,PHISH004,Package Delivery Notification,Link Phishing,Easy,All,T1566.002,0,0.4075,1,0,0,0,0,0,0,0
EVT003095,EMP0310,Marketing,Marketing Specialist,Medium,1,90,PHISH005,Shared Cloud Document,Cloud Credential Phishing,Medium,All,T1566.003,0,0.4995,0,0,0,0,1,605,0,0
EVT003096,EMP0310,Marketing,Marketing Specialist,Medium,1,90,PHISH006,Fake MFA Verification Request,Identity Phishing,Hard,Information Technology,T1566.002,0,0.4331,0,0,0,0,1,202,0,0
EVT003097,EMP0310,Marketing,Marketing Specialist,Medium,1,90,PHISH007,Payroll Account Verification,Credential Phishing,Medium,Human Resources,T1566.002,0,0.3033,1,1,0,1,1,117,1,1
EVT003098,EMP0310,Marketing,Marketing Specialist,Medium,1,90,PHISH008,QR Code Security Verification,QR Phishing,Hard,All,T1566.002,0,0.3128,1,0,0,0,1,704,0,0
EVT003099,EMP0310,Marketing,Marketing Specialist,Medium,1,90,PHISH009,Resume Attachment,Malicious Attachment Simulation,Medium,Human Resources,T1566.001,0,0.3983,1,0,1,0,0,0,1,1
EVT003100,EMP0310,Marketing,Marketing Specialist,Medium,1,90,PHISH010,IT Helpdesk Account Verification,Credential Phishing,Hard,All,T1566.002,0,0.5184,1,0,0,0,0,0,0,0
EVT003101,EMP0311,Finance,Accountant,High,1,78,PHISH001,Microsoft 365 Password Expiration,Credential Phishing,Easy,All,T1566.002,0,0.1692,1,0,0,0,0,0,0,0
EVT003102,EMP0311,Finance,Accountant,High,1,78,PHISH002,HR Benefits Update,Malicious Attachment Simulation,Medium,All,T1566.001,0,0.2492,1,0,0,0,0,0,0,0
EVT003103,EMP0311,Finance,Accountant,High,1,78,PHISH003,CEO Urgent Payment Request,Business Email Compromise,Hard,Finance,T1566,1,0.241,0,0,0,0,1,508,1,1
EVT003104,EMP0311,Finance,Accountant,High,1,78,PHISH004,Package Delivery Notification,Link Phishing,Easy,All,T1566.002,0,0.2471,0,0,0,0,1,387,0,0
EVT003105,EMP0311,Finance,Accountant,High,1,78,PHISH005,Shared Cloud Document,Cloud Credential Phishing,Medium,All,T1566.003,0,0.3643,1,0,0,0,0,0,0,0
EVT003106,EMP0311,Finance,Accountant,High,1,78,PHISH006,Fake MFA Verification Request,Identity Phishing,Hard,Information Technology,T1566.002,0,0.2967,0,0,0,0,0,0,0,0
EVT003107,EMP0311,Finance,Accountant,High,1,78,PHISH007,Payroll Account Verification,Credential Phishing,Medium,Human Resources,T1566.002,0,0.2447,1,0,0,0,1,214,0,0
EVT003108,EMP0311,Finance,Accountant,High,1,78,PHISH008,QR Code Security Verification,QR Phishing,Hard,All,T1566.002,0,0.2757,1,0,0,0,1,212,0,0
EVT003109,EMP0311,Finance,Accountant,High,1,78,PHISH009,Resume Attachment,Malicious Attachment Simulation,Medium,Human Resources,T1566.001,0,0.3089,0,0,0,0,0,0,0,0
EVT003110,EMP0311,Finance,Accountant,High,1,78,PHISH010,IT Helpdesk Account Verification,Credential Phishing,Hard,All,T1566.002,0,0.1814,1,1,0,1,0,0,1,1
EVT003111,EMP0312,Marketing,Digital Marketing Analyst,Low,1,78,PHISH001,Microsoft 365 Password Expiration,Credential Phishing,Easy,All,T1566.002,0,0.2144,1,0,0,0,0,0,0,0
EVT003112,EMP0312,Marketing,Digital Marketing Analyst,Low,1,78,PHISH002,HR Benefits Update,Malicious Attachment Simulation,Medium,All,T1566.001,0,0.303,0,0,0,0,0,0,0,0
EVT003113,EMP0312,Marketing,Digital Marketing Analyst,Low,1,78,PHISH003,CEO Urgent Payment Request,Business Email Compromise,Hard,Finance,T1566,0,0.3113,1,0,0,0,0,0,0,0
EVT003114,EMP0312,Marketing,Digital Marketing Analyst,Low,1,78,PHISH004,Package Delivery Notification,Link Phishing,Easy,All,T1566.002,0,0.218,0,0,0,0,1,573,0,0
EVT003115,EMP0312,Marketing,Digital Marketing Analyst,Low,1,78,PHISH005,Shared Cloud Document,Cloud Credential Phishing,Medium,All,T1566.003,0,0.2403,1,0,0,0,1,53,0,0
EVT003116,EMP0312,Marketing,Digital Marketing Analyst,Low,1,78,PHISH006,Fake MFA Verification Request,Identity Phishing,Hard,Information Technology,T1566.002,0,0.2555,1,0,0,0,1,225,0,0
EVT003117,EMP0312,Marketing,Digital Marketing Analyst,Low,1,78,PHISH007,Payroll Account Verification,Credential Phishing,Medium,Human Resources,T1566.002,0,0.2517,1,1,0,0,0,0,1,1
EVT003118,EMP0312,Marketing,Digital Marketing Analyst,Low,1,78,PHISH008,QR Code Security Verification,QR Phishing,Hard,All,T1566.002,0,0.2197,0,0,0,0,1,120,0,0
EVT003119,EMP0312,Marketing,Digital Marketing Analyst,Low,1,78,PHISH009,Resume Attachment,Malicious Attachment Simulation,Medium,Human Resources,T1566.001,0,0.2355,1,0,0,0,1,239,0,0
EVT003120,EMP0312,Marketing,Digital Marketing Analyst,Low,1,78,PHISH010,IT Helpdesk Account Verification,Credential Phishing,Hard,All,T1566.002,0,0.1398,0,0,0,0,1,205,0,0
EVT003121,EMP0313,Executive,Director,High,1,72,PHISH001,Microsoft 365 Password Expiration,Credential Phishing,Easy,All,T1566.002,0,0.3396,1,0,0,0,1,233,0,0
EVT003122,EMP0313,Executive,Director,High,1,72,PHISH002,HR Benefits Update,Malicious Attachment Simulation,Medium,All,T1566.001,0,0.1769,0,0,0,0,1,129,0,0
EVT003123,EMP0313,Executive,Director,High,1,72,PHISH003,CEO Urgent Payment Request,Business Email Compromise,Hard,Finance,T1566,0,0.2709,0,0,0,0,1,194,0,0
EVT003124,EMP0313,Executive,Director,High,1,72,PHISH004,Package Delivery Notification,Link Phishing,Easy,All,T1566.002,0,0.3534,1,0,0,0,0,0,0,0
EVT003125,EMP0313,Executive,Director,High,1,72,PHISH005,Shared Cloud Document,Cloud Credential Phishing,Medium,All,T1566.003,0,0.3324,1,0,0,0,0,0,0,0
EVT003126,EMP0313,Executive,Director,High,1,72,PHISH006,Fake MFA Verification Request,Identity Phishing,Hard,Information Technology,T1566.002,0,0.3895,1,0,0,0,1,81,0,0
EVT003127,EMP0313,Executive,Director,High,1,72,PHISH007,Payroll Account Verification,Credential Phishing,Medium,Human Resources,T1566.002,0,0.2963,1,0,0,0,0,0,0,0
EVT003128,EMP0313,Executive,Director,High,1,72,PHISH008,QR Code Security Verification,QR Phishing,Hard,All,T1566.002,0,0.3197,1,0,0,0,0,0,0,0
EVT003129,EMP0313,Executive,Director,High,1,72,PHISH009,Resume Attachment,Malicious Attachment Simulation,Medium,Human Resources,T1566.001,0,0.3709,1,0,0,0,1,219,0,0
EVT003130,EMP0313,Executive,Director,High,1,72,PHISH010,IT Helpdesk Account Verification,Credential Phishing,Hard,All,T1566.002,0,0.4092,0,0,0,0,1,283,0,0
EVT003131,EMP0314,Legal,Legal Assistant,High,1,74,PHISH001,Microsoft 365 Password Expiration,Credential Phishing,Easy,All,T1566.002,0,0.3153,1,0,0,0,0,0,0,0
EVT003132,EMP0314,Legal,Legal Assistant,High,1,74,PHISH002,HR Benefits Update,Malicious Attachment Simulation,Medium,All,T1566.001,0,0.1824,1,0,0,0,0,0,0,0
EVT003133,EMP0314,Legal,Legal Assistant,High,1,74,PHISH003,CEO Urgent Payment Request,Business Email Compromise,Hard,Finance,T1566,0,0.2585,0,0,0,0,0,0,0,0
EVT003134,EMP0314,Legal,Legal Assistant,High,1,74,PHISH004,Package Delivery Notification,Link Phishing,Easy,All,T1566.002,0,0.245,0,0,0,0,0,0,1,1
EVT003135,EMP0314,Legal,Legal Assistant,High,1,74,PHISH005,Shared Cloud Document,Cloud Credential Phishing,Medium,All,T1566.003,0,0.3208,1,0,0,0,0,0,0,0
EVT003136,EMP0314,Legal,Legal Assistant,High,1,74,PHISH006,Fake MFA Verification Request,Identity Phishing,Hard,Information Technology,T1566.002,0,0.2107,1,0,0,0,0,0,0,0
EVT003137,EMP0314,Legal,Legal Assistant,High,1,74,PHISH007,Payroll Account Verification,Credential Phishing,Medium,Human Resources,T1566.002,0,0.1643,0,0,0,0,0,0,0,0
EVT003138,EMP0314,Legal,Legal Assistant,High,1,74,PHISH008,QR Code Security Verification,QR Phishing,Hard,All,T1566.002,0,0.2718,0,0,0,0,1,112,0,0
EVT003139,EMP0314,Legal,Legal Assistant,High,1,74,PHISH009,Resume Attachment,Malicious Attachment Simulation,Medium,Human Resources,T1566.001,0,0.0393,1,0,0,0,1,210,0,0
EVT003140,EMP0314,Legal,Legal Assistant,High,1,74,PHISH010,IT Helpdesk Account Verification,Credential Phishing,Hard,All,T1566.002,0,0.2284,1,0,0,0,1,267,0,0
EVT003141,EMP0315,Human Resources,HR Manager,High,1,75,PHISH001,Microsoft 365 Password Expiration,Credential Phishing,Easy,All,T1566.002,0,0.2656,1,0,0,0,1,210,0,0
EVT003142,EMP0315,Human Resources,HR Manager,High,1,75,PHISH002,HR Benefits Update,Malicious Attachment Simulation,Medium,All,T1566.001,0,0.2566,1,0,0,0,0,0,0,0
EVT003143,EMP0315,Human Resources,HR Manager,High,1,75,PHISH003,CEO Urgent Payment Request,Business Email Compromise,Hard,Finance,T1566,0,0.1718,1,0,0,0,1,151,0,0
EVT003144,EMP0315,Human Resources,HR Manager,High,1,75,PHISH004,Package Delivery Notification,Link Phishing,Easy,All,T1566.002,0,0.2921,1,1,0,0,0,0,1,1
EVT003145,EMP0315,Human Resources,HR Manager,High,1,75,PHISH005,Shared Cloud Document,Cloud Credential Phishing,Medium,All,T1566.003,0,0.2903,1,1,0,1,0,0,1,1
EVT003146,EMP0315,Human Resources,HR Manager,High,1,75,PHISH006,Fake MFA Verification Request,Identity Phishing,Hard,Information Technology,T1566.002,0,0.2012,1,1,0,1,0,0,1,1
EVT003147,EMP0315,Human Resources,HR Manager,High,1,75,PHISH007,Payroll Account Verification,Credential Phishing,Medium,Human Resources,T1566.002,1,0.3029,1,0,0,0,1,635,0,0
EVT003148,EMP0315,Human Resources,HR Manager,High,1,75,PHISH008,QR Code Security Verification,QR Phishing,Hard,All,T1566.002,0,0.281,1,0,0,0,0,0,0,0
EVT003149,EMP0315,Human Resources,HR Manager,High,1,75,PHISH009,Resume Attachment,Malicious Attachment Simulation,Medium,Human Resources,T1566.001,1,0.3112,1,0,0,0,1,325,0,0
EVT003150,EMP0315,Human Resources,HR Manager,High,1,75,PHISH010,IT Helpdesk Account Verification,Credential Phishing,Hard,All,T1566.002,0,0.1512,1,0,0,0,0,0,0,0
EVT003151,EMP0316,Finance,Finance Manager,Medium,1,72,PHISH001,Microsoft 365 Password Expiration,Credential Phishing,Easy,All,T1566.002,0,0.2761,1,1,0,0,0,0,1,1
EVT003152,EMP0316,Finance,Finance Manager,Medium,1,72,PHISH002,HR Benefits Update,Malicious Attachment Simulation,Medium,All,T1566.001,0,0.3731,1,0,1,0,1,304,1,1
EVT003153,EMP0316,Finance,Finance Manager,Medium,1,72,PHISH003,CEO Urgent Payment Request,Business Email Compromise,Hard,Finance,T1566,1,0.3474,1,0,0,0,1,262,0,0
EVT003154,EMP0316,Finance,Finance Manager,Medium,1,72,PHISH004,Package Delivery Notification,Link Phishing,Easy,All,T1566.002,0,0.2874,1,0,0,0,1,98,0,0
EVT003155,EMP0316,Finance,Finance Manager,Medium,1,72,PHISH005,Shared Cloud Document,Cloud Credential Phishing,Medium,All,T1566.003,0,0.3963,1,1,0,1,1,176,1,1
EVT003156,EMP0316,Finance,Finance Manager,Medium,1,72,PHISH006,Fake MFA Verification Request,Identity Phishing,Hard,Information Technology,T1566.002,0,0.2428,1,0,0,0,0,0,0,0
EVT003157,EMP0316,Finance,Finance Manager,Medium,1,72,PHISH007,Payroll Account Verification,Credential Phishing,Medium,Human Resources,T1566.002,0,0.2989,1,0,0,0,1,95,0,0
EVT003158,EMP0316,Finance,Finance Manager,Medium,1,72,PHISH008,QR Code Security Verification,QR Phishing,Hard,All,T1566.002,0,0.3697,0,0,0,0,0,0,0,0
EVT003159,EMP0316,Finance,Finance Manager,Medium,1,72,PHISH009,Resume Attachment,Malicious Attachment Simulation,Medium,Human Resources,T1566.001,0,0.3222,1,0,0,0,1,489,0,0
EVT003160,EMP0316,Finance,Finance Manager,Medium,1,72,PHISH010,IT Helpdesk Account Verification,Credential Phishing,Hard,All,T1566.002,0,0.3524,1,0,0,0,0,0,0,0
EVT003161,EMP0317,Marketing,Marketing Manager,Low,1,81,PHISH001,Microsoft 365 Password Expiration,Credential Phishing,Easy,All,T1566.002,0,0.0854,1,0,0,0,1,381,0,0
EVT003162,EMP0317,Marketing,Marketing Manager,Low,1,81,PHISH002,HR Benefits Update,Malicious Attachment Simulation,Medium,All,T1566.001,0,0.2195,1,0,0,0,1,119,0,0
EVT003163,EMP0317,Marketing,Marketing Manager,Low,1,81,PHISH003,CEO Urgent Payment Request,Business Email Compromise,Hard,Finance,T1566,0,0.1972,1,0,0,0,1,223,1,1
EVT003164,EMP0317,Marketing,Marketing Manager,Low,1,81,PHISH004,Package Delivery Notification,Link Phishing,Easy,All,T1566.002,0,0.2119,1,0,0,0,0,0,0,0
EVT003165,EMP0317,Marketing,Marketing Manager,Low,1,81,PHISH005,Shared Cloud Document,Cloud Credential Phishing,Medium,All,T1566.003,0,0.2409,1,0,0,0,0,0,0,0
EVT003166,EMP0317,Marketing,Marketing Manager,Low,1,81,PHISH006,Fake MFA Verification Request,Identity Phishing,Hard,Information Technology,T1566.002,0,0.1561,1,0,0,0,1,104,0,0
EVT003167,EMP0317,Marketing,Marketing Manager,Low,1,81,PHISH007,Payroll Account Verification,Credential Phishing,Medium,Human Resources,T1566.002,0,0.2241,1,0,0,0,0,0,0,0
EVT003168,EMP0317,Marketing,Marketing Manager,Low,1,81,PHISH008,QR Code Security Verification,QR Phishing,Hard,All,T1566.002,0,0.1619,1,0,0,0,1,539,0,0
EVT003169,EMP0317,Marketing,Marketing Manager,Low,1,81,PHISH009,Resume Attachment,Malicious Attachment Simulation,Medium,Human Resources,T1566.001,0,0.1831,0,0,0,0,1,106,0,0
EVT003170,EMP0317,Marketing,Marketing Manager,Low,1,81,PHISH010,IT Helpdesk Account Verification,Credential Phishing,Hard,All,T1566.002,0,0.2256,0,0,0,0,1,949,0,0
EVT003171,EMP0318,Human Resources,Recruiter,High,0,88,PHISH001,Microsoft 365 Password Expiration,Credential Phishing,Easy,All,T1566.002,0,0.2923,1,0,0,0,1,388,0,0
EVT003172,EMP0318,Human Resources,Recruiter,High,0,88,PHISH002,HR Benefits Update,Malicious Attachment Simulation,Medium,All,T1566.001,0,0.2211,1,0,1,0,0,0,1,1
EVT003173,EMP0318,Human Resources,Recruiter,High,0,88,PHISH003,CEO Urgent Payment Request,Business Email Compromise,Hard,Finance,T1566,0,0.357,0,0,0,0,0,0,1,1
EVT003174,EMP0318,Human Resources,Recruiter,High,0,88,PHISH004,Package Delivery Notification,Link Phishing,Easy,All,T1566.002,0,0.318,1,0,0,0,1,143,0,0
EVT003175,EMP0318,Human Resources,Recruiter,High,0,88,PHISH005,Shared Cloud Document,Cloud Credential Phishing,Medium,All,T1566.003,0,0.2878,0,0,0,0,1,487,0,0
EVT003176,EMP0318,Human Resources,Recruiter,High,0,88,PHISH006,Fake MFA Verification Request,Identity Phishing,Hard,Information Technology,T1566.002,0,0.383,1,0,0,0,1,234,0,0
EVT003177,EMP0318,Human Resources,Recruiter,High,0,88,PHISH007,Payroll Account Verification,Credential Phishing,Medium,Human Resources,T1566.002,1,0.4139,1,0,0,0,0,0,0,0
EVT003178,EMP0318,Human Resources,Recruiter,High,0,88,PHISH008,QR Code Security Verification,QR Phishing,Hard,All,T1566.002,0,0.2837,1,0,0,0,0,0,0,0
EVT003179,EMP0318,Human Resources,Recruiter,High,0,88,PHISH009,Resume Attachment,Malicious Attachment Simulation,Medium,Human Resources,T1566.001,1,0.3513,1,0,1,0,0,0,1,1
EVT003180,EMP0318,Human Resources,Recruiter,High,0,88,PHISH010,IT Helpdesk Account Verification,Credential Phishing,Hard,All,T1566.002,0,0.2345,1,0,0,0,1,345,0,0
EVT003181,EMP0319,Legal,Legal Manager,High,0,78,PHISH001,Microsoft 365 Password Expiration,Credential Phishing,Easy,All,T1566.002,0,0.3286,1,0,0,0,0,0,0,0
EVT003182,EMP0319,Legal,Legal Manager,High,0,78,PHISH002,HR Benefits Update,Malicious Attachment Simulation,Medium,All,T1566.001,0,0.3177,1,0,1,0,0,0,1,1
EVT003183,EMP0319,Legal,Legal Manager,High,0,78,PHISH003,CEO Urgent Payment Request,Business Email Compromise,Hard,Finance,T1566,0,0.3334,0,0,0,0,0,0,1,1
EVT003184,EMP0319,Legal,Legal Manager,High,0,78,PHISH004,Package Delivery Notification,Link Phishing,Easy,All,T1566.002,0,0.4843,1,1,0,0,0,0,1,1
EVT003185,EMP0319,Legal,Legal Manager,High,0,78,PHISH005,Shared Cloud Document,Cloud Credential Phishing,Medium,All,T1566.003,0,0.4048,0,0,0,0,0,0,1,1
EVT003186,EMP0319,Legal,Legal Manager,High,0,78,PHISH006,Fake MFA Verification Request,Identity Phishing,Hard,Information Technology,T1566.002,0,0.3735,1,0,0,0,0,0,0,0
EVT003187,EMP0319,Legal,Legal Manager,High,0,78,PHISH007,Payroll Account Verification,Credential Phishing,Medium,Human Resources,T1566.002,0,0.4662,1,1,0,1,1,102,1,1
EVT003188,EMP0319,Legal,Legal Manager,High,0,78,PHISH008,QR Code Security Verification,QR Phishing,Hard,All,T1566.002,0,0.4281,1,0,0,0,1,79,0,0
EVT003189,EMP0319,Legal,Legal Manager,High,0,78,PHISH009,Resume Attachment,Malicious Attachment Simulation,Medium,Human Resources,T1566.001,0,0.4595,1,0,1,0,1,191,1,1
EVT003190,EMP0319,Legal,Legal Manager,High,0,78,PHISH010,IT Helpdesk Account Verification,Credential Phishing,Hard,All,T1566.002,0,0.392,1,0,0,0,1,67,0,0
EVT003191,EMP0320,Human Resources,Recruiter,High,1,90,PHISH001,Microsoft 365 Password Expiration,Credential Phishing,Easy,All,T1566.002,0,0.1521,0,0,0,0,1,233,0,0
EVT003192,EMP0320,Human Resources,Recruiter,High,1,90,PHISH002,HR Benefits Update,Malicious Attachment Simulation,Medium,All,T1566.001,0,0.0435,1,0,0,0,1,127,0,0
EVT003193,EMP0320,Human Resources,Recruiter,High,1,90,PHISH003,CEO Urgent Payment Request,Business Email Compromise,Hard,Finance,T1566,0,0.1353,1,0,0,0,0,0,0,0
EVT003194,EMP0320,Human Resources,Recruiter,High,1,90,PHISH004,Package Delivery Notification,Link Phishing,Easy,All,T1566.002,0,0.1063,1,0,0,0,1,462,0,0
EVT003195,EMP0320,Human Resources,Recruiter,High,1,90,PHISH005,Shared Cloud Document,Cloud Credential Phishing,Medium,All,T1566.003,0,0.0479,1,0,0,0,1,201,0,0
EVT003196,EMP0320,Human Resources,Recruiter,High,1,90,PHISH006,Fake MFA Verification Request,Identity Phishing,Hard,Information Technology,T1566.002,0,0.2134,1,0,0,0,0,0,0,0
EVT003197,EMP0320,Human Resources,Recruiter,High,1,90,PHISH007,Payroll Account Verification,Credential Phishing,Medium,Human Resources,T1566.002,1,0.1488,1,0,0,0,1,1187,0,0
EVT003198,EMP0320,Human Resources,Recruiter,High,1,90,PHISH008,QR Code Security Verification,QR Phishing,Hard,All,T1566.002,0,0.1932,1,0,0,0,1,157,0,0
EVT003199,EMP0320,Human Resources,Recruiter,High,1,90,PHISH009,Resume Attachment,Malicious Attachment Simulation,Medium,Human Resources,T1566.001,1,0.1717,1,0,0,0,0,0,0,0
EVT003200,EMP0320,Human Resources,Recruiter,High,1,90,PHISH010,IT Helpdesk Account Verification,Credential Phishing,Hard,All,T1566.002,0,0.2787,1,0,0,0,1,184,0,0
EVT003201,EMP0321,Legal,Legal Manager,High,1,71,PHISH001,Microsoft 365 Password Expiration,Credential Phishing,Easy,All,T1566.002,0,0.2845,1,0,0,0,0,0,0,0
EVT003202,EMP0321,Legal,Legal Manager,High,1,71,PHISH002,HR Benefits Update,Malicious Attachment Simulation,Medium,All,T1566.001,0,0.3043,1,0,1,0,0,0,1,1
EVT003203,EMP0321,Legal,Legal Manager,High,1,71,PHISH003,CEO Urgent Payment Request,Business Email Compromise,Hard,Finance,T1566,0,0.3587,0,0,0,0,1,322,0,0
EVT003204,EMP0321,Legal,Legal Manager,High,1,71,PHISH004,Package Delivery Notification,Link Phishing,Easy,All,T1566.002,0,0.1718,1,1,0,0,1,218,1,1
EVT003205,EMP0321,Legal,Legal Manager,High,1,71,PHISH005,Shared Cloud Document,Cloud Credential Phishing,Medium,All,T1566.003,0,0.3021,1,0,0,0,0,0,0,0
EVT003206,EMP0321,Legal,Legal Manager,High,1,71,PHISH006,Fake MFA Verification Request,Identity Phishing,Hard,Information Technology,T1566.002,0,0.1469,1,1,0,0,0,0,1,1
EVT003207,EMP0321,Legal,Legal Manager,High,1,71,PHISH007,Payroll Account Verification,Credential Phishing,Medium,Human Resources,T1566.002,0,0.3696,1,0,0,0,1,304,0,0
EVT003208,EMP0321,Legal,Legal Manager,High,1,71,PHISH008,QR Code Security Verification,QR Phishing,Hard,All,T1566.002,0,0.2128,1,0,0,0,0,0,0,0
EVT003209,EMP0321,Legal,Legal Manager,High,1,71,PHISH009,Resume Attachment,Malicious Attachment Simulation,Medium,Human Resources,T1566.001,0,0.2529,1,0,1,0,0,0,1,1
EVT003210,EMP0321,Legal,Legal Manager,High,1,71,PHISH010,IT Helpdesk Account Verification,Credential Phishing,Hard,All,T1566.002,0,0.3557,1,0,0,0,0,0,0,0
EVT003211,EMP0322,Finance,Finance Manager,Medium,1,94,PHISH001,Microsoft 365 Password Expiration,Credential Phishing,Easy,All,T1566.002,0,0.1877,1,1,0,1,0,0,1,1
EVT003212,EMP0322,Finance,Finance Manager,Medium,1,94,PHISH002,HR Benefits Update,Malicious Attachment Simulation,Medium,All,T1566.001,0,0.1783,1,0,0,0,0,0,0,0
EVT003213,EMP0322,Finance,Finance Manager,Medium,1,94,PHISH003,CEO Urgent Payment Request,Business Email Compromise,Hard,Finance,T1566,1,0.3985,1,0,0,0,0,0,0,0
EVT003214,EMP0322,Finance,Finance Manager,Medium,1,94,PHISH004,Package Delivery Notification,Link Phishing,Easy,All,T1566.002,0,0.3095,0,0,0,0,1,812,0,0
EVT003215,EMP0322,Finance,Finance Manager,Medium,1,94,PHISH005,Shared Cloud Document,Cloud Credential Phishing,Medium,All,T1566.003,0,0.3017,1,0,0,0,1,274,0,0
EVT003216,EMP0322,Finance,Finance Manager,Medium,1,94,PHISH006,Fake MFA Verification Request,Identity Phishing,Hard,Information Technology,T1566.002,0,0.108,1,0,0,0,1,119,0,0
EVT003217,EMP0322,Finance,Finance Manager,Medium,1,94,PHISH007,Payroll Account Verification,Credential Phishing,Medium,Human Resources,T1566.002,0,0.1989,1,0,0,0,0,0,0,0
EVT003218,EMP0322,Finance,Finance Manager,Medium,1,94,PHISH008,QR Code Security Verification,QR Phishing,Hard,All,T1566.002,0,0.3219,0,0,0,0,1,269,0,0
EVT003219,EMP0322,Finance,Finance Manager,Medium,1,94,PHISH009,Resume Attachment,Malicious Attachment Simulation,Medium,Human Resources,T1566.001,0,0.2224,1,0,0,0,1,1148,0,0
EVT003220,EMP0322,Finance,Finance Manager,Medium,1,94,PHISH010,IT Helpdesk Account Verification,Credential Phishing,Hard,All,T1566.002,0,0.2596,1,0,0,0,1,117,0,0
EVT003221,EMP0323,Sales,Sales Manager,Medium,1,72,PHISH001,Microsoft 365 Password Expiration,Credential Phishing,Easy,All,T1566.002,0,0.3596,1,1,0,0,0,0,1,1
EVT003222,EMP0323,Sales,Sales Manager,Medium,1,72,PHISH002,HR Benefits Update,Malicious Attachment Simulation,Medium,All,T1566.001,0,0.4083,1,0,0,0,0,0,0,0
EVT003223,EMP0323,Sales,Sales Manager,Medium,1,72,PHISH003,CEO Urgent Payment Request,Business Email Compromise,Hard,Finance,T1566,0,0.3498,1,0,0,0,1,213,0,0
EVT003224,EMP0323,Sales,Sales Manager,Medium,1,72,PHISH004,Package Delivery Notification,Link Phishing,Easy,All,T1566.002,0,0.3523,0,0,0,0,1,206,0,0
EVT003225,EMP0323,Sales,Sales Manager,Medium,1,72,PHISH005,Shared Cloud Document,Cloud Credential Phishing,Medium,All,T1566.003,0,0.3745,1,1,0,0,1,273,1,1
EVT003226,EMP0323,Sales,Sales Manager,Medium,1,72,PHISH006,Fake MFA Verification Request,Identity Phishing,Hard,Information Technology,T1566.002,0,0.4276,1,1,0,1,0,0,1,1
EVT003227,EMP0323,Sales,Sales Manager,Medium,1,72,PHISH007,Payroll Account Verification,Credential Phishing,Medium,Human Resources,T1566.002,0,0.3142,1,0,0,0,0,0,0,0
EVT003228,EMP0323,Sales,Sales Manager,Medium,1,72,PHISH008,QR Code Security Verification,QR Phishing,Hard,All,T1566.002,0,0.4619,1,0,0,0,1,87,0,0
EVT003229,EMP0323,Sales,Sales Manager,Medium,1,72,PHISH009,Resume Attachment,Malicious Attachment Simulation,Medium,Human Resources,T1566.001,0,0.4477,1,0,1,0,0,0,1,1
EVT003230,EMP0323,Sales,Sales Manager,Medium,1,72,PHISH010,IT Helpdesk Account Verification,Credential Phishing,Hard,All,T1566.002,0,0.3356,1,0,0,0,1,252,0,0
EVT003231,EMP0324,Sales,Sales Manager,Low,1,95,PHISH001,Microsoft 365 Password Expiration,Credential Phishing,Easy,All,T1566.002,0,0.1197,1,0,0,0,0,0,0,0
EVT003232,EMP0324,Sales,Sales Manager,Low,1,95,PHISH002,HR Benefits Update,Malicious Attachment Simulation,Medium,All,T1566.001,0,0.2904,1,0,1,0,0,0,1,1
EVT003233,EMP0324,Sales,Sales Manager,Low,1,95,PHISH003,CEO Urgent Payment Request,Business Email Compromise,Hard,Finance,T1566,0,0.2034,1,0,0,0,0,0,0,0
EVT003234,EMP0324,Sales,Sales Manager,Low,1,95,PHISH004,Package Delivery Notification,Link Phishing,Easy,All,T1566.002,0,0.3293,0,0,0,0,0,0,1,1
EVT003235,EMP0324,Sales,Sales Manager,Low,1,95,PHISH005,Shared Cloud Document,Cloud Credential Phishing,Medium,All,T1566.003,0,0.27,1,0,0,0,0,0,0,0
EVT003236,EMP0324,Sales,Sales Manager,Low,1,95,PHISH006,Fake MFA Verification Request,Identity Phishing,Hard,Information Technology,T1566.002,0,0.2347,0,0,0,0,0,0,0,0
EVT003237,EMP0324,Sales,Sales Manager,Low,1,95,PHISH007,Payroll Account Verification,Credential Phishing,Medium,Human Resources,T1566.002,0,0.1107,1,0,0,0,1,72,0,0
EVT003238,EMP0324,Sales,Sales Manager,Low,1,95,PHISH008,QR Code Security Verification,QR Phishing,Hard,All,T1566.002,0,0.2145,1,0,0,0,0,0,0,0
EVT003239,EMP0324,Sales,Sales Manager,Low,1,95,PHISH009,Resume Attachment,Malicious Attachment Simulation,Medium,Human Resources,T1566.001,0,0.2918,1,0,1,0,0,0,1,1
EVT003240,EMP0324,Sales,Sales Manager,Low,1,95,PHISH010,IT Helpdesk Account Verification,Credential Phishing,Hard,All,T1566.002,0,0.2799,1,0,0,0,1,346,0,0
EVT003241,EMP0325,Marketing,Marketing Specialist,Low,0,61,PHISH001,Microsoft 365 Password Expiration,Credential Phishing,Easy,All,T1566.002,0,0.5199,1,0,0,0,0,0,0,0
EVT003242,EMP0325,Marketing,Marketing Specialist,Low,0,61,PHISH002,HR Benefits Update,Malicious Attachment Simulation,Medium,All,T1566.001,0,0.3408,1,0,0,0,0,0,0,0
EVT003243,EMP0325,Marketing,Marketing Specialist,Low,0,61,PHISH003,CEO Urgent Payment Request,Business Email Compromise,Hard,Finance,T1566,0,0.3644,1,0,0,0,0,0,0,0
EVT003244,EMP0325,Marketing,Marketing Specialist,Low,0,61,PHISH004,Package Delivery Notification,Link Phishing,Easy,All,T1566.002,0,0.2564,1,1,0,0,0,0,1,1
EVT003245,EMP0325,Marketing,Marketing Specialist,Low,0,61,PHISH005,Shared Cloud Document,Cloud Credential Phishing,Medium,All,T1566.003,0,0.3444,1,0,0,0,0,0,0,0
EVT003246,EMP0325,Marketing,Marketing Specialist,Low,0,61,PHISH006,Fake MFA Verification Request,Identity Phishing,Hard,Information Technology,T1566.002,0,0.2684,1,0,0,0,0,0,0,0
EVT003247,EMP0325,Marketing,Marketing Specialist,Low,0,61,PHISH007,Payroll Account Verification,Credential Phishing,Medium,Human Resources,T1566.002,0,0.3535,1,0,0,0,0,0,0,0
EVT003248,EMP0325,Marketing,Marketing Specialist,Low,0,61,PHISH008,QR Code Security Verification,QR Phishing,Hard,All,T1566.002,0,0.2829,1,1,0,0,0,0,1,1
EVT003249,EMP0325,Marketing,Marketing Specialist,Low,0,61,PHISH009,Resume Attachment,Malicious Attachment Simulation,Medium,Human Resources,T1566.001,0,0.4352,1,0,0,0,0,0,0,0
EVT003250,EMP0325,Marketing,Marketing Specialist,Low,0,61,PHISH010,IT Helpdesk Account Verification,Credential Phishing,Hard,All,T1566.002,0,0.4085,1,0,0,0,1,109,0,0
EVT003251,EMP0326,Executive,Director,Privileged,1,66,PHISH001,Microsoft 365 Password Expiration,Credential Phishing,Easy,All,T1566.002,0,0.1817,1,0,0,0,1,137,0,0
EVT003252,EMP0326,Executive,Director,Privileged,1,66,PHISH002,HR Benefits Update,Malicious Attachment Simulation,Medium,All,T1566.001,0,0.2427,1,0,0,0,1,261,0,0
EVT003253,EMP0326,Executive,Director,Privileged,1,66,PHISH003,CEO Urgent Payment Request,Business Email Compromise,Hard,Finance,T1566,0,0.1499,1,0,0,0,1,171,1,1
EVT003254,EMP0326,Executive,Director,Privileged,1,66,PHISH004,Package Delivery Notification,Link Phishing,Easy,All,T1566.002,0,0.1999,0,0,0,0,0,0,0,0
EVT003255,EMP0326,Executive,Director,Privileged,1,66,PHISH005,Shared Cloud Document,Cloud Credential Phishing,Medium,All,T1566.003,0,0.2544,0,0,0,0,1,250,0,0
EVT003256,EMP0326,Executive,Director,Privileged,1,66,PHISH006,Fake MFA Verification Request,Identity Phishing,Hard,Information Technology,T1566.002,0,0.1701,0,0,0,0,1,197,0,0
EVT003257,EMP0326,Executive,Director,Privileged,1,66,PHISH007,Payroll Account Verification,Credential Phishing,Medium,Human Resources,T1566.002,0,0.1964,1,0,0,0,0,0,0,0
EVT003258,EMP0326,Executive,Director,Privileged,1,66,PHISH008,QR Code Security Verification,QR Phishing,Hard,All,T1566.002,0,0.1783,1,0,0,0,1,309,0,0
EVT003259,EMP0326,Executive,Director,Privileged,1,66,PHISH009,Resume Attachment,Malicious Attachment Simulation,Medium,Human Resources,T1566.001,0,0.1546,1,0,0,0,1,224,0,0
EVT003260,EMP0326,Executive,Director,Privileged,1,66,PHISH010,IT Helpdesk Account Verification,Credential Phishing,Hard,All,T1566.002,0,0.3362,1,1,0,0,0,0,1,1
EVT003261,EMP0327,Finance,Financial Analyst,High,0,77,PHISH001,Microsoft 365 Password Expiration,Credential Phishing,Easy,All,T1566.002,0,0.4348,1,0,0,0,0,0,0,0
EVT003262,EMP0327,Finance,Financial Analyst,High,0,77,PHISH002,HR Benefits Update,Malicious Attachment Simulation,Medium,All,T1566.001,0,0.3636,0,0,0,0,0,0,0,0
EVT003263,EMP0327,Finance,Financial Analyst,High,0,77,PHISH003,CEO Urgent Payment Request,Business Email Compromise,Hard,Finance,T1566,1,0.5558,1,0,0,0,0,0,0,0
EVT003264,EMP0327,Finance,Financial Analyst,High,0,77,PHISH004,Package Delivery Notification,Link Phishing,Easy,All,T1566.002,0,0.5125,1,1,0,0,0,0,1,1
EVT003265,EMP0327,Finance,Financial Analyst,High,0,77,PHISH005,Shared Cloud Document,Cloud Credential Phishing,Medium,All,T1566.003,0,0.4388,1,0,0,0,1,230,0,0
EVT003266,EMP0327,Finance,Financial Analyst,High,0,77,PHISH006,Fake MFA Verification Request,Identity Phishing,Hard,Information Technology,T1566.002,0,0.4044,1,0,0,0,1,363,0,0
EVT003267,EMP0327,Finance,Financial Analyst,High,0,77,PHISH007,Payroll Account Verification,Credential Phishing,Medium,Human Resources,T1566.002,0,0.3139,1,0,0,0,1,113,0,0
EVT003268,EMP0327,Finance,Financial Analyst,High,0,77,PHISH008,QR Code Security Verification,QR Phishing,Hard,All,T1566.002,0,0.4858,0,0,0,0,1,113,0,0
EVT003269,EMP0327,Finance,Financial Analyst,High,0,77,PHISH009,Resume Attachment,Malicious Attachment Simulation,Medium,Human Resources,T1566.001,0,0.4462,1,0,0,0,1,448,0,0
EVT003270,EMP0327,Finance,Financial Analyst,High,0,77,PHISH010,IT Helpdesk Account Verification,Credential Phishing,Hard,All,T1566.002,0,0.3973,1,0,0,0,0,0,0,0
EVT003271,EMP0328,Finance,Accountant,High,1,80,PHISH001,Microsoft 365 Password Expiration,Credential Phishing,Easy,All,T1566.002,0,0.2561,0,0,0,0,0,0,0,0
EVT003272,EMP0328,Finance,Accountant,High,1,80,PHISH002,HR Benefits Update,Malicious Attachment Simulation,Medium,All,T1566.001,0,0.3405,1,0,1,0,0,0,1,1
EVT003273,EMP0328,Finance,Accountant,High,1,80,PHISH003,CEO Urgent Payment Request,Business Email Compromise,Hard,Finance,T1566,1,0.2735,1,0,0,0,0,0,0,0
EVT003274,EMP0328,Finance,Accountant,High,1,80,PHISH004,Package Delivery Notification,Link Phishing,Easy,All,T1566.002,0,0.2086,1,1,0,0,0,0,1,1
EVT003275,EMP0328,Finance,Accountant,High,1,80,PHISH005,Shared Cloud Document,Cloud Credential Phishing,Medium,All,T1566.003,0,0.1877,1,1,0,1,0,0,1,1
EVT003276,EMP0328,Finance,Accountant,High,1,80,PHISH006,Fake MFA Verification Request,Identity Phishing,Hard,Information Technology,T1566.002,0,0.2557,1,0,0,0,1,239,0,0
EVT003277,EMP0328,Finance,Accountant,High,1,80,PHISH007,Payroll Account Verification,Credential Phishing,Medium,Human Resources,T1566.002,0,0.2297,1,0,0,0,1,37,0,0
EVT003278,EMP0328,Finance,Accountant,High,1,80,PHISH008,QR Code Security Verification,QR Phishing,Hard,All,T1566.002,0,0.1808,0,0,0,0,0,0,0,0
EVT003279,EMP0328,Finance,Accountant,High,1,80,PHISH009,Resume Attachment,Malicious Attachment Simulation,Medium,Human Resources,T1566.001,0,0.1596,1,0,0,0,1,292,0,0
EVT003280,EMP0328,Finance,Accountant,High,1,80,PHISH010,IT Helpdesk Account Verification,Credential Phishing,Hard,All,T1566.002,0,0.2072,1,0,0,0,1,209,0,0
EVT003281,EMP0329,Legal,Compliance Analyst,Medium,1,89,PHISH001,Microsoft 365 Password Expiration,Credential Phishing,Easy,All,T1566.002,0,0.1226,1,0,0,0,0,0,0,0
EVT003282,EMP0329,Legal,Compliance Analyst,Medium,1,89,PHISH002,HR Benefits Update,Malicious Attachment Simulation,Medium,All,T1566.001,0,0.308,1,0,1,0,0,0,1,1
EVT003283,EMP0329,Legal,Compliance Analyst,Medium,1,89,PHISH003,CEO Urgent Payment Request,Business Email Compromise,Hard,Finance,T1566,0,0.2269,1,0,0,0,0,0,1,1
EVT003284,EMP0329,Legal,Compliance Analyst,Medium,1,89,PHISH004,Package Delivery Notification,Link Phishing,Easy,All,T1566.002,0,0.2314,1,1,0,0,0,0,1,1
EVT003285,EMP0329,Legal,Compliance Analyst,Medium,1,89,PHISH005,Shared Cloud Document,Cloud Credential Phishing,Medium,All,T1566.003,0,0.2078,1,0,0,0,1,252,0,0
EVT003286,EMP0329,Legal,Compliance Analyst,Medium,1,89,PHISH006,Fake MFA Verification Request,Identity Phishing,Hard,Information Technology,T1566.002,0,0.2048,1,0,0,0,0,0,0,0
EVT003287,EMP0329,Legal,Compliance Analyst,Medium,1,89,PHISH007,Payroll Account Verification,Credential Phishing,Medium,Human Resources,T1566.002,0,0.2595,1,0,0,0,1,462,0,0
EVT003288,EMP0329,Legal,Compliance Analyst,Medium,1,89,PHISH008,QR Code Security Verification,QR Phishing,Hard,All,T1566.002,0,0.2719,1,0,0,0,0,0,0,0
EVT003289,EMP0329,Legal,Compliance Analyst,Medium,1,89,PHISH009,Resume Attachment,Malicious Attachment Simulation,Medium,Human Resources,T1566.001,0,0.1692,0,0,0,0,1,104,0,0
EVT003290,EMP0329,Legal,Compliance Analyst,Medium,1,89,PHISH010,IT Helpdesk Account Verification,Credential Phishing,Hard,All,T1566.002,0,0.2637,1,0,0,0,0,0,0,0
EVT003291,EMP0330,Sales,Sales Manager,Medium,1,75,PHISH001,Microsoft 365 Password Expiration,Credential Phishing,Easy,All,T1566.002,0,0.301,0,0,0,0,1,314,0,0
EVT003292,EMP0330,Sales,Sales Manager,Medium,1,75,PHISH002,HR Benefits Update,Malicious Attachment Simulation,Medium,All,T1566.001,0,0.2159,1,0,0,0,1,130,0,0
EVT003293,EMP0330,Sales,Sales Manager,Medium,1,75,PHISH003,CEO Urgent Payment Request,Business Email Compromise,Hard,Finance,T1566,0,0.2593,1,0,0,0,1,474,0,0
EVT003294,EMP0330,Sales,Sales Manager,Medium,1,75,PHISH004,Package Delivery Notification,Link Phishing,Easy,All,T1566.002,0,0.3033,1,1,0,0,0,0,1,1
EVT003295,EMP0330,Sales,Sales Manager,Medium,1,75,PHISH005,Shared Cloud Document,Cloud Credential Phishing,Medium,All,T1566.003,0,0.2404,0,0,0,0,1,397,0,0
EVT003296,EMP0330,Sales,Sales Manager,Medium,1,75,PHISH006,Fake MFA Verification Request,Identity Phishing,Hard,Information Technology,T1566.002,0,0.286,0,0,0,0,0,0,0,0
EVT003297,EMP0330,Sales,Sales Manager,Medium,1,75,PHISH007,Payroll Account Verification,Credential Phishing,Medium,Human Resources,T1566.002,0,0.2326,1,0,0,0,1,260,0,0
EVT003298,EMP0330,Sales,Sales Manager,Medium,1,75,PHISH008,QR Code Security Verification,QR Phishing,Hard,All,T1566.002,0,0.2258,1,0,0,0,1,173,0,0
EVT003299,EMP0330,Sales,Sales Manager,Medium,1,75,PHISH009,Resume Attachment,Malicious Attachment Simulation,Medium,Human Resources,T1566.001,0,0.2514,1,0,0,0,0,0,0,0
EVT003300,EMP0330,Sales,Sales Manager,Medium,1,75,PHISH010,IT Helpdesk Account Verification,Credential Phishing,Hard,All,T1566.002,0,0.2877,1,0,0,0,1,424,0,0
EVT003301,EMP0331,Information Technology,IT Support Analyst,Medium,1,79,PHISH001,Microsoft 365 Password Expiration,Credential Phishing,Easy,All,T1566.002,0,0.2792,0,0,0,0,1,263,0,0
EVT003302,EMP0331,Information Technology,IT Support Analyst,Medium,1,79,PHISH002,HR Benefits Update,Malicious Attachment Simulation,Medium,All,T1566.001,0,0.4672,1,0,0,0,0,0,0,0
EVT003303,EMP0331,Information Technology,IT Support Analyst,Medium,1,79,PHISH003,CEO Urgent Payment Request,Business Email Compromise,Hard,Finance,T1566,0,0.3363,0,0,0,0,1,135,0,0
EVT003304,EMP0331,Information Technology,IT Support Analyst,Medium,1,79,PHISH004,Package Delivery Notification,Link Phishing,Easy,All,T1566.002,0,0.3306,1,1,0,0,1,116,1,1
EVT003305,EMP0331,Information Technology,IT Support Analyst,Medium,1,79,PHISH005,Shared Cloud Document,Cloud Credential Phishing,Medium,All,T1566.003,0,0.2711,0,0,0,0,0,0,0,0
EVT003306,EMP0331,Information Technology,IT Support Analyst,Medium,1,79,PHISH006,Fake MFA Verification Request,Identity Phishing,Hard,Information Technology,T1566.002,1,0.3943,1,1,0,0,0,0,1,1
EVT003307,EMP0331,Information Technology,IT Support Analyst,Medium,1,79,PHISH007,Payroll Account Verification,Credential Phishing,Medium,Human Resources,T1566.002,0,0.4158,1,0,0,0,0,0,0,0
EVT003308,EMP0331,Information Technology,IT Support Analyst,Medium,1,79,PHISH008,QR Code Security Verification,QR Phishing,Hard,All,T1566.002,0,0.4642,1,1,0,0,0,0,1,1
EVT003309,EMP0331,Information Technology,IT Support Analyst,Medium,1,79,PHISH009,Resume Attachment,Malicious Attachment Simulation,Medium,Human Resources,T1566.001,0,0.3707,1,0,1,0,1,74,1,1
EVT003310,EMP0331,Information Technology,IT Support Analyst,Medium,1,79,PHISH010,IT Helpdesk Account Verification,Credential Phishing,Hard,All,T1566.002,0,0.3487,1,0,0,0,1,249,0,0
EVT003311,EMP0332,Human Resources,HR Manager,High,1,83,PHISH001,Microsoft 365 Password Expiration,Credential Phishing,Easy,All,T1566.002,0,0.2942,1,0,0,0,1,310,0,0
EVT003312,EMP0332,Human Resources,HR Manager,High,1,83,PHISH002,HR Benefits Update,Malicious Attachment Simulation,Medium,All,T1566.001,0,0.2487,1,0,1,0,0,0,1,1
EVT003313,EMP0332,Human Resources,HR Manager,High,1,83,PHISH003,CEO Urgent Payment Request,Business Email Compromise,Hard,Finance,T1566,0,0.31,1,0,0,0,1,171,0,0
EVT003314,EMP0332,Human Resources,HR Manager,High,1,83,PHISH004,Package Delivery Notification,Link Phishing,Easy,All,T1566.002,0,0.2406,0,0,0,0,0,0,0,0
EVT003315,EMP0332,Human Resources,HR Manager,High,1,83,PHISH005,Shared Cloud Document,Cloud Credential Phishing,Medium,All,T1566.003,0,0.2542,1,0,0,0,0,0,0,0
EVT003316,EMP0332,Human Resources,HR Manager,High,1,83,PHISH006,Fake MFA Verification Request,Identity Phishing,Hard,Information Technology,T1566.002,0,0.2849,0,0,0,0,0,0,0,0
EVT003317,EMP0332,Human Resources,HR Manager,High,1,83,PHISH007,Payroll Account Verification,Credential Phishing,Medium,Human Resources,T1566.002,1,0.3382,1,0,0,0,0,0,0,0
EVT003318,EMP0332,Human Resources,HR Manager,High,1,83,PHISH008,QR Code Security Verification,QR Phishing,Hard,All,T1566.002,0,0.2017,1,1,0,0,0,0,1,1
EVT003319,EMP0332,Human Resources,HR Manager,High,1,83,PHISH009,Resume Attachment,Malicious Attachment Simulation,Medium,Human Resources,T1566.001,1,0.4341,1,0,1,0,0,0,1,1
EVT003320,EMP0332,Human Resources,HR Manager,High,1,83,PHISH010,IT Helpdesk Account Verification,Credential Phishing,Hard,All,T1566.002,0,0.2912,1,0,0,0,1,164,0,0
EVT003321,EMP0333,Sales,Account Executive,Low,1,70,PHISH001,Microsoft 365 Password Expiration,Credential Phishing,Easy,All,T1566.002,0,0.1304,1,0,0,0,1,96,0,0
EVT003322,EMP0333,Sales,Account Executive,Low,1,70,PHISH002,HR Benefits Update,Malicious Attachment Simulation,Medium,All,T1566.001,0,0.276,0,0,0,0,0,0,0,0
EVT003323,EMP0333,Sales,Account Executive,Low,1,70,PHISH003,CEO Urgent Payment Request,Business Email Compromise,Hard,Finance,T1566,0,0.3131,1,0,0,0,0,0,0,0
EVT003324,EMP0333,Sales,Account Executive,Low,1,70,PHISH004,Package Delivery Notification,Link Phishing,Easy,All,T1566.002,0,0.2836,1,0,0,0,0,0,0,0
EVT003325,EMP0333,Sales,Account Executive,Low,1,70,PHISH005,Shared Cloud Document,Cloud Credential Phishing,Medium,All,T1566.003,0,0.3229,1,1,0,1,0,0,1,1
EVT003326,EMP0333,Sales,Account Executive,Low,1,70,PHISH006,Fake MFA Verification Request,Identity Phishing,Hard,Information Technology,T1566.002,0,0.3034,0,0,0,0,0,0,0,0
EVT003327,EMP0333,Sales,Account Executive,Low,1,70,PHISH007,Payroll Account Verification,Credential Phishing,Medium,Human Resources,T1566.002,0,0.2073,1,0,0,0,0,0,0,0
EVT003328,EMP0333,Sales,Account Executive,Low,1,70,PHISH008,QR Code Security Verification,QR Phishing,Hard,All,T1566.002,0,0.3276,1,1,0,0,0,0,1,1
EVT003329,EMP0333,Sales,Account Executive,Low,1,70,PHISH009,Resume Attachment,Malicious Attachment Simulation,Medium,Human Resources,T1566.001,0,0.3034,0,0,0,0,0,0,0,0
EVT003330,EMP0333,Sales,Account Executive,Low,1,70,PHISH010,IT Helpdesk Account Verification,Credential Phishing,Hard,All,T1566.002,0,0.2661,0,0,0,0,1,89,0,0
EVT003331,EMP0334,Sales,Account Executive,Medium,1,71,PHISH001,Microsoft 365 Password Expiration,Credential Phishing,Easy,All,T1566.002,0,0.1508,0,0,0,0,0,0,0,0
EVT003332,EMP0334,Sales,Account Executive,Medium,1,71,PHISH002,HR Benefits Update,Malicious Attachment Simulation,Medium,All,T1566.001,0,0.2198,1,0,0,0,1,147,0,0
EVT003333,EMP0334,Sales,Account Executive,Medium,1,71,PHISH003,CEO Urgent Payment Request,Business Email Compromise,Hard,Finance,T1566,0,0.24,0,0,0,0,1,160,0,0
EVT003334,EMP0334,Sales,Account Executive,Medium,1,71,PHISH004,Package Delivery Notification,Link Phishing,Easy,All,T1566.002,0,0.2382,1,0,0,0,1,185,0,0
EVT003335,EMP0334,Sales,Account Executive,Medium,1,71,PHISH005,Shared Cloud Document,Cloud Credential Phishing,Medium,All,T1566.003,0,0.2093,1,1,0,1,0,0,1,1
EVT003336,EMP0334,Sales,Account Executive,Medium,1,71,PHISH006,Fake MFA Verification Request,Identity Phishing,Hard,Information Technology,T1566.002,0,0.3749,1,0,0,0,1,298,0,0
EVT003337,EMP0334,Sales,Account Executive,Medium,1,71,PHISH007,Payroll Account Verification,Credential Phishing,Medium,Human Resources,T1566.002,0,0.3754,1,0,0,0,0,0,0,0
EVT003338,EMP0334,Sales,Account Executive,Medium,1,71,PHISH008,QR Code Security Verification,QR Phishing,Hard,All,T1566.002,0,0.4587,1,0,0,0,0,0,0,0
EVT003339,EMP0334,Sales,Account Executive,Medium,1,71,PHISH009,Resume Attachment,Malicious Attachment Simulation,Medium,Human Resources,T1566.001,0,0.2936,1,0,0,0,0,0,0,0
EVT003340,EMP0334,Sales,Account Executive,Medium,1,71,PHISH010,IT Helpdesk Account Verification,Credential Phishing,Hard,All,T1566.002,0,0.2492,1,0,0,0,1,358,0,0
EVT003341,EMP0335,Executive,Vice President,High,1,95,PHISH001,Microsoft 365 Password Expiration,Credential Phishing,Easy,All,T1566.002,0,0.2103,1,1,0,0,0,0,1,1
EVT003342,EMP0335,Executive,Vice President,High,1,95,PHISH002,HR Benefits Update,Malicious Attachment Simulation,Medium,All,T1566.001,0,0.1971,1,0,1,0,0,0,1,1
EVT003343,EMP0335,Executive,Vice President,High,1,95,PHISH003,CEO Urgent Payment Request,Business Email Compromise,Hard,Finance,T1566,0,0.2644,1,0,0,0,1,356,0,0
EVT003344,EMP0335,Executive,Vice President,High,1,95,PHISH004,Package Delivery Notification,Link Phishing,Easy,All,T1566.002,0,0.283,1,0,0,0,1,165,0,0
EVT003345,EMP0335,Executive,Vice President,High,1,95,PHISH005,Shared Cloud Document,Cloud Credential Phishing,Medium,All,T1566.003,0,0.1416,1,0,0,0,1,143,0,0
EVT003346,EMP0335,Executive,Vice President,High,1,95,PHISH006,Fake MFA Verification Request,Identity Phishing,Hard,Information Technology,T1566.002,0,0.2412,1,0,0,0,1,304,0,0
EVT003347,EMP0335,Executive,Vice President,High,1,95,PHISH007,Payroll Account Verification,Credential Phishing,Medium,Human Resources,T1566.002,0,0.0893,1,0,0,0,1,135,0,0
EVT003348,EMP0335,Executive,Vice President,High,1,95,PHISH008,QR Code Security Verification,QR Phishing,Hard,All,T1566.002,0,0.264,1,0,0,0,1,355,0,0
EVT003349,EMP0335,Executive,Vice President,High,1,95,PHISH009,Resume Attachment,Malicious Attachment Simulation,Medium,Human Resources,T1566.001,0,0.2364,1,0,0,0,1,75,0,0
EVT003350,EMP0335,Executive,Vice President,High,1,95,PHISH010,IT Helpdesk Account Verification,Credential Phishing,Hard,All,T1566.002,0,0.2144,1,0,0,0,1,443,0,0
EVT003351,EMP0336,Executive,Vice President,High,1,71,PHISH001,Microsoft 365 Password Expiration,Credential Phishing,Easy,All,T1566.002,0,0.3892,1,1,0,1,1,478,1,1
EVT003352,EMP0336,Executive,Vice President,High,1,71,PHISH002,HR Benefits Update,Malicious Attachment Simulation,Medium,All,T1566.001,0,0.3594,1,0,1,0,0,0,1,1
EVT003353,EMP0336,Executive,Vice President,High,1,71,PHISH003,CEO Urgent Payment Request,Business Email Compromise,Hard,Finance,T1566,0,0.4514,1,0,0,0,0,0,0,0
EVT003354,EMP0336,Executive,Vice President,High,1,71,PHISH004,Package Delivery Notification,Link Phishing,Easy,All,T1566.002,0,0.3389,0,0,0,0,0,0,1,1
EVT003355,EMP0336,Executive,Vice President,High,1,71,PHISH005,Shared Cloud Document,Cloud Credential Phishing,Medium,All,T1566.003,0,0.4575,1,0,0,0,0,0,0,0
EVT003356,EMP0336,Executive,Vice President,High,1,71,PHISH006,Fake MFA Verification Request,Identity Phishing,Hard,Information Technology,T1566.002,0,0.417,1,0,0,0,1,322,0,0
EVT003357,EMP0336,Executive,Vice President,High,1,71,PHISH007,Payroll Account Verification,Credential Phishing,Medium,Human Resources,T1566.002,0,0.2976,1,0,0,0,1,645,0,0
EVT003358,EMP0336,Executive,Vice President,High,1,71,PHISH008,QR Code Security Verification,QR Phishing,Hard,All,T1566.002,0,0.4148,1,0,0,0,0,0,0,0
EVT003359,EMP0336,Executive,Vice President,High,1,71,PHISH009,Resume Attachment,Malicious Attachment Simulation,Medium,Human Resources,T1566.001,0,0.3057,1,0,1,0,1,94,1,1
EVT003360,EMP0336,Executive,Vice President,High,1,71,PHISH010,IT Helpdesk Account Verification,Credential Phishing,Hard,All,T1566.002,0,0.4899,1,0,0,0,0,0,0,0
EVT003361,EMP0337,Human Resources,Recruiter,High,1,80,PHISH001,Microsoft 365 Password Expiration,Credential Phishing,Easy,All,T1566.002,0,0.3017,1,0,0,0,0,0,0,0
EVT003362,EMP0337,Human Resources,Recruiter,High,1,80,PHISH002,HR Benefits Update,Malicious Attachment Simulation,Medium,All,T1566.001,0,0.1963,0,0,0,0,1,135,0,0
EVT003363,EMP0337,Human Resources,Recruiter,High,1,80,PHISH003,CEO Urgent Payment Request,Business Email Compromise,Hard,Finance,T1566,0,0.2301,1,0,0,0,0,0,1,1
EVT003364,EMP0337,Human Resources,Recruiter,High,1,80,PHISH004,Package Delivery Notification,Link Phishing,Easy,All,T1566.002,0,0.2185,1,0,0,0,1,358,0,0
EVT003365,EMP0337,Human Resources,Recruiter,High,1,80,PHISH005,Shared Cloud Document,Cloud Credential Phishing,Medium,All,T1566.003,0,0.3216,1,1,0,0,0,0,1,1
EVT003366,EMP0337,Human Resources,Recruiter,High,1,80,PHISH006,Fake MFA Verification Request,Identity Phishing,Hard,Information Technology,T1566.002,0,0.3491,1,1,0,1,1,330,1,1
EVT003367,EMP0337,Human Resources,Recruiter,High,1,80,PHISH007,Payroll Account Verification,Credential Phishing,Medium,Human Resources,T1566.002,1,0.2929,1,0,0,0,1,109,0,0
EVT003368,EMP0337,Human Resources,Recruiter,High,1,80,PHISH008,QR Code Security Verification,QR Phishing,Hard,All,T1566.002,0,0.3114,1,1,0,0,1,111,1,1
EVT003369,EMP0337,Human Resources,Recruiter,High,1,80,PHISH009,Resume Attachment,Malicious Attachment Simulation,Medium,Human Resources,T1566.001,1,0.3926,1,0,0,0,1,390,0,0
EVT003370,EMP0337,Human Resources,Recruiter,High,1,80,PHISH010,IT Helpdesk Account Verification,Credential Phishing,Hard,All,T1566.002,0,0.3179,1,1,0,1,0,0,1,1
EVT003371,EMP0338,Operations,Operations Manager,Medium,1,59,PHISH001,Microsoft 365 Password Expiration,Credential Phishing,Easy,All,T1566.002,0,0.4431,1,0,0,0,0,0,0,0
EVT003372,EMP0338,Operations,Operations Manager,Medium,1,59,PHISH002,HR Benefits Update,Malicious Attachment Simulation,Medium,All,T1566.001,0,0.2828,1,0,0,0,0,0,0,0
EVT003373,EMP0338,Operations,Operations Manager,Medium,1,59,PHISH003,CEO Urgent Payment Request,Business Email Compromise,Hard,Finance,T1566,0,0.409,0,0,0,0,0,0,1,1
EVT003374,EMP0338,Operations,Operations Manager,Medium,1,59,PHISH004,Package Delivery Notification,Link Phishing,Easy,All,T1566.002,0,0.3622,1,0,0,0,0,0,0,0
EVT003375,EMP0338,Operations,Operations Manager,Medium,1,59,PHISH005,Shared Cloud Document,Cloud Credential Phishing,Medium,All,T1566.003,0,0.3653,1,1,0,1,0,0,1,1
EVT003376,EMP0338,Operations,Operations Manager,Medium,1,59,PHISH006,Fake MFA Verification Request,Identity Phishing,Hard,Information Technology,T1566.002,0,0.2933,0,0,0,0,0,0,1,1
EVT003377,EMP0338,Operations,Operations Manager,Medium,1,59,PHISH007,Payroll Account Verification,Credential Phishing,Medium,Human Resources,T1566.002,0,0.2811,1,0,0,0,0,0,0,0
EVT003378,EMP0338,Operations,Operations Manager,Medium,1,59,PHISH008,QR Code Security Verification,QR Phishing,Hard,All,T1566.002,0,0.3197,1,1,0,0,0,0,1,1
EVT003379,EMP0338,Operations,Operations Manager,Medium,1,59,PHISH009,Resume Attachment,Malicious Attachment Simulation,Medium,Human Resources,T1566.001,0,0.3236,0,0,0,0,0,0,1,1
EVT003380,EMP0338,Operations,Operations Manager,Medium,1,59,PHISH010,IT Helpdesk Account Verification,Credential Phishing,Hard,All,T1566.002,0,0.3017,1,1,0,1,0,0,1,1
EVT003381,EMP0339,Operations,Operations Specialist,Medium,1,70,PHISH001,Microsoft 365 Password Expiration,Credential Phishing,Easy,All,T1566.002,0,0.3348,1,0,0,0,0,0,0,0
EVT003382,EMP0339,Operations,Operations Specialist,Medium,1,70,PHISH002,HR Benefits Update,Malicious Attachment Simulation,Medium,All,T1566.001,0,0.2906,1,0,1,0,1,226,1,1
EVT003383,EMP0339,Operations,Operations Specialist,Medium,1,70,PHISH003,CEO Urgent Payment Request,Business Email Compromise,Hard,Finance,T1566,0,0.2456,1,0,0,0,0,0,0,0
EVT003384,EMP0339,Operations,Operations Specialist,Medium,1,70,PHISH004,Package Delivery Notification,Link Phishing,Easy,All,T1566.002,0,0.3128,1,1,0,0,0,0,1,1
EVT003385,EMP0339,Operations,Operations Specialist,Medium,1,70,PHISH005,Shared Cloud Document,Cloud Credential Phishing,Medium,All,T1566.003,0,0.2368,1,0,0,0,1,118,0,0
EVT003386,EMP0339,Operations,Operations Specialist,Medium,1,70,PHISH006,Fake MFA Verification Request,Identity Phishing,Hard,Information Technology,T1566.002,0,0.2895,1,1,0,1,0,0,1,1
EVT003387,EMP0339,Operations,Operations Specialist,Medium,1,70,PHISH007,Payroll Account Verification,Credential Phishing,Medium,Human Resources,T1566.002,0,0.2243,0,0,0,0,0,0,1,1
EVT003388,EMP0339,Operations,Operations Specialist,Medium,1,70,PHISH008,QR Code Security Verification,QR Phishing,Hard,All,T1566.002,0,0.4311,1,0,0,0,1,85,0,0
EVT003389,EMP0339,Operations,Operations Specialist,Medium,1,70,PHISH009,Resume Attachment,Malicious Attachment Simulation,Medium,Human Resources,T1566.001,0,0.2465,1,0,1,0,0,0,1,1
EVT003390,EMP0339,Operations,Operations Specialist,Medium,1,70,PHISH010,IT Helpdesk Account Verification,Credential Phishing,Hard,All,T1566.002,0,0.2649,0,0,0,0,0,0,0,0
EVT003391,EMP0340,Sales,Account Executive,Medium,1,73,PHISH001,Microsoft 365 Password Expiration,Credential Phishing,Easy,All,T1566.002,0,0.2747,0,0,0,0,0,0,0,0
EVT003392,EMP0340,Sales,Account Executive,Medium,1,73,PHISH002,HR Benefits Update,Malicious Attachment Simulation,Medium,All,T1566.001,0,0.1945,1,0,0,0,0,0,0,0
EVT003393,EMP0340,Sales,Account Executive,Medium,1,73,PHISH003,CEO Urgent Payment Request,Business Email Compromise,Hard,Finance,T1566,0,0.1565,1,0,0,0,0,0,0,0
EVT003394,EMP0340,Sales,Account Executive,Medium,1,73,PHISH004,Package Delivery Notification,Link Phishing,Easy,All,T1566.002,0,0.437,1,1,0,0,0,0,1,1
EVT003395,EMP0340,Sales,Account Executive,Medium,1,73,PHISH005,Shared Cloud Document,Cloud Credential Phishing,Medium,All,T1566.003,0,0.3288,1,0,0,0,0,0,0,0
EVT003396,EMP0340,Sales,Account Executive,Medium,1,73,PHISH006,Fake MFA Verification Request,Identity Phishing,Hard,Information Technology,T1566.002,0,0.2753,0,0,0,0,1,143,1,1
EVT003397,EMP0340,Sales,Account Executive,Medium,1,73,PHISH007,Payroll Account Verification,Credential Phishing,Medium,Human Resources,T1566.002,0,0.3027,1,0,0,0,0,0,0,0
EVT003398,EMP0340,Sales,Account Executive,Medium,1,73,PHISH008,QR Code Security Verification,QR Phishing,Hard,All,T1566.002,0,0.3451,1,0,0,0,0,0,0,0
EVT003399,EMP0340,Sales,Account Executive,Medium,1,73,PHISH009,Resume Attachment,Malicious Attachment Simulation,Medium,Human Resources,T1566.001,0,0.4233,1,0,0,0,0,0,0,0
EVT003400,EMP0340,Sales,Account Executive,Medium,1,73,PHISH010,IT Helpdesk Account Verification,Credential Phishing,Hard,All,T1566.002,0,0.3366,0,0,0,0,0,0,0,0
EVT003401,EMP0341,Human Resources,HR Specialist,High,1,85,PHISH001,Microsoft 365 Password Expiration,Credential Phishing,Easy,All,T1566.002,0,0.2791,1,0,0,0,0,0,0,0
EVT003402,EMP0341,Human Resources,HR Specialist,High,1,85,PHISH002,HR Benefits Update,Malicious Attachment Simulation,Medium,All,T1566.001,0,0.1585,0,0,0,0,1,265,0,0
EVT003403,EMP0341,Human Resources,HR Specialist,High,1,85,PHISH003,CEO Urgent Payment Request,Business Email Compromise,Hard,Finance,T1566,0,0.0336,1,0,0,0,0,0,0,0
EVT003404,EMP0341,Human Resources,HR Specialist,High,1,85,PHISH004,Package Delivery Notification,Link Phishing,Easy,All,T1566.002,0,0.2647,1,0,0,0,0,0,0,0
EVT003405,EMP0341,Human Resources,HR Specialist,High,1,85,PHISH005,Shared Cloud Document,Cloud Credential Phishing,Medium,All,T1566.003,0,0.1406,1,0,0,0,1,539,0,0
EVT003406,EMP0341,Human Resources,HR Specialist,High,1,85,PHISH006,Fake MFA Verification Request,Identity Phishing,Hard,Information Technology,T1566.002,0,0.1222,1,0,0,0,1,293,0,0
EVT003407,EMP0341,Human Resources,HR Specialist,High,1,85,PHISH007,Payroll Account Verification,Credential Phishing,Medium,Human Resources,T1566.002,1,0.1768,1,0,0,0,0,0,0,0
EVT003408,EMP0341,Human Resources,HR Specialist,High,1,85,PHISH008,QR Code Security Verification,QR Phishing,Hard,All,T1566.002,0,0.1214,1,0,0,0,0,0,0,0
EVT003409,EMP0341,Human Resources,HR Specialist,High,1,85,PHISH009,Resume Attachment,Malicious Attachment Simulation,Medium,Human Resources,T1566.001,1,0.2445,1,0,0,0,0,0,0,0
EVT003410,EMP0341,Human Resources,HR Specialist,High,1,85,PHISH010,IT Helpdesk Account Verification,Credential Phishing,Hard,All,T1566.002,0,0.1121,1,0,0,0,1,248,0,0
EVT003411,EMP0342,Legal,Legal Manager,High,1,100,PHISH001,Microsoft 365 Password Expiration,Credential Phishing,Easy,All,T1566.002,0,0.2685,1,0,0,0,0,0,0,0
EVT003412,EMP0342,Legal,Legal Manager,High,1,100,PHISH002,HR Benefits Update,Malicious Attachment Simulation,Medium,All,T1566.001,0,0.0988,1,0,0,0,1,130,0,0
EVT003413,EMP0342,Legal,Legal Manager,High,1,100,PHISH003,CEO Urgent Payment Request,Business Email Compromise,Hard,Finance,T1566,0,0.1052,1,0,0,0,1,363,0,0
EVT003414,EMP0342,Legal,Legal Manager,High,1,100,PHISH004,Package Delivery Notification,Link Phishing,Easy,All,T1566.002,0,0.2179,1,1,0,0,0,0,1,1
EVT003415,EMP0342,Legal,Legal Manager,High,1,100,PHISH005,Shared Cloud Document,Cloud Credential Phishing,Medium,All,T1566.003,0,0.2381,1,0,0,0,0,0,0,0
EVT003416,EMP0342,Legal,Legal Manager,High,1,100,PHISH006,Fake MFA Verification Request,Identity Phishing,Hard,Information Technology,T1566.002,0,0.1817,1,1,0,1,1,116,1,1
EVT003417,EMP0342,Legal,Legal Manager,High,1,100,PHISH007,Payroll Account Verification,Credential Phishing,Medium,Human Resources,T1566.002,0,0.0863,1,1,0,0,1,63,1,1
EVT003418,EMP0342,Legal,Legal Manager,High,1,100,PHISH008,QR Code Security Verification,QR Phishing,Hard,All,T1566.002,0,0.139,1,0,0,0,0,0,0,0
EVT003419,EMP0342,Legal,Legal Manager,High,1,100,PHISH009,Resume Attachment,Malicious Attachment Simulation,Medium,Human Resources,T1566.001,0,0.2705,1,0,1,0,0,0,1,1
EVT003420,EMP0342,Legal,Legal Manager,High,1,100,PHISH010,IT Helpdesk Account Verification,Credential Phishing,Hard,All,T1566.002,0,0.03,1,0,0,0,1,93,0,0
EVT003421,EMP0343,Operations,Operations Analyst,Medium,1,77,PHISH001,Microsoft 365 Password Expiration,Credential Phishing,Easy,All,T1566.002,0,0.3126,1,0,0,0,0,0,0,0
EVT003422,EMP0343,Operations,Operations Analyst,Medium,1,77,PHISH002,HR Benefits Update,Malicious Attachment Simulation,Medium,All,T1566.001,0,0.1643,1,0,1,0,0,0,1,1
EVT003423,EMP0343,Operations,Operations Analyst,Medium,1,77,PHISH003,CEO Urgent Payment Request,Business Email Compromise,Hard,Finance,T1566,0,0.1759,1,0,0,0,1,140,0,0
EVT003424,EMP0343,Operations,Operations Analyst,Medium,1,77,PHISH004,Package Delivery Notification,Link Phishing,Easy,All,T1566.002,0,0.2741,0,0,0,0,1,128,0,0
EVT003425,EMP0343,Operations,Operations Analyst,Medium,1,77,PHISH005,Shared Cloud Document,Cloud Credential Phishing,Medium,All,T1566.003,0,0.3748,1,0,0,0,1,457,0,0
EVT003426,EMP0343,Operations,Operations Analyst,Medium,1,77,PHISH006,Fake MFA Verification Request,Identity Phishing,Hard,Information Technology,T1566.002,0,0.3115,1,1,0,1,0,0,1,1
EVT003427,EMP0343,Operations,Operations Analyst,Medium,1,77,PHISH007,Payroll Account Verification,Credential Phishing,Medium,Human Resources,T1566.002,0,0.1146,0,0,0,0,0,0,0,0
EVT003428,EMP0343,Operations,Operations Analyst,Medium,1,77,PHISH008,QR Code Security Verification,QR Phishing,Hard,All,T1566.002,0,0.2754,1,1,0,0,0,0,1,1
EVT003429,EMP0343,Operations,Operations Analyst,Medium,1,77,PHISH009,Resume Attachment,Malicious Attachment Simulation,Medium,Human Resources,T1566.001,0,0.4659,1,0,1,0,0,0,1,1
EVT003430,EMP0343,Operations,Operations Analyst,Medium,1,77,PHISH010,IT Helpdesk Account Verification,Credential Phishing,Hard,All,T1566.002,0,0.3359,1,1,0,1,0,0,1,1
EVT003431,EMP0344,Operations,Operations Analyst,Low,1,99,PHISH001,Microsoft 365 Password Expiration,Credential Phishing,Easy,All,T1566.002,0,0.1365,1,0,0,0,0,0,0,0
EVT003432,EMP0344,Operations,Operations Analyst,Low,1,99,PHISH002,HR Benefits Update,Malicious Attachment Simulation,Medium,All,T1566.001,0,0.1448,0,0,0,0,1,274,0,0
EVT003433,EMP0344,Operations,Operations Analyst,Low,1,99,PHISH003,CEO Urgent Payment Request,Business Email Compromise,Hard,Finance,T1566,0,0.2295,1,0,0,0,1,355,0,0
EVT003434,EMP0344,Operations,Operations Analyst,Low,1,99,PHISH004,Package Delivery Notification,Link Phishing,Easy,All,T1566.002,0,0.1771,1,1,0,0,1,344,1,1
EVT003435,EMP0344,Operations,Operations Analyst,Low,1,99,PHISH005,Shared Cloud Document,Cloud Credential Phishing,Medium,All,T1566.003,0,0.2309,1,0,0,0,1,446,0,0
EVT003436,EMP0344,Operations,Operations Analyst,Low,1,99,PHISH006,Fake MFA Verification Request,Identity Phishing,Hard,Information Technology,T1566.002,0,0.2763,0,0,0,0,0,0,0,0
EVT003437,EMP0344,Operations,Operations Analyst,Low,1,99,PHISH007,Payroll Account Verification,Credential Phishing,Medium,Human Resources,T1566.002,0,0.1582,0,0,0,0,1,286,1,1
EVT003438,EMP0344,Operations,Operations Analyst,Low,1,99,PHISH008,QR Code Security Verification,QR Phishing,Hard,All,T1566.002,0,0.1681,1,0,0,0,1,99,0,0
EVT003439,EMP0344,Operations,Operations Analyst,Low,1,99,PHISH009,Resume Attachment,Malicious Attachment Simulation,Medium,Human Resources,T1566.001,0,0.1269,1,0,0,0,1,185,0,0
EVT003440,EMP0344,Operations,Operations Analyst,Low,1,99,PHISH010,IT Helpdesk Account Verification,Credential Phishing,Hard,All,T1566.002,0,0.2395,0,0,0,0,0,0,1,1
EVT003441,EMP0345,Executive,Vice President,High,0,77,PHISH001,Microsoft 365 Password Expiration,Credential Phishing,Easy,All,T1566.002,0,0.2865,1,0,0,0,0,0,0,0
EVT003442,EMP0345,Executive,Vice President,High,0,77,PHISH002,HR Benefits Update,Malicious Attachment Simulation,Medium,All,T1566.001,0,0.3553,1,0,0,0,0,0,0,0
EVT003443,EMP0345,Executive,Vice President,High,0,77,PHISH003,CEO Urgent Payment Request,Business Email Compromise,Hard,Finance,T1566,0,0.298,1,0,0,0,1,180,0,0
EVT003444,EMP0345,Executive,Vice President,High,0,77,PHISH004,Package Delivery Notification,Link Phishing,Easy,All,T1566.002,0,0.3641,0,0,0,0,1,155,0,0
EVT003445,EMP0345,Executive,Vice President,High,0,77,PHISH005,Shared Cloud Document,Cloud Credential Phishing,Medium,All,T1566.003,0,0.3503,1,0,0,0,1,73,0,0
EVT003446,EMP0345,Executive,Vice President,High,0,77,PHISH006,Fake MFA Verification Request,Identity Phishing,Hard,Information Technology,T1566.002,0,0.4699,1,1,0,0,0,0,1,1
EVT003447,EMP0345,Executive,Vice President,High,0,77,PHISH007,Payroll Account Verification,Credential Phishing,Medium,Human Resources,T1566.002,0,0.435,1,1,0,1,0,0,1,1
EVT003448,EMP0345,Executive,Vice President,High,0,77,PHISH008,QR Code Security Verification,QR Phishing,Hard,All,T1566.002,0,0.413,1,1,0,0,0,0,1,1
EVT003449,EMP0345,Executive,Vice President,High,0,77,PHISH009,Resume Attachment,Malicious Attachment Simulation,Medium,Human Resources,T1566.001,0,0.4127,1,0,0,0,1,375,0,0
EVT003450,EMP0345,Executive,Vice President,High,0,77,PHISH010,IT Helpdesk Account Verification,Credential Phishing,Hard,All,T1566.002,0,0.4555,1,1,0,1,1,139,1,1
EVT003451,EMP0346,Legal,Legal Assistant,Medium,1,92,PHISH001,Microsoft 365 Password Expiration,Credential Phishing,Easy,All,T1566.002,0,0.0909,1,0,0,0,1,304,0,0
EVT003452,EMP0346,Legal,Legal Assistant,Medium,1,92,PHISH002,HR Benefits Update,Malicious Attachment Simulation,Medium,All,T1566.001,0,0.1358,1,0,0,0,0,0,0,0
EVT003453,EMP0346,Legal,Legal Assistant,Medium,1,92,PHISH003,CEO Urgent Payment Request,Business Email Compromise,Hard,Finance,T1566,0,0.3,1,0,0,0,0,0,0,0
EVT003454,EMP0346,Legal,Legal Assistant,Medium,1,92,PHISH004,Package Delivery Notification,Link Phishing,Easy,All,T1566.002,0,0.1007,1,0,0,0,1,214,0,0
EVT003455,EMP0346,Legal,Legal Assistant,Medium,1,92,PHISH005,Shared Cloud Document,Cloud Credential Phishing,Medium,All,T1566.003,0,0.2008,1,0,0,0,1,313,0,0
EVT003456,EMP0346,Legal,Legal Assistant,Medium,1,92,PHISH006,Fake MFA Verification Request,Identity Phishing,Hard,Information Technology,T1566.002,0,0.1446,1,0,0,0,1,125,0,0
EVT003457,EMP0346,Legal,Legal Assistant,Medium,1,92,PHISH007,Payroll Account Verification,Credential Phishing,Medium,Human Resources,T1566.002,0,0.1772,1,0,0,0,0,0,0,0
EVT003458,EMP0346,Legal,Legal Assistant,Medium,1,92,PHISH008,QR Code Security Verification,QR Phishing,Hard,All,T1566.002,0,0.215,1,0,0,0,1,158,0,0
EVT003459,EMP0346,Legal,Legal Assistant,Medium,1,92,PHISH009,Resume Attachment,Malicious Attachment Simulation,Medium,Human Resources,T1566.001,0,0.1917,1,0,0,0,1,152,0,0
EVT003460,EMP0346,Legal,Legal Assistant,Medium,1,92,PHISH010,IT Helpdesk Account Verification,Credential Phishing,Hard,All,T1566.002,0,0.0984,1,0,0,0,1,336,0,0
EVT003461,EMP0347,Operations,Operations Manager,Low,1,86,PHISH001,Microsoft 365 Password Expiration,Credential Phishing,Easy,All,T1566.002,0,0.1068,1,1,0,0,0,0,1,1
EVT003462,EMP0347,Operations,Operations Manager,Low,1,86,PHISH002,HR Benefits Update,Malicious Attachment Simulation,Medium,All,T1566.001,0,0.1311,1,0,0,0,1,254,0,0
EVT003463,EMP0347,Operations,Operations Manager,Low,1,86,PHISH003,CEO Urgent Payment Request,Business Email Compromise,Hard,Finance,T1566,0,0.0737,1,0,0,0,0,0,0,0
EVT003464,EMP0347,Operations,Operations Manager,Low,1,86,PHISH004,Package Delivery Notification,Link Phishing,Easy,All,T1566.002,0,0.0627,1,0,0,0,1,222,0,0
EVT003465,EMP0347,Operations,Operations Manager,Low,1,86,PHISH005,Shared Cloud Document,Cloud Credential Phishing,Medium,All,T1566.003,0,0.153,1,0,0,0,1,138,0,0
EVT003466,EMP0347,Operations,Operations Manager,Low,1,86,PHISH006,Fake MFA Verification Request,Identity Phishing,Hard,Information Technology,T1566.002,0,0.1201,1,0,0,0,1,239,0,0
EVT003467,EMP0347,Operations,Operations Manager,Low,1,86,PHISH007,Payroll Account Verification,Credential Phishing,Medium,Human Resources,T1566.002,0,0.03,1,0,0,0,0,0,0,0
EVT003468,EMP0347,Operations,Operations Manager,Low,1,86,PHISH008,QR Code Security Verification,QR Phishing,Hard,All,T1566.002,0,0.1909,1,0,0,0,1,578,0,0
EVT003469,EMP0347,Operations,Operations Manager,Low,1,86,PHISH009,Resume Attachment,Malicious Attachment Simulation,Medium,Human Resources,T1566.001,0,0.0529,1,0,0,0,0,0,0,0
EVT003470,EMP0347,Operations,Operations Manager,Low,1,86,PHISH010,IT Helpdesk Account Verification,Credential Phishing,Hard,All,T1566.002,0,0.1145,1,0,0,0,1,546,0,0
EVT003471,EMP0348,Human Resources,HR Manager,Medium,1,100,PHISH001,Microsoft 365 Password Expiration,Credential Phishing,Easy,All,T1566.002,0,0.1309,0,0,0,0,1,463,0,0
EVT003472,EMP0348,Human Resources,HR Manager,Medium,1,100,PHISH002,HR Benefits Update,Malicious Attachment Simulation,Medium,All,T1566.001,0,0.2025,0,0,0,0,0,0,1,1
EVT003473,EMP0348,Human Resources,HR Manager,Medium,1,100,PHISH003,CEO Urgent Payment Request,Business Email Compromise,Hard,Finance,T1566,0,0.1416,1,0,0,0,1,350,0,0
EVT003474,EMP0348,Human Resources,HR Manager,Medium,1,100,PHISH004,Package Delivery Notification,Link Phishing,Easy,All,T1566.002,0,0.1808,1,0,0,0,1,103,0,0
EVT003475,EMP0348,Human Resources,HR Manager,Medium,1,100,PHISH005,Shared Cloud Document,Cloud Credential Phishing,Medium,All,T1566.003,0,0.18,1,1,0,0,1,158,1,1
EVT003476,EMP0348,Human Resources,HR Manager,Medium,1,100,PHISH006,Fake MFA Verification Request,Identity Phishing,Hard,Information Technology,T1566.002,0,0.1146,1,0,0,0,0,0,0,0
EVT003477,EMP0348,Human Resources,HR Manager,Medium,1,100,PHISH007,Payroll Account Verification,Credential Phishing,Medium,Human Resources,T1566.002,1,0.3699,1,1,0,1,1,345,1,1
EVT003478,EMP0348,Human Resources,HR Manager,Medium,1,100,PHISH008,QR Code Security Verification,QR Phishing,Hard,All,T1566.002,0,0.262,1,0,0,0,1,183,0,0
EVT003479,EMP0348,Human Resources,HR Manager,Medium,1,100,PHISH009,Resume Attachment,Malicious Attachment Simulation,Medium,Human Resources,T1566.001,1,0.301,0,0,0,0,0,0,0,0
EVT003480,EMP0348,Human Resources,HR Manager,Medium,1,100,PHISH010,IT Helpdesk Account Verification,Credential Phishing,Hard,All,T1566.002,0,0.2622,1,0,0,0,1,71,0,0
EVT003481,EMP0349,Operations,Operations Specialist,Low,1,87,PHISH001,Microsoft 365 Password Expiration,Credential Phishing,Easy,All,T1566.002,0,0.2492,1,0,0,0,1,81,0,0
EVT003482,EMP0349,Operations,Operations Specialist,Low,1,87,PHISH002,HR Benefits Update,Malicious Attachment Simulation,Medium,All,T1566.001,0,0.3135,1,0,1,0,0,0,1,1
EVT003483,EMP0349,Operations,Operations Specialist,Low,1,87,PHISH003,CEO Urgent Payment Request,Business Email Compromise,Hard,Finance,T1566,0,0.4151,1,0,0,0,0,0,0,0
EVT003484,EMP0349,Operations,Operations Specialist,Low,1,87,PHISH004,Package Delivery Notification,Link Phishing,Easy,All,T1566.002,0,0.1922,1,0,0,0,0,0,0,0
EVT003485,EMP0349,Operations,Operations Specialist,Low,1,87,PHISH005,Shared Cloud Document,Cloud Credential Phishing,Medium,All,T1566.003,0,0.2595,1,0,0,0,1,240,0,0
EVT003486,EMP0349,Operations,Operations Specialist,Low,1,87,PHISH006,Fake MFA Verification Request,Identity Phishing,Hard,Information Technology,T1566.002,0,0.288,1,1,0,1,1,99,1,1
EVT003487,EMP0349,Operations,Operations Specialist,Low,1,87,PHISH007,Payroll Account Verification,Credential Phishing,Medium,Human Resources,T1566.002,0,0.3195,1,0,0,0,1,291,0,0
EVT003488,EMP0349,Operations,Operations Specialist,Low,1,87,PHISH008,QR Code Security Verification,QR Phishing,Hard,All,T1566.002,0,0.2813,1,1,0,0,0,0,1,1
EVT003489,EMP0349,Operations,Operations Specialist,Low,1,87,PHISH009,Resume Attachment,Malicious Attachment Simulation,Medium,Human Resources,T1566.001,0,0.3893,1,0,0,0,1,201,0,0
EVT003490,EMP0349,Operations,Operations Specialist,Low,1,87,PHISH010,IT Helpdesk Account Verification,Credential Phishing,Hard,All,T1566.002,0,0.4226,1,0,0,0,0,0,0,0
EVT003491,EMP0350,Legal,Legal Manager,Medium,1,84,PHISH001,Microsoft 365 Password Expiration,Credential Phishing,Easy,All,T1566.002,0,0.3044,1,0,0,0,1,308,0,0
EVT003492,EMP0350,Legal,Legal Manager,Medium,1,84,PHISH002,HR Benefits Update,Malicious Attachment Simulation,Medium,All,T1566.001,0,0.293,1,0,1,0,0,0,1,1
EVT003493,EMP0350,Legal,Legal Manager,Medium,1,84,PHISH003,CEO Urgent Payment Request,Business Email Compromise,Hard,Finance,T1566,0,0.294,1,0,0,0,0,0,0,0
EVT003494,EMP0350,Legal,Legal Manager,Medium,1,84,PHISH004,Package Delivery Notification,Link Phishing,Easy,All,T1566.002,0,0.2137,1,0,0,0,0,0,0,0
EVT003495,EMP0350,Legal,Legal Manager,Medium,1,84,PHISH005,Shared Cloud Document,Cloud Credential Phishing,Medium,All,T1566.003,0,0.3066,1,0,0,0,1,386,0,0
EVT003496,EMP0350,Legal,Legal Manager,Medium,1,84,PHISH006,Fake MFA Verification Request,Identity Phishing,Hard,Information Technology,T1566.002,0,0.2069,1,0,0,0,0,0,0,0
EVT003497,EMP0350,Legal,Legal Manager,Medium,1,84,PHISH007,Payroll Account Verification,Credential Phishing,Medium,Human Resources,T1566.002,0,0.3527,1,0,0,0,1,189,0,0
EVT003498,EMP0350,Legal,Legal Manager,Medium,1,84,PHISH008,QR Code Security Verification,QR Phishing,Hard,All,T1566.002,0,0.3644,1,1,0,0,0,0,1,1
EVT003499,EMP0350,Legal,Legal Manager,Medium,1,84,PHISH009,Resume Attachment,Malicious Attachment Simulation,Medium,Human Resources,T1566.001,0,0.3266,1,0,0,0,0,0,0,0
EVT003500,EMP0350,Legal,Legal Manager,Medium,1,84,PHISH010,IT Helpdesk Account Verification,Credential Phishing,Hard,All,T1566.002,0,0.3063,1,0,0,0,1,735,0,0
EVT003501,EMP0351,Human Resources,Recruiter,High,1,75,PHISH001,Microsoft 365 Password Expiration,Credential Phishing,Easy,All,T1566.002,0,0.3476,1,0,0,0,1,295,0,0
EVT003502,EMP0351,Human Resources,Recruiter,High,1,75,PHISH002,HR Benefits Update,Malicious Attachment Simulation,Medium,All,T1566.001,0,0.3258,1,0,0,0,0,0,0,0
EVT003503,EMP0351,Human Resources,Recruiter,High,1,75,PHISH003,CEO Urgent Payment Request,Business Email Compromise,Hard,Finance,T1566,0,0.3048,1,0,0,0,1,390,0,0
EVT003504,EMP0351,Human Resources,Recruiter,High,1,75,PHISH004,Package Delivery Notification,Link Phishing,Easy,All,T1566.002,0,0.2598,1,0,0,0,0,0,0,0
EVT003505,EMP0351,Human Resources,Recruiter,High,1,75,PHISH005,Shared Cloud Document,Cloud Credential Phishing,Medium,All,T1566.003,0,0.3494,0,0,0,0,0,0,0,0
EVT003506,EMP0351,Human Resources,Recruiter,High,1,75,PHISH006,Fake MFA Verification Request,Identity Phishing,Hard,Information Technology,T1566.002,0,0.3308,1,0,0,0,0,0,0,0
EVT003507,EMP0351,Human Resources,Recruiter,High,1,75,PHISH007,Payroll Account Verification,Credential Phishing,Medium,Human Resources,T1566.002,1,0.4407,1,1,0,0,0,0,1,1
EVT003508,EMP0351,Human Resources,Recruiter,High,1,75,PHISH008,QR Code Security Verification,QR Phishing,Hard,All,T1566.002,0,0.309,1,0,0,0,1,476,0,0
EVT003509,EMP0351,Human Resources,Recruiter,High,1,75,PHISH009,Resume Attachment,Malicious Attachment Simulation,Medium,Human Resources,T1566.001,1,0.3238,1,0,0,0,1,250,0,0
EVT003510,EMP0351,Human Resources,Recruiter,High,1,75,PHISH010,IT Helpdesk Account Verification,Credential Phishing,Hard,All,T1566.002,0,0.3242,1,1,0,1,0,0,1,1
EVT003511,EMP0352,Marketing,Marketing Specialist,Low,1,79,PHISH001,Microsoft 365 Password Expiration,Credential Phishing,Easy,All,T1566.002,0,0.1836,1,0,0,0,1,145,0,0
EVT003512,EMP0352,Marketing,Marketing Specialist,Low,1,79,PHISH002,HR Benefits Update,Malicious Attachment Simulation,Medium,All,T1566.001,0,0.1099,1,0,1,0,0,0,1,1
EVT003513,EMP0352,Marketing,Marketing Specialist,Low,1,79,PHISH003,CEO Urgent Payment Request,Business Email Compromise,Hard,Finance,T1566,0,0.234,1,0,0,0,0,0,0,0
EVT003514,EMP0352,Marketing,Marketing Specialist,Low,1,79,PHISH004,Package Delivery Notification,Link Phishing,Easy,All,T1566.002,0,0.1199,1,0,0,0,0,0,0,0
EVT003515,EMP0352,Marketing,Marketing Specialist,Low,1,79,PHISH005,Shared Cloud Document,Cloud Credential Phishing,Medium,All,T1566.003,0,0.2988,1,0,0,0,1,68,0,0
EVT003516,EMP0352,Marketing,Marketing Specialist,Low,1,79,PHISH006,Fake MFA Verification Request,Identity Phishing,Hard,Information Technology,T1566.002,0,0.1326,1,0,0,0,0,0,0,0
EVT003517,EMP0352,Marketing,Marketing Specialist,Low,1,79,PHISH007,Payroll Account Verification,Credential Phishing,Medium,Human Resources,T1566.002,0,0.2359,1,0,0,0,0,0,0,0
EVT003518,EMP0352,Marketing,Marketing Specialist,Low,1,79,PHISH008,QR Code Security Verification,QR Phishing,Hard,All,T1566.002,0,0.2177,1,0,0,0,1,126,0,0
EVT003519,EMP0352,Marketing,Marketing Specialist,Low,1,79,PHISH009,Resume Attachment,Malicious Attachment Simulation,Medium,Human Resources,T1566.001,0,0.298,1,0,0,0,0,0,0,0
EVT003520,EMP0352,Marketing,Marketing Specialist,Low,1,79,PHISH010,IT Helpdesk Account Verification,Credential Phishing,Hard,All,T1566.002,0,0.2169,1,1,0,1,0,0,1,1
EVT003521,EMP0353,Information Technology,Security Analyst,High,1,78,PHISH001,Microsoft 365 Password Expiration,Credential Phishing,Easy,All,T1566.002,0,0.3489,1,0,0,0,0,0,0,0
EVT003522,EMP0353,Information Technology,Security Analyst,High,1,78,PHISH002,HR Benefits Update,Malicious Attachment Simulation,Medium,All,T1566.001,0,0.3798,1,0,0,0,0,0,0,0
EVT003523,EMP0353,Information Technology,Security Analyst,High,1,78,PHISH003,CEO Urgent Payment Request,Business Email Compromise,Hard,Finance,T1566,0,0.2486,1,0,0,0,0,0,0,0
EVT003524,EMP0353,Information Technology,Security Analyst,High,1,78,PHISH004,Package Delivery Notification,Link Phishing,Easy,All,T1566.002,0,0.3398,1,1,0,0,0,0,1,1
EVT003525,EMP0353,Information Technology,Security Analyst,High,1,78,PHISH005,Shared Cloud Document,Cloud Credential Phishing,Medium,All,T1566.003,0,0.312,1,0,0,0,1,285,0,0
EVT003526,EMP0353,Information Technology,Security Analyst,High,1,78,PHISH006,Fake MFA Verification Request,Identity Phishing,Hard,Information Technology,T1566.002,1,0.359,1,1,0,1,0,0,1,1
EVT003527,EMP0353,Information Technology,Security Analyst,High,1,78,PHISH007,Payroll Account Verification,Credential Phishing,Medium,Human Resources,T1566.002,0,0.3004,1,0,0,0,1,287,0,0
EVT003528,EMP0353,Information Technology,Security Analyst,High,1,78,PHISH008,QR Code Security Verification,QR Phishing,Hard,All,T1566.002,0,0.2453,1,0,0,0,0,0,0,0
EVT003529,EMP0353,Information Technology,Security Analyst,High,1,78,PHISH009,Resume Attachment,Malicious Attachment Simulation,Medium,Human Resources,T1566.001,0,0.2959,1,0,0,0,0,0,0,0
EVT003530,EMP0353,Information Technology,Security Analyst,High,1,78,PHISH010,IT Helpdesk Account Verification,Credential Phishing,Hard,All,T1566.002,0,0.4476,1,0,0,0,1,600,0,0
EVT003531,EMP0354,Operations,Operations Analyst,Medium,1,93,PHISH001,Microsoft 365 Password Expiration,Credential Phishing,Easy,All,T1566.002,0,0.3108,1,1,0,1,0,0,1,1
EVT003532,EMP0354,Operations,Operations Analyst,Medium,1,93,PHISH002,HR Benefits Update,Malicious Attachment Simulation,Medium,All,T1566.001,0,0.2441,1,0,0,0,1,126,0,0
EVT003533,EMP0354,Operations,Operations Analyst,Medium,1,93,PHISH003,CEO Urgent Payment Request,Business Email Compromise,Hard,Finance,T1566,0,0.332,0,0,0,0,0,0,0,0
EVT003534,EMP0354,Operations,Operations Analyst,Medium,1,93,PHISH004,Package Delivery Notification,Link Phishing,Easy,All,T1566.002,0,0.233,1,0,0,0,0,0,0,0
EVT003535,EMP0354,Operations,Operations Analyst,Medium,1,93,PHISH005,Shared Cloud Document,Cloud Credential Phishing,Medium,All,T1566.003,0,0.1634,1,0,0,0,1,132,0,0
EVT003536,EMP0354,Operations,Operations Analyst,Medium,1,93,PHISH006,Fake MFA Verification Request,Identity Phishing,Hard,Information Technology,T1566.002,0,0.3096,1,1,0,1,1,169,1,1
EVT003537,EMP0354,Operations,Operations Analyst,Medium,1,93,PHISH007,Payroll Account Verification,Credential Phishing,Medium,Human Resources,T1566.002,0,0.1855,1,0,0,0,1,186,0,0
EVT003538,EMP0354,Operations,Operations Analyst,Medium,1,93,PHISH008,QR Code Security Verification,QR Phishing,Hard,All,T1566.002,0,0.2183,1,0,0,0,1,189,0,0
EVT003539,EMP0354,Operations,Operations Analyst,Medium,1,93,PHISH009,Resume Attachment,Malicious Attachment Simulation,Medium,Human Resources,T1566.001,0,0.2256,1,0,1,0,0,0,1,1
EVT003540,EMP0354,Operations,Operations Analyst,Medium,1,93,PHISH010,IT Helpdesk Account Verification,Credential Phishing,Hard,All,T1566.002,0,0.3223,1,1,0,1,0,0,1,1
EVT003541,EMP0355,Executive,Vice President,Privileged,1,61,PHISH001,Microsoft 365 Password Expiration,Credential Phishing,Easy,All,T1566.002,0,0.2679,1,0,0,0,0,0,0,0
EVT003542,EMP0355,Executive,Vice President,Privileged,1,61,PHISH002,HR Benefits Update,Malicious Attachment Simulation,Medium,All,T1566.001,0,0.2202,1,0,0,0,0,0,0,0
EVT003543,EMP0355,Executive,Vice President,Privileged,1,61,PHISH003,CEO Urgent Payment Request,Business Email Compromise,Hard,Finance,T1566,0,0.2842,1,0,0,0,1,225,0,0
EVT003544,EMP0355,Executive,Vice President,Privileged,1,61,PHISH004,Package Delivery Notification,Link Phishing,Easy,All,T1566.002,0,0.4028,1,0,0,0,1,312,0,0
EVT003545,EMP0355,Executive,Vice President,Privileged,1,61,PHISH005,Shared Cloud Document,Cloud Credential Phishing,Medium,All,T1566.003,0,0.3109,0,0,0,0,1,205,0,0
EVT003546,EMP0355,Executive,Vice President,Privileged,1,61,PHISH006,Fake MFA Verification Request,Identity Phishing,Hard,Information Technology,T1566.002,0,0.3294,1,0,0,0,1,131,0,0
EVT003547,EMP0355,Executive,Vice President,Privileged,1,61,PHISH007,Payroll Account Verification,Credential Phishing,Medium,Human Resources,T1566.002,0,0.2001,0,0,0,0,0,0,0,0
EVT003548,EMP0355,Executive,Vice President,Privileged,1,61,PHISH008,QR Code Security Verification,QR Phishing,Hard,All,T1566.002,0,0.2935,0,0,0,0,1,344,1,1
EVT003549,EMP0355,Executive,Vice President,Privileged,1,61,PHISH009,Resume Attachment,Malicious Attachment Simulation,Medium,Human Resources,T1566.001,0,0.4172,1,0,1,0,0,0,1,1
EVT003550,EMP0355,Executive,Vice President,Privileged,1,61,PHISH010,IT Helpdesk Account Verification,Credential Phishing,Hard,All,T1566.002,0,0.4468,1,0,0,0,0,0,0,0
EVT003551,EMP0356,Human Resources,Recruiter,Medium,1,86,PHISH001,Microsoft 365 Password Expiration,Credential Phishing,Easy,All,T1566.002,0,0.1099,1,0,0,0,1,96,0,0
EVT003552,EMP0356,Human Resources,Recruiter,Medium,1,86,PHISH002,HR Benefits Update,Malicious Attachment Simulation,Medium,All,T1566.001,0,0.117,1,0,0,0,0,0,0,0
EVT003553,EMP0356,Human Resources,Recruiter,Medium,1,86,PHISH003,CEO Urgent Payment Request,Business Email Compromise,Hard,Finance,T1566,0,0.2155,1,0,0,0,1,109,0,0
EVT003554,EMP0356,Human Resources,Recruiter,Medium,1,86,PHISH004,Package Delivery Notification,Link Phishing,Easy,All,T1566.002,0,0.1971,1,1,0,0,0,0,1,1
EVT003555,EMP0356,Human Resources,Recruiter,Medium,1,86,PHISH005,Shared Cloud Document,Cloud Credential Phishing,Medium,All,T1566.003,0,0.0441,1,0,0,0,0,0,0,0
EVT003556,EMP0356,Human Resources,Recruiter,Medium,1,86,PHISH006,Fake MFA Verification Request,Identity Phishing,Hard,Information Technology,T1566.002,0,0.1819,1,0,0,0,1,837,0,0
EVT003557,EMP0356,Human Resources,Recruiter,Medium,1,86,PHISH007,Payroll Account Verification,Credential Phishing,Medium,Human Resources,T1566.002,1,0.2978,1,0,0,0,0,0,0,0
EVT003558,EMP0356,Human Resources,Recruiter,Medium,1,86,PHISH008,QR Code Security Verification,QR Phishing,Hard,All,T1566.002,0,0.2613,1,0,0,0,0,0,0,0
EVT003559,EMP0356,Human Resources,Recruiter,Medium,1,86,PHISH009,Resume Attachment,Malicious Attachment Simulation,Medium,Human Resources,T1566.001,1,0.257,1,0,0,0,0,0,0,0
EVT003560,EMP0356,Human Resources,Recruiter,Medium,1,86,PHISH010,IT Helpdesk Account Verification,Credential Phishing,Hard,All,T1566.002,0,0.1963,1,1,0,1,1,155,1,1
EVT003561,EMP0357,Information Technology,IT Support Analyst,Privileged,0,80,PHISH001,Microsoft 365 Password Expiration,Credential Phishing,Easy,All,T1566.002,0,0.2706,1,0,0,0,0,0,0,0
EVT003562,EMP0357,Information Technology,IT Support Analyst,Privileged,0,80,PHISH002,HR Benefits Update,Malicious Attachment Simulation,Medium,All,T1566.001,0,0.2238,1,0,0,0,0,0,0,0
EVT003563,EMP0357,Information Technology,IT Support Analyst,Privileged,0,80,PHISH003,CEO Urgent Payment Request,Business Email Compromise,Hard,Finance,T1566,0,0.2355,0,0,0,0,1,632,0,0
EVT003564,EMP0357,Information Technology,IT Support Analyst,Privileged,0,80,PHISH004,Package Delivery Notification,Link Phishing,Easy,All,T1566.002,0,0.3575,1,0,0,0,1,226,0,0
EVT003565,EMP0357,Information Technology,IT Support Analyst,Privileged,0,80,PHISH005,Shared Cloud Document,Cloud Credential Phishing,Medium,All,T1566.003,0,0.3384,1,0,0,0,0,0,0,0
EVT003566,EMP0357,Information Technology,IT Support Analyst,Privileged,0,80,PHISH006,Fake MFA Verification Request,Identity Phishing,Hard,Information Technology,T1566.002,1,0.3305,1,0,0,0,1,301,0,0
EVT003567,EMP0357,Information Technology,IT Support Analyst,Privileged,0,80,PHISH007,Payroll Account Verification,Credential Phishing,Medium,Human Resources,T1566.002,0,0.3148,1,0,0,0,0,0,0,0
EVT003568,EMP0357,Information Technology,IT Support Analyst,Privileged,0,80,PHISH008,QR Code Security Verification,QR Phishing,Hard,All,T1566.002,0,0.26,1,1,0,0,0,0,1,1
EVT003569,EMP0357,Information Technology,IT Support Analyst,Privileged,0,80,PHISH009,Resume Attachment,Malicious Attachment Simulation,Medium,Human Resources,T1566.001,0,0.3124,1,0,1,0,0,0,1,1
EVT003570,EMP0357,Information Technology,IT Support Analyst,Privileged,0,80,PHISH010,IT Helpdesk Account Verification,Credential Phishing,Hard,All,T1566.002,0,0.3227,1,0,0,0,0,0,0,0
EVT003571,EMP0358,Marketing,Marketing Manager,Medium,1,96,PHISH001,Microsoft 365 Password Expiration,Credential Phishing,Easy,All,T1566.002,0,0.2095,0,0,0,0,0,0,0,0
EVT003572,EMP0358,Marketing,Marketing Manager,Medium,1,96,PHISH002,HR Benefits Update,Malicious Attachment Simulation,Medium,All,T1566.001,0,0.2105,1,0,0,0,0,0,0,0
EVT003573,EMP0358,Marketing,Marketing Manager,Medium,1,96,PHISH003,CEO Urgent Payment Request,Business Email Compromise,Hard,Finance,T1566,0,0.2395,1,0,0,0,1,118,0,0
EVT003574,EMP0358,Marketing,Marketing Manager,Medium,1,96,PHISH004,Package Delivery Notification,Link Phishing,Easy,All,T1566.002,0,0.2647,1,0,0,0,1,124,0,0
EVT003575,EMP0358,Marketing,Marketing Manager,Medium,1,96,PHISH005,Shared Cloud Document,Cloud Credential Phishing,Medium,All,T1566.003,0,0.2082,1,0,0,0,1,352,0,0
EVT003576,EMP0358,Marketing,Marketing Manager,Medium,1,96,PHISH006,Fake MFA Verification Request,Identity Phishing,Hard,Information Technology,T1566.002,0,0.2792,1,1,0,1,1,175,1,1
EVT003577,EMP0358,Marketing,Marketing Manager,Medium,1,96,PHISH007,Payroll Account Verification,Credential Phishing,Medium,Human Resources,T1566.002,0,0.3088,0,0,0,0,1,143,1,1
EVT003578,EMP0358,Marketing,Marketing Manager,Medium,1,96,PHISH008,QR Code Security Verification,QR Phishing,Hard,All,T1566.002,0,0.2642,1,0,0,0,1,107,0,0
EVT003579,EMP0358,Marketing,Marketing Manager,Medium,1,96,PHISH009,Resume Attachment,Malicious Attachment Simulation,Medium,Human Resources,T1566.001,0,0.2222,1,0,0,0,1,194,0,0
EVT003580,EMP0358,Marketing,Marketing Manager,Medium,1,96,PHISH010,IT Helpdesk Account Verification,Credential Phishing,Hard,All,T1566.002,0,0.2477,1,1,0,1,0,0,1,1
EVT003581,EMP0359,Human Resources,Recruiter,Medium,1,72,PHISH001,Microsoft 365 Password Expiration,Credential Phishing,Easy,All,T1566.002,0,0.2748,1,0,0,0,1,263,0,0
EVT003582,EMP0359,Human Resources,Recruiter,Medium,1,72,PHISH002,HR Benefits Update,Malicious Attachment Simulation,Medium,All,T1566.001,0,0.3767,1,0,1,0,1,461,1,1
EVT003583,EMP0359,Human Resources,Recruiter,Medium,1,72,PHISH003,CEO Urgent Payment Request,Business Email Compromise,Hard,Finance,T1566,0,0.3191,1,0,0,0,0,0,0,0
EVT003584,EMP0359,Human Resources,Recruiter,Medium,1,72,PHISH004,Package Delivery Notification,Link Phishing,Easy,All,T1566.002,0,0.4049,1,1,0,0,0,0,1,1
EVT003585,EMP0359,Human Resources,Recruiter,Medium,1,72,PHISH005,Shared Cloud Document,Cloud Credential Phishing,Medium,All,T1566.003,0,0.4249,0,0,0,0,0,0,1,1
EVT003586,EMP0359,Human Resources,Recruiter,Medium,1,72,PHISH006,Fake MFA Verification Request,Identity Phishing,Hard,Information Technology,T1566.002,0,0.325,1,0,0,0,1,590,0,0
EVT003587,EMP0359,Human Resources,Recruiter,Medium,1,72,PHISH007,Payroll Account Verification,Credential Phishing,Medium,Human Resources,T1566.002,1,0.36,1,0,0,0,1,548,0,0
EVT003588,EMP0359,Human Resources,Recruiter,Medium,1,72,PHISH008,QR Code Security Verification,QR Phishing,Hard,All,T1566.002,0,0.3354,0,0,0,0,1,825,0,0
EVT003589,EMP0359,Human Resources,Recruiter,Medium,1,72,PHISH009,Resume Attachment,Malicious Attachment Simulation,Medium,Human Resources,T1566.001,1,0.3231,1,0,0,0,0,0,0,0
EVT003590,EMP0359,Human Resources,Recruiter,Medium,1,72,PHISH010,IT Helpdesk Account Verification,Credential Phishing,Hard,All,T1566.002,0,0.4039,1,0,0,0,0,0,0,0
EVT003591,EMP0360,Operations,Operations Manager,Low,1,80,PHISH001,Microsoft 365 Password Expiration,Credential Phishing,Easy,All,T1566.002,0,0.186,1,0,0,0,0,0,0,0
EVT003592,EMP0360,Operations,Operations Manager,Low,1,80,PHISH002,HR Benefits Update,Malicious Attachment Simulation,Medium,All,T1566.001,0,0.326,1,0,0,0,1,134,0,0
EVT003593,EMP0360,Operations,Operations Manager,Low,1,80,PHISH003,CEO Urgent Payment Request,Business Email Compromise,Hard,Finance,T1566,0,0.2445,0,0,0,0,1,160,0,0
EVT003594,EMP0360,Operations,Operations Manager,Low,1,80,PHISH004,Package Delivery Notification,Link Phishing,Easy,All,T1566.002,0,0.2354,1,1,0,0,0,0,1,1
EVT003595,EMP0360,Operations,Operations Manager,Low,1,80,PHISH005,Shared Cloud Document,Cloud Credential Phishing,Medium,All,T1566.003,0,0.2692,1,1,0,1,1,234,1,1
EVT003596,EMP0360,Operations,Operations Manager,Low,1,80,PHISH006,Fake MFA Verification Request,Identity Phishing,Hard,Information Technology,T1566.002,0,0.3627,0,0,0,0,1,373,1,1
EVT003597,EMP0360,Operations,Operations Manager,Low,1,80,PHISH007,Payroll Account Verification,Credential Phishing,Medium,Human Resources,T1566.002,0,0.2902,1,0,0,0,0,0,0,0
EVT003598,EMP0360,Operations,Operations Manager,Low,1,80,PHISH008,QR Code Security Verification,QR Phishing,Hard,All,T1566.002,0,0.3368,1,0,0,0,0,0,0,0
EVT003599,EMP0360,Operations,Operations Manager,Low,1,80,PHISH009,Resume Attachment,Malicious Attachment Simulation,Medium,Human Resources,T1566.001,0,0.1877,0,0,0,0,0,0,1,1
EVT003600,EMP0360,Operations,Operations Manager,Low,1,80,PHISH010,IT Helpdesk Account Verification,Credential Phishing,Hard,All,T1566.002,0,0.062,0,0,0,0,1,786,0,0
EVT003601,EMP0361,Executive,Vice President,Privileged,1,92,PHISH001,Microsoft 365 Password Expiration,Credential Phishing,Easy,All,T1566.002,0,0.3483,1,0,0,0,0,0,0,0
EVT003602,EMP0361,Executive,Vice President,Privileged,1,92,PHISH002,HR Benefits Update,Malicious Attachment Simulation,Medium,All,T1566.001,0,0.2852,0,0,0,0,0,0,1,1
EVT003603,EMP0361,Executive,Vice President,Privileged,1,92,PHISH003,CEO Urgent Payment Request,Business Email Compromise,Hard,Finance,T1566,0,0.2673,1,0,0,0,1,170,0,0
EVT003604,EMP0361,Executive,Vice President,Privileged,1,92,PHISH004,Package Delivery Notification,Link Phishing,Easy,All,T1566.002,0,0.2561,1,1,0,0,1,416,1,1
EVT003605,EMP0361,Executive,Vice President,Privileged,1,92,PHISH005,Shared Cloud Document,Cloud Credential Phishing,Medium,All,T1566.003,0,0.3815,1,0,0,0,1,446,0,0
EVT003606,EMP0361,Executive,Vice President,Privileged,1,92,PHISH006,Fake MFA Verification Request,Identity Phishing,Hard,Information Technology,T1566.002,0,0.252,0,0,0,0,0,0,1,1
EVT003607,EMP0361,Executive,Vice President,Privileged,1,92,PHISH007,Payroll Account Verification,Credential Phishing,Medium,Human Resources,T1566.002,0,0.3456,1,0,0,0,1,133,0,0
EVT003608,EMP0361,Executive,Vice President,Privileged,1,92,PHISH008,QR Code Security Verification,QR Phishing,Hard,All,T1566.002,0,0.2971,1,0,0,0,0,0,0,0
EVT003609,EMP0361,Executive,Vice President,Privileged,1,92,PHISH009,Resume Attachment,Malicious Attachment Simulation,Medium,Human Resources,T1566.001,0,0.2837,1,0,0,0,1,116,0,0
EVT003610,EMP0361,Executive,Vice President,Privileged,1,92,PHISH010,IT Helpdesk Account Verification,Credential Phishing,Hard,All,T1566.002,0,0.3781,1,1,0,1,0,0,1,1
EVT003611,EMP0362,Marketing,Marketing Manager,Medium,1,59,PHISH001,Microsoft 365 Password Expiration,Credential Phishing,Easy,All,T1566.002,0,0.3107,1,0,0,0,0,0,0,0
EVT003612,EMP0362,Marketing,Marketing Manager,Medium,1,59,PHISH002,HR Benefits Update,Malicious Attachment Simulation,Medium,All,T1566.001,0,0.451,1,0,1,0,0,0,1,1
EVT003613,EMP0362,Marketing,Marketing Manager,Medium,1,59,PHISH003,CEO Urgent Payment Request,Business Email Compromise,Hard,Finance,T1566,0,0.4235,1,0,0,0,0,0,0,0
EVT003614,EMP0362,Marketing,Marketing Manager,Medium,1,59,PHISH004,Package Delivery Notification,Link Phishing,Easy,All,T1566.002,0,0.3967,1,1,0,0,0,0,1,1
EVT003615,EMP0362,Marketing,Marketing Manager,Medium,1,59,PHISH005,Shared Cloud Document,Cloud Credential Phishing,Medium,All,T1566.003,0,0.4593,1,1,0,0,0,0,1,1
EVT003616,EMP0362,Marketing,Marketing Manager,Medium,1,59,PHISH006,Fake MFA Verification Request,Identity Phishing,Hard,Information Technology,T1566.002,0,0.4022,1,0,0,0,0,0,0,0
EVT003617,EMP0362,Marketing,Marketing Manager,Medium,1,59,PHISH007,Payroll Account Verification,Credential Phishing,Medium,Human Resources,T1566.002,0,0.3927,1,1,0,0,1,786,1,1
EVT003618,EMP0362,Marketing,Marketing Manager,Medium,1,59,PHISH008,QR Code Security Verification,QR Phishing,Hard,All,T1566.002,0,0.4755,0,0,0,0,0,0,0,0
EVT003619,EMP0362,Marketing,Marketing Manager,Medium,1,59,PHISH009,Resume Attachment,Malicious Attachment Simulation,Medium,Human Resources,T1566.001,0,0.4415,1,0,0,0,0,0,0,0
EVT003620,EMP0362,Marketing,Marketing Manager,Medium,1,59,PHISH010,IT Helpdesk Account Verification,Credential Phishing,Hard,All,T1566.002,0,0.4449,1,0,0,0,0,0,0,0
EVT003621,EMP0363,Human Resources,HR Manager,Medium,1,71,PHISH001,Microsoft 365 Password Expiration,Credential Phishing,Easy,All,T1566.002,0,0.2597,1,0,0,0,0,0,0,0
EVT003622,EMP0363,Human Resources,HR Manager,Medium,1,71,PHISH002,HR Benefits Update,Malicious Attachment Simulation,Medium,All,T1566.001,0,0.354,0,0,0,0,0,0,0,0
EVT003623,EMP0363,Human Resources,HR Manager,Medium,1,71,PHISH003,CEO Urgent Payment Request,Business Email Compromise,Hard,Finance,T1566,0,0.37,0,0,0,0,1,204,0,0
EVT003624,EMP0363,Human Resources,HR Manager,Medium,1,71,PHISH004,Package Delivery Notification,Link Phishing,Easy,All,T1566.002,0,0.3567,1,0,0,0,0,0,0,0
EVT003625,EMP0363,Human Resources,HR Manager,Medium,1,71,PHISH005,Shared Cloud Document,Cloud Credential Phishing,Medium,All,T1566.003,0,0.3952,1,1,0,0,0,0,1,1
EVT003626,EMP0363,Human Resources,HR Manager,Medium,1,71,PHISH006,Fake MFA Verification Request,Identity Phishing,Hard,Information Technology,T1566.002,0,0.3166,1,0,0,0,1,353,0,0
EVT003627,EMP0363,Human Resources,HR Manager,Medium,1,71,PHISH007,Payroll Account Verification,Credential Phishing,Medium,Human Resources,T1566.002,1,0.4783,1,1,0,1,0,0,1,1
EVT003628,EMP0363,Human Resources,HR Manager,Medium,1,71,PHISH008,QR Code Security Verification,QR Phishing,Hard,All,T1566.002,0,0.3293,1,0,0,0,0,0,0,0
EVT003629,EMP0363,Human Resources,HR Manager,Medium,1,71,PHISH009,Resume Attachment,Malicious Attachment Simulation,Medium,Human Resources,T1566.001,1,0.3319,1,0,0,0,1,410,0,0
EVT003630,EMP0363,Human Resources,HR Manager,Medium,1,71,PHISH010,IT Helpdesk Account Verification,Credential Phishing,Hard,All,T1566.002,0,0.313,1,0,0,0,0,0,0,0
EVT003631,EMP0364,Executive,Director,Privileged,0,82,PHISH001,Microsoft 365 Password Expiration,Credential Phishing,Easy,All,T1566.002,0,0.3624,1,1,0,1,0,0,1,1
EVT003632,EMP0364,Executive,Director,Privileged,0,82,PHISH002,HR Benefits Update,Malicious Attachment Simulation,Medium,All,T1566.001,0,0.455,1,0,0,0,0,0,0,0
EVT003633,EMP0364,Executive,Director,Privileged,0,82,PHISH003,CEO Urgent Payment Request,Business Email Compromise,Hard,Finance,T1566,0,0.3778,0,0,0,0,0,0,0,0
EVT003634,EMP0364,Executive,Director,Privileged,0,82,PHISH004,Package Delivery Notification,Link Phishing,Easy,All,T1566.002,0,0.4118,1,0,0,0,1,172,0,0
EVT003635,EMP0364,Executive,Director,Privileged,0,82,PHISH005,Shared Cloud Document,Cloud Credential Phishing,Medium,All,T1566.003,0,0.3965,0,0,0,0,0,0,0,0
EVT003636,EMP0364,Executive,Director,Privileged,0,82,PHISH006,Fake MFA Verification Request,Identity Phishing,Hard,Information Technology,T1566.002,0,0.3931,0,0,0,0,0,0,0,0
EVT003637,EMP0364,Executive,Director,Privileged,0,82,PHISH007,Payroll Account Verification,Credential Phishing,Medium,Human Resources,T1566.002,0,0.3922,0,0,0,0,0,0,1,1
EVT003638,EMP0364,Executive,Director,Privileged,0,82,PHISH008,QR Code Security Verification,QR Phishing,Hard,All,T1566.002,0,0.473,1,0,0,0,0,0,0,0
EVT003639,EMP0364,Executive,Director,Privileged,0,82,PHISH009,Resume Attachment,Malicious Attachment Simulation,Medium,Human Resources,T1566.001,0,0.345,1,0,0,0,0,0,0,0
EVT003640,EMP0364,Executive,Director,Privileged,0,82,PHISH010,IT Helpdesk Account Verification,Credential Phishing,Hard,All,T1566.002,0,0.3828,1,1,0,0,1,142,1,1
EVT003641,EMP0365,Sales,Sales Manager,Low,1,96,PHISH001,Microsoft 365 Password Expiration,Credential Phishing,Easy,All,T1566.002,0,0.2311,1,1,0,1,1,394,1,1
EVT003642,EMP0365,Sales,Sales Manager,Low,1,96,PHISH002,HR Benefits Update,Malicious Attachment Simulation,Medium,All,T1566.001,0,0.1445,1,0,0,0,0,0,0,0
EVT003643,EMP0365,Sales,Sales Manager,Low,1,96,PHISH003,CEO Urgent Payment Request,Business Email Compromise,Hard,Finance,T1566,0,0.1669,1,0,0,0,0,0,0,0
EVT003644,EMP0365,Sales,Sales Manager,Low,1,96,PHISH004,Package Delivery Notification,Link Phishing,Easy,All,T1566.002,0,0.1644,1,0,0,0,1,563,0,0
EVT003645,EMP0365,Sales,Sales Manager,Low,1,96,PHISH005,Shared Cloud Document,Cloud Credential Phishing,Medium,All,T1566.003,0,0.1811,1,0,0,0,1,315,0,0
EVT003646,EMP0365,Sales,Sales Manager,Low,1,96,PHISH006,Fake MFA Verification Request,Identity Phishing,Hard,Information Technology,T1566.002,0,0.1584,1,0,0,0,1,170,0,0
EVT003647,EMP0365,Sales,Sales Manager,Low,1,96,PHISH007,Payroll Account Verification,Credential Phishing,Medium,Human Resources,T1566.002,0,0.2562,1,0,0,0,0,0,0,0
EVT003648,EMP0365,Sales,Sales Manager,Low,1,96,PHISH008,QR Code Security Verification,QR Phishing,Hard,All,T1566.002,0,0.0691,1,0,0,0,0,0,0,0
EVT003649,EMP0365,Sales,Sales Manager,Low,1,96,PHISH009,Resume Attachment,Malicious Attachment Simulation,Medium,Human Resources,T1566.001,0,0.1481,1,0,0,0,1,285,0,0
EVT003650,EMP0365,Sales,Sales Manager,Low,1,96,PHISH010,IT Helpdesk Account Verification,Credential Phishing,Hard,All,T1566.002,0,0.1916,1,0,0,0,1,157,0,0
EVT003651,EMP0366,Executive,Chief Officer,Privileged,1,77,PHISH001,Microsoft 365 Password Expiration,Credential Phishing,Easy,All,T1566.002,0,0.3544,1,0,0,0,1,131,0,0
EVT003652,EMP0366,Executive,Chief Officer,Privileged,1,77,PHISH002,HR Benefits Update,Malicious Attachment Simulation,Medium,All,T1566.001,0,0.2882,1,0,1,0,1,170,1,1
EVT003653,EMP0366,Executive,Chief Officer,Privileged,1,77,PHISH003,CEO Urgent Payment Request,Business Email Compromise,Hard,Finance,T1566,0,0.2037,1,0,0,0,0,0,0,0
EVT003654,EMP0366,Executive,Chief Officer,Privileged,1,77,PHISH004,Package Delivery Notification,Link Phishing,Easy,All,T1566.002,0,0.3479,1,0,0,0,0,0,0,0
EVT003655,EMP0366,Executive,Chief Officer,Privileged,1,77,PHISH005,Shared Cloud Document,Cloud Credential Phishing,Medium,All,T1566.003,0,0.3337,1,0,0,0,0,0,0,0
EVT003656,EMP0366,Executive,Chief Officer,Privileged,1,77,PHISH006,Fake MFA Verification Request,Identity Phishing,Hard,Information Technology,T1566.002,0,0.3554,1,1,0,0,1,233,1,1
EVT003657,EMP0366,Executive,Chief Officer,Privileged,1,77,PHISH007,Payroll Account Verification,Credential Phishing,Medium,Human Resources,T1566.002,0,0.3066,0,0,0,0,0,0,0,0
EVT003658,EMP0366,Executive,Chief Officer,Privileged,1,77,PHISH008,QR Code Security Verification,QR Phishing,Hard,All,T1566.002,0,0.3714,0,0,0,0,0,0,0,0
EVT003659,EMP0366,Executive,Chief Officer,Privileged,1,77,PHISH009,Resume Attachment,Malicious Attachment Simulation,Medium,Human Resources,T1566.001,0,0.2976,1,0,0,0,1,113,0,0
EVT003660,EMP0366,Executive,Chief Officer,Privileged,1,77,PHISH010,IT Helpdesk Account Verification,Credential Phishing,Hard,All,T1566.002,0,0.2075,1,0,0,0,1,161,0,0
EVT003661,EMP0367,Marketing,Marketing Specialist,Low,1,60,PHISH001,Microsoft 365 Password Expiration,Credential Phishing,Easy,All,T1566.002,0,0.3178,1,1,0,1,0,0,1,1
EVT003662,EMP0367,Marketing,Marketing Specialist,Low,1,60,PHISH002,HR Benefits Update,Malicious Attachment Simulation,Medium,All,T1566.001,0,0.2546,0,0,0,0,1,259,0,0
EVT003663,EMP0367,Marketing,Marketing Specialist,Low,1,60,PHISH003,CEO Urgent Payment Request,Business Email Compromise,Hard,Finance,T1566,0,0.41,0,0,0,0,0,0,1,1
EVT003664,EMP0367,Marketing,Marketing Specialist,Low,1,60,PHISH004,Package Delivery Notification,Link Phishing,Easy,All,T1566.002,0,0.221,1,0,0,0,0,0,0,0
EVT003665,EMP0367,Marketing,Marketing Specialist,Low,1,60,PHISH005,Shared Cloud Document,Cloud Credential Phishing,Medium,All,T1566.003,0,0.2834,1,0,0,0,0,0,0,0
EVT003666,EMP0367,Marketing,Marketing Specialist,Low,1,60,PHISH006,Fake MFA Verification Request,Identity Phishing,Hard,Information Technology,T1566.002,0,0.2651,1,0,0,0,0,0,0,0
EVT003667,EMP0367,Marketing,Marketing Specialist,Low,1,60,PHISH007,Payroll Account Verification,Credential Phishing,Medium,Human Resources,T1566.002,0,0.2376,1,0,0,0,0,0,0,0
EVT003668,EMP0367,Marketing,Marketing Specialist,Low,1,60,PHISH008,QR Code Security Verification,QR Phishing,Hard,All,T1566.002,0,0.3216,1,0,0,0,1,478,0,0
EVT003669,EMP0367,Marketing,Marketing Specialist,Low,1,60,PHISH009,Resume Attachment,Malicious Attachment Simulation,Medium,Human Resources,T1566.001,0,0.2903,1,0,0,0,1,954,0,0
EVT003670,EMP0367,Marketing,Marketing Specialist,Low,1,60,PHISH010,IT Helpdesk Account Verification,Credential Phishing,Hard,All,T1566.002,0,0.2249,1,0,0,0,0,0,0,0
EVT003671,EMP0368,Finance,Financial Analyst,High,1,51,PHISH001,Microsoft 365 Password Expiration,Credential Phishing,Easy,All,T1566.002,0,0.2238,1,0,0,0,0,0,0,0
EVT003672,EMP0368,Finance,Financial Analyst,High,1,51,PHISH002,HR Benefits Update,Malicious Attachment Simulation,Medium,All,T1566.001,0,0.1917,1,0,0,0,1,211,0,0
EVT003673,EMP0368,Finance,Financial Analyst,High,1,51,PHISH003,CEO Urgent Payment Request,Business Email Compromise,Hard,Finance,T1566,1,0.402,1,0,0,0,0,0,0,0
EVT003674,EMP0368,Finance,Financial Analyst,High,1,51,PHISH004,Package Delivery Notification,Link Phishing,Easy,All,T1566.002,0,0.1966,0,0,0,0,0,0,0,0
EVT003675,EMP0368,Finance,Financial Analyst,High,1,51,PHISH005,Shared Cloud Document,Cloud Credential Phishing,Medium,All,T1566.003,0,0.1917,1,0,0,0,0,0,0,0
EVT003676,EMP0368,Finance,Financial Analyst,High,1,51,PHISH006,Fake MFA Verification Request,Identity Phishing,Hard,Information Technology,T1566.002,0,0.2918,1,1,0,0,1,322,1,1
EVT003677,EMP0368,Finance,Financial Analyst,High,1,51,PHISH007,Payroll Account Verification,Credential Phishing,Medium,Human Resources,T1566.002,0,0.2365,0,0,0,0,1,319,0,0
EVT003678,EMP0368,Finance,Financial Analyst,High,1,51,PHISH008,QR Code Security Verification,QR Phishing,Hard,All,T1566.002,0,0.3576,0,0,0,0,1,266,0,0
EVT003679,EMP0368,Finance,Financial Analyst,High,1,51,PHISH009,Resume Attachment,Malicious Attachment Simulation,Medium,Human Resources,T1566.001,0,0.2928,0,0,0,0,0,0,1,1
EVT003680,EMP0368,Finance,Financial Analyst,High,1,51,PHISH010,IT Helpdesk Account Verification,Credential Phishing,Hard,All,T1566.002,0,0.2286,1,0,0,0,1,455,0,0
EVT003681,EMP0369,Executive,Director,High,1,80,PHISH001,Microsoft 365 Password Expiration,Credential Phishing,Easy,All,T1566.002,0,0.2109,1,0,0,0,1,247,0,0
EVT003682,EMP0369,Executive,Director,High,1,80,PHISH002,HR Benefits Update,Malicious Attachment Simulation,Medium,All,T1566.001,0,0.096,1,0,0,0,1,439,0,0
EVT003683,EMP0369,Executive,Director,High,1,80,PHISH003,CEO Urgent Payment Request,Business Email Compromise,Hard,Finance,T1566,0,0.2634,0,0,0,0,0,0,0,0
EVT003684,EMP0369,Executive,Director,High,1,80,PHISH004,Package Delivery Notification,Link Phishing,Easy,All,T1566.002,0,0.1309,0,0,0,0,0,0,1,1
EVT003685,EMP0369,Executive,Director,High,1,80,PHISH005,Shared Cloud Document,Cloud Credential Phishing,Medium,All,T1566.003,0,0.2539,1,1,0,0,0,0,1,1
EVT003686,EMP0369,Executive,Director,High,1,80,PHISH006,Fake MFA Verification Request,Identity Phishing,Hard,Information Technology,T1566.002,0,0.1432,1,0,0,0,0,0,0,0
EVT003687,EMP0369,Executive,Director,High,1,80,PHISH007,Payroll Account Verification,Credential Phishing,Medium,Human Resources,T1566.002,0,0.182,0,0,0,0,1,141,0,0
EVT003688,EMP0369,Executive,Director,High,1,80,PHISH008,QR Code Security Verification,QR Phishing,Hard,All,T1566.002,0,0.1554,1,0,0,0,1,236,0,0
EVT003689,EMP0369,Executive,Director,High,1,80,PHISH009,Resume Attachment,Malicious Attachment Simulation,Medium,Human Resources,T1566.001,0,0.1904,1,0,0,0,0,0,0,0
EVT003690,EMP0369,Executive,Director,High,1,80,PHISH010,IT Helpdesk Account Verification,Credential Phishing,Hard,All,T1566.002,0,0.2504,1,0,0,0,1,390,0,0
EVT003691,EMP0370,Sales,Sales Manager,Low,1,71,PHISH001,Microsoft 365 Password Expiration,Credential Phishing,Easy,All,T1566.002,0,0.169,1,1,0,0,0,0,1,1
EVT003692,EMP0370,Sales,Sales Manager,Low,1,71,PHISH002,HR Benefits Update,Malicious Attachment Simulation,Medium,All,T1566.001,0,0.2497,1,0,0,0,0,0,0,0
EVT003693,EMP0370,Sales,Sales Manager,Low,1,71,PHISH003,CEO Urgent Payment Request,Business Email Compromise,Hard,Finance,T1566,0,0.3109,1,0,0,0,0,0,1,1
EVT003694,EMP0370,Sales,Sales Manager,Low,1,71,PHISH004,Package Delivery Notification,Link Phishing,Easy,All,T1566.002,0,0.3147,1,0,0,0,1,234,0,0
EVT003695,EMP0370,Sales,Sales Manager,Low,1,71,PHISH005,Shared Cloud Document,Cloud Credential Phishing,Medium,All,T1566.003,0,0.3071,1,0,0,0,0,0,0,0
EVT003696,EMP0370,Sales,Sales Manager,Low,1,71,PHISH006,Fake MFA Verification Request,Identity Phishing,Hard,Information Technology,T1566.002,0,0.3783,1,1,0,1,0,0,1,1
EVT003697,EMP0370,Sales,Sales Manager,Low,1,71,PHISH007,Payroll Account Verification,Credential Phishing,Medium,Human Resources,T1566.002,0,0.2496,1,0,0,0,1,175,0,0
EVT003698,EMP0370,Sales,Sales Manager,Low,1,71,PHISH008,QR Code Security Verification,QR Phishing,Hard,All,T1566.002,0,0.2953,1,0,0,0,1,220,0,0
EVT003699,EMP0370,Sales,Sales Manager,Low,1,71,PHISH009,Resume Attachment,Malicious Attachment Simulation,Medium,Human Resources,T1566.001,0,0.2919,0,0,0,0,1,338,0,0
EVT003700,EMP0370,Sales,Sales Manager,Low,1,71,PHISH010,IT Helpdesk Account Verification,Credential Phishing,Hard,All,T1566.002,0,0.2211,1,1,0,1,0,0,1,1
EVT003701,EMP0371,Marketing,Digital Marketing Analyst,Medium,1,85,PHISH001,Microsoft 365 Password Expiration,Credential Phishing,Easy,All,T1566.002,0,0.3256,1,0,0,0,1,126,0,0
EVT003702,EMP0371,Marketing,Digital Marketing Analyst,Medium,1,85,PHISH002,HR Benefits Update,Malicious Attachment Simulation,Medium,All,T1566.001,0,0.2172,1,0,0,0,0,0,0,0
EVT003703,EMP0371,Marketing,Digital Marketing Analyst,Medium,1,85,PHISH003,CEO Urgent Payment Request,Business Email Compromise,Hard,Finance,T1566,0,0.3042,1,0,0,0,1,242,0,0
EVT003704,EMP0371,Marketing,Digital Marketing Analyst,Medium,1,85,PHISH004,Package Delivery Notification,Link Phishing,Easy,All,T1566.002,0,0.2358,1,0,0,0,0,0,0,0
EVT003705,EMP0371,Marketing,Digital Marketing Analyst,Medium,1,85,PHISH005,Shared Cloud Document,Cloud Credential Phishing,Medium,All,T1566.003,0,0.2063,1,0,0,0,0,0,0,0
EVT003706,EMP0371,Marketing,Digital Marketing Analyst,Medium,1,85,PHISH006,Fake MFA Verification Request,Identity Phishing,Hard,Information Technology,T1566.002,0,0.1996,1,0,0,0,0,0,0,0
EVT003707,EMP0371,Marketing,Digital Marketing Analyst,Medium,1,85,PHISH007,Payroll Account Verification,Credential Phishing,Medium,Human Resources,T1566.002,0,0.1216,1,0,0,0,1,413,0,0
EVT003708,EMP0371,Marketing,Digital Marketing Analyst,Medium,1,85,PHISH008,QR Code Security Verification,QR Phishing,Hard,All,T1566.002,0,0.2392,1,0,0,0,1,910,0,0
EVT003709,EMP0371,Marketing,Digital Marketing Analyst,Medium,1,85,PHISH009,Resume Attachment,Malicious Attachment Simulation,Medium,Human Resources,T1566.001,0,0.2001,1,0,0,0,1,60,0,0
EVT003710,EMP0371,Marketing,Digital Marketing Analyst,Medium,1,85,PHISH010,IT Helpdesk Account Verification,Credential Phishing,Hard,All,T1566.002,0,0.22,1,1,0,0,0,0,1,1
EVT003711,EMP0372,Marketing,Marketing Manager,Low,1,76,PHISH001,Microsoft 365 Password Expiration,Credential Phishing,Easy,All,T1566.002,0,0.3167,0,0,0,0,1,243,0,0
EVT003712,EMP0372,Marketing,Marketing Manager,Low,1,76,PHISH002,HR Benefits Update,Malicious Attachment Simulation,Medium,All,T1566.001,0,0.3207,1,0,0,0,1,102,0,0
EVT003713,EMP0372,Marketing,Marketing Manager,Low,1,76,PHISH003,CEO Urgent Payment Request,Business Email Compromise,Hard,Finance,T1566,0,0.2096,0,0,0,0,0,0,1,1
EVT003714,EMP0372,Marketing,Marketing Manager,Low,1,76,PHISH004,Package Delivery Notification,Link Phishing,Easy,All,T1566.002,0,0.3333,1,0,0,0,0,0,0,0
EVT003715,EMP0372,Marketing,Marketing Manager,Low,1,76,PHISH005,Shared Cloud Document,Cloud Credential Phishing,Medium,All,T1566.003,0,0.2297,1,1,0,0,1,244,1,1
EVT003716,EMP0372,Marketing,Marketing Manager,Low,1,76,PHISH006,Fake MFA Verification Request,Identity Phishing,Hard,Information Technology,T1566.002,0,0.2948,1,0,0,0,1,360,0,0
EVT003717,EMP0372,Marketing,Marketing Manager,Low,1,76,PHISH007,Payroll Account Verification,Credential Phishing,Medium,Human Resources,T1566.002,0,0.2312,1,1,0,1,0,0,1,1
EVT003718,EMP0372,Marketing,Marketing Manager,Low,1,76,PHISH008,QR Code Security Verification,QR Phishing,Hard,All,T1566.002,0,0.2645,1,0,0,0,0,0,0,0
EVT003719,EMP0372,Marketing,Marketing Manager,Low,1,76,PHISH009,Resume Attachment,Malicious Attachment Simulation,Medium,Human Resources,T1566.001,0,0.2583,1,0,0,0,0,0,0,0
EVT003720,EMP0372,Marketing,Marketing Manager,Low,1,76,PHISH010,IT Helpdesk Account Verification,Credential Phishing,Hard,All,T1566.002,0,0.2867,1,1,0,1,1,148,1,1
EVT003721,EMP0373,Marketing,Marketing Manager,Low,1,77,PHISH001,Microsoft 365 Password Expiration,Credential Phishing,Easy,All,T1566.002,0,0.2809,1,0,0,0,0,0,0,0
EVT003722,EMP0373,Marketing,Marketing Manager,Low,1,77,PHISH002,HR Benefits Update,Malicious Attachment Simulation,Medium,All,T1566.001,0,0.3712,0,0,0,0,0,0,0,0
EVT003723,EMP0373,Marketing,Marketing Manager,Low,1,77,PHISH003,CEO Urgent Payment Request,Business Email Compromise,Hard,Finance,T1566,0,0.3002,1,0,0,0,0,0,1,1
EVT003724,EMP0373,Marketing,Marketing Manager,Low,1,77,PHISH004,Package Delivery Notification,Link Phishing,Easy,All,T1566.002,0,0.3496,1,0,0,0,1,161,0,0
EVT003725,EMP0373,Marketing,Marketing Manager,Low,1,77,PHISH005,Shared Cloud Document,Cloud Credential Phishing,Medium,All,T1566.003,0,0.218,1,0,0,0,1,371,0,0
EVT003726,EMP0373,Marketing,Marketing Manager,Low,1,77,PHISH006,Fake MFA Verification Request,Identity Phishing,Hard,Information Technology,T1566.002,0,0.2538,1,1,0,0,0,0,1,1
EVT003727,EMP0373,Marketing,Marketing Manager,Low,1,77,PHISH007,Payroll Account Verification,Credential Phishing,Medium,Human Resources,T1566.002,0,0.2694,1,0,0,0,0,0,0,0
EVT003728,EMP0373,Marketing,Marketing Manager,Low,1,77,PHISH008,QR Code Security Verification,QR Phishing,Hard,All,T1566.002,0,0.3022,1,0,0,0,1,484,0,0
EVT003729,EMP0373,Marketing,Marketing Manager,Low,1,77,PHISH009,Resume Attachment,Malicious Attachment Simulation,Medium,Human Resources,T1566.001,0,0.1935,1,0,1,0,0,0,1,1
EVT003730,EMP0373,Marketing,Marketing Manager,Low,1,77,PHISH010,IT Helpdesk Account Verification,Credential Phishing,Hard,All,T1566.002,0,0.2315,1,0,0,0,1,162,0,0
EVT003731,EMP0374,Executive,Chief Officer,Privileged,1,80,PHISH001,Microsoft 365 Password Expiration,Credential Phishing,Easy,All,T1566.002,0,0.2779,1,1,0,1,0,0,1,1
EVT003732,EMP0374,Executive,Chief Officer,Privileged,1,80,PHISH002,HR Benefits Update,Malicious Attachment Simulation,Medium,All,T1566.001,0,0.3651,0,0,0,0,0,0,1,1
EVT003733,EMP0374,Executive,Chief Officer,Privileged,1,80,PHISH003,CEO Urgent Payment Request,Business Email Compromise,Hard,Finance,T1566,0,0.1043,1,0,0,0,1,467,0,0
EVT003734,EMP0374,Executive,Chief Officer,Privileged,1,80,PHISH004,Package Delivery Notification,Link Phishing,Easy,All,T1566.002,0,0.2376,1,0,0,0,1,175,0,0
EVT003735,EMP0374,Executive,Chief Officer,Privileged,1,80,PHISH005,Shared Cloud Document,Cloud Credential Phishing,Medium,All,T1566.003,0,0.1566,1,0,0,0,1,190,0,0
EVT003736,EMP0374,Executive,Chief Officer,Privileged,1,80,PHISH006,Fake MFA Verification Request,Identity Phishing,Hard,Information Technology,T1566.002,0,0.1559,1,0,0,0,1,454,0,0
EVT003737,EMP0374,Executive,Chief Officer,Privileged,1,80,PHISH007,Payroll Account Verification,Credential Phishing,Medium,Human Resources,T1566.002,0,0.2514,0,0,0,0,1,159,0,0
EVT003738,EMP0374,Executive,Chief Officer,Privileged,1,80,PHISH008,QR Code Security Verification,QR Phishing,Hard,All,T1566.002,0,0.1408,0,0,0,0,0,0,0,0
EVT003739,EMP0374,Executive,Chief Officer,Privileged,1,80,PHISH009,Resume Attachment,Malicious Attachment Simulation,Medium,Human Resources,T1566.001,0,0.2131,0,0,0,0,0,0,0,0
EVT003740,EMP0374,Executive,Chief Officer,Privileged,1,80,PHISH010,IT Helpdesk Account Verification,Credential Phishing,Hard,All,T1566.002,0,0.1875,1,0,0,0,0,0,0,0
EVT003741,EMP0375,Operations,Operations Analyst,Medium,0,62,PHISH001,Microsoft 365 Password Expiration,Credential Phishing,Easy,All,T1566.002,0,0.3716,1,0,0,0,0,0,0,0
EVT003742,EMP0375,Operations,Operations Analyst,Medium,0,62,PHISH002,HR Benefits Update,Malicious Attachment Simulation,Medium,All,T1566.001,0,0.3364,1,0,0,0,0,0,0,0
EVT003743,EMP0375,Operations,Operations Analyst,Medium,0,62,PHISH003,CEO Urgent Payment Request,Business Email Compromise,Hard,Finance,T1566,0,0.2824,1,0,0,0,0,0,0,0
EVT003744,EMP0375,Operations,Operations Analyst,Medium,0,62,PHISH004,Package Delivery Notification,Link Phishing,Easy,All,T1566.002,0,0.3971,1,0,0,0,1,129,0,0
EVT003745,EMP0375,Operations,Operations Analyst,Medium,0,62,PHISH005,Shared Cloud Document,Cloud Credential Phishing,Medium,All,T1566.003,0,0.3621,1,0,0,0,1,375,0,0
EVT003746,EMP0375,Operations,Operations Analyst,Medium,0,62,PHISH006,Fake MFA Verification Request,Identity Phishing,Hard,Information Technology,T1566.002,0,0.2819,1,0,0,0,0,0,0,0
EVT003747,EMP0375,Operations,Operations Analyst,Medium,0,62,PHISH007,Payroll Account Verification,Credential Phishing,Medium,Human Resources,T1566.002,0,0.2518,0,0,0,0,0,0,0,0
EVT003748,EMP0375,Operations,Operations Analyst,Medium,0,62,PHISH008,QR Code Security Verification,QR Phishing,Hard,All,T1566.002,0,0.3534,1,1,0,0,0,0,1,1
EVT003749,EMP0375,Operations,Operations Analyst,Medium,0,62,PHISH009,Resume Attachment,Malicious Attachment Simulation,Medium,Human Resources,T1566.001,0,0.3806,1,0,1,0,1,165,1,1
EVT003750,EMP0375,Operations,Operations Analyst,Medium,0,62,PHISH010,IT Helpdesk Account Verification,Credential Phishing,Hard,All,T1566.002,0,0.3392,1,0,0,0,0,0,0,0
EVT003751,EMP0376,Sales,Account Executive,Medium,1,95,PHISH001,Microsoft 365 Password Expiration,Credential Phishing,Easy,All,T1566.002,0,0.3282,1,0,0,0,0,0,0,0
EVT003752,EMP0376,Sales,Account Executive,Medium,1,95,PHISH002,HR Benefits Update,Malicious Attachment Simulation,Medium,All,T1566.001,0,0.3922,1,0,0,0,0,0,0,0
EVT003753,EMP0376,Sales,Account Executive,Medium,1,95,PHISH003,CEO Urgent Payment Request,Business Email Compromise,Hard,Finance,T1566,0,0.374,1,0,0,0,0,0,1,1
EVT003754,EMP0376,Sales,Account Executive,Medium,1,95,PHISH004,Package Delivery Notification,Link Phishing,Easy,All,T1566.002,0,0.4028,1,0,0,0,0,0,0,0
EVT003755,EMP0376,Sales,Account Executive,Medium,1,95,PHISH005,Shared Cloud Document,Cloud Credential Phishing,Medium,All,T1566.003,0,0.3133,1,0,0,0,1,290,0,0
EVT003756,EMP0376,Sales,Account Executive,Medium,1,95,PHISH006,Fake MFA Verification Request,Identity Phishing,Hard,Information Technology,T1566.002,0,0.3777,1,0,0,0,1,143,0,0
EVT003757,EMP0376,Sales,Account Executive,Medium,1,95,PHISH007,Payroll Account Verification,Credential Phishing,Medium,Human Resources,T1566.002,0,0.3937,1,1,0,1,0,0,1,1
EVT003758,EMP0376,Sales,Account Executive,Medium,1,95,PHISH008,QR Code Security Verification,QR Phishing,Hard,All,T1566.002,0,0.3645,1,0,0,0,1,665,0,0
EVT003759,EMP0376,Sales,Account Executive,Medium,1,95,PHISH009,Resume Attachment,Malicious Attachment Simulation,Medium,Human Resources,T1566.001,0,0.3765,0,0,0,0,0,0,1,1
EVT003760,EMP0376,Sales,Account Executive,Medium,1,95,PHISH010,IT Helpdesk Account Verification,Credential Phishing,Hard,All,T1566.002,0,0.4343,0,0,0,0,1,45,0,0
EVT003761,EMP0377,Sales,Account Executive,Low,1,82,PHISH001,Microsoft 365 Password Expiration,Credential Phishing,Easy,All,T1566.002,0,0.308,1,0,0,0,0,0,0,0
EVT003762,EMP0377,Sales,Account Executive,Low,1,82,PHISH002,HR Benefits Update,Malicious Attachment Simulation,Medium,All,T1566.001,0,0.249,1,0,0,0,0,0,0,0
EVT003763,EMP0377,Sales,Account Executive,Low,1,82,PHISH003,CEO Urgent Payment Request,Business Email Compromise,Hard,Finance,T1566,0,0.2331,1,0,0,0,1,459,0,0
EVT003764,EMP0377,Sales,Account Executive,Low,1,82,PHISH004,Package Delivery Notification,Link Phishing,Easy,All,T1566.002,0,0.3657,1,0,0,0,1,310,0,0
EVT003765,EMP0377,Sales,Account Executive,Low,1,82,PHISH005,Shared Cloud Document,Cloud Credential Phishing,Medium,All,T1566.003,0,0.2728,1,0,0,0,1,72,0,0
EVT003766,EMP0377,Sales,Account Executive,Low,1,82,PHISH006,Fake MFA Verification Request,Identity Phishing,Hard,Information Technology,T1566.002,0,0.1308,1,0,0,0,1,245,0,0
EVT003767,EMP0377,Sales,Account Executive,Low,1,82,PHISH007,Payroll Account Verification,Credential Phishing,Medium,Human Resources,T1566.002,0,0.2949,0,0,0,0,1,252,0,0
EVT003768,EMP0377,Sales,Account Executive,Low,1,82,PHISH008,QR Code Security Verification,QR Phishing,Hard,All,T1566.002,0,0.0931,1,1,0,0,1,169,1,1
EVT003769,EMP0377,Sales,Account Executive,Low,1,82,PHISH009,Resume Attachment,Malicious Attachment Simulation,Medium,Human Resources,T1566.001,0,0.3015,1,0,1,0,0,0,1,1
EVT003770,EMP0377,Sales,Account Executive,Low,1,82,PHISH010,IT Helpdesk Account Verification,Credential Phishing,Hard,All,T1566.002,0,0.2845,1,0,0,0,1,226,0,0
EVT003771,EMP0378,Legal,Legal Manager,High,1,83,PHISH001,Microsoft 365 Password Expiration,Credential Phishing,Easy,All,T1566.002,0,0.2233,1,1,0,1,0,0,1,1
EVT003772,EMP0378,Legal,Legal Manager,High,1,83,PHISH002,HR Benefits Update,Malicious Attachment Simulation,Medium,All,T1566.001,0,0.3159,1,0,0,0,1,549,0,0
EVT003773,EMP0378,Legal,Legal Manager,High,1,83,PHISH003,CEO Urgent Payment Request,Business Email Compromise,Hard,Finance,T1566,0,0.2308,1,0,0,0,1,197,0,0
EVT003774,EMP0378,Legal,Legal Manager,High,1,83,PHISH004,Package Delivery Notification,Link Phishing,Easy,All,T1566.002,0,0.2995,1,1,0,0,1,442,1,1
EVT003775,EMP0378,Legal,Legal Manager,High,1,83,PHISH005,Shared Cloud Document,Cloud Credential Phishing,Medium,All,T1566.003,0,0.2699,1,0,0,0,0,0,0,0
EVT003776,EMP0378,Legal,Legal Manager,High,1,83,PHISH006,Fake MFA Verification Request,Identity Phishing,Hard,Information Technology,T1566.002,0,0.3479,1,0,0,0,1,180,0,0
EVT003777,EMP0378,Legal,Legal Manager,High,1,83,PHISH007,Payroll Account Verification,Credential Phishing,Medium,Human Resources,T1566.002,0,0.2829,1,0,0,0,1,129,0,0
EVT003778,EMP0378,Legal,Legal Manager,High,1,83,PHISH008,QR Code Security Verification,QR Phishing,Hard,All,T1566.002,0,0.2987,1,1,0,0,0,0,1,1
EVT003779,EMP0378,Legal,Legal Manager,High,1,83,PHISH009,Resume Attachment,Malicious Attachment Simulation,Medium,Human Resources,T1566.001,0,0.3683,1,0,1,0,0,0,1,1
EVT003780,EMP0378,Legal,Legal Manager,High,1,83,PHISH010,IT Helpdesk Account Verification,Credential Phishing,Hard,All,T1566.002,0,0.3192,0,0,0,0,0,0,1,1
EVT003781,EMP0379,Finance,Accountant,High,1,80,PHISH001,Microsoft 365 Password Expiration,Credential Phishing,Easy,All,T1566.002,0,0.1312,1,0,0,0,0,0,0,0
EVT003782,EMP0379,Finance,Accountant,High,1,80,PHISH002,HR Benefits Update,Malicious Attachment Simulation,Medium,All,T1566.001,0,0.2283,1,0,0,0,0,0,0,0
EVT003783,EMP0379,Finance,Accountant,High,1,80,PHISH003,CEO Urgent Payment Request,Business Email Compromise,Hard,Finance,T1566,1,0.2436,1,0,0,0,1,106,0,0
EVT003784,EMP0379,Finance,Accountant,High,1,80,PHISH004,Package Delivery Notification,Link Phishing,Easy,All,T1566.002,0,0.2011,0,0,0,0,0,0,0,0
EVT003785,EMP0379,Finance,Accountant,High,1,80,PHISH005,Shared Cloud Document,Cloud Credential Phishing,Medium,All,T1566.003,0,0.2876,1,0,0,0,0,0,0,0
EVT003786,EMP0379,Finance,Accountant,High,1,80,PHISH006,Fake MFA Verification Request,Identity Phishing,Hard,Information Technology,T1566.002,0,0.2263,1,0,0,0,1,265,0,0
EVT003787,EMP0379,Finance,Accountant,High,1,80,PHISH007,Payroll Account Verification,Credential Phishing,Medium,Human Resources,T1566.002,0,0.2311,1,0,0,0,0,0,0,0
EVT003788,EMP0379,Finance,Accountant,High,1,80,PHISH008,QR Code Security Verification,QR Phishing,Hard,All,T1566.002,0,0.2453,1,0,0,0,1,367,0,0
EVT003789,EMP0379,Finance,Accountant,High,1,80,PHISH009,Resume Attachment,Malicious Attachment Simulation,Medium,Human Resources,T1566.001,0,0.1667,1,0,1,0,0,0,1,1
EVT003790,EMP0379,Finance,Accountant,High,1,80,PHISH010,IT Helpdesk Account Verification,Credential Phishing,Hard,All,T1566.002,0,0.1376,0,0,0,0,0,0,0,0
EVT003791,EMP0380,Sales,Sales Representative,Medium,1,86,PHISH001,Microsoft 365 Password Expiration,Credential Phishing,Easy,All,T1566.002,0,0.1979,1,0,0,0,0,0,0,0
EVT003792,EMP0380,Sales,Sales Representative,Medium,1,86,PHISH002,HR Benefits Update,Malicious Attachment Simulation,Medium,All,T1566.001,0,0.3939,0,0,0,0,0,0,1,1
EVT003793,EMP0380,Sales,Sales Representative,Medium,1,86,PHISH003,CEO Urgent Payment Request,Business Email Compromise,Hard,Finance,T1566,0,0.3001,1,0,0,0,0,0,0,0
EVT003794,EMP0380,Sales,Sales Representative,Medium,1,86,PHISH004,Package Delivery Notification,Link Phishing,Easy,All,T1566.002,0,0.3366,1,0,0,0,1,183,0,0
EVT003795,EMP0380,Sales,Sales Representative,Medium,1,86,PHISH005,Shared Cloud Document,Cloud Credential Phishing,Medium,All,T1566.003,0,0.2743,0,0,0,0,1,173,0,0
EVT003796,EMP0380,Sales,Sales Representative,Medium,1,86,PHISH006,Fake MFA Verification Request,Identity Phishing,Hard,Information Technology,T1566.002,0,0.3088,1,0,0,0,0,0,0,0
EVT003797,EMP0380,Sales,Sales Representative,Medium,1,86,PHISH007,Payroll Account Verification,Credential Phishing,Medium,Human Resources,T1566.002,0,0.2813,1,0,0,0,1,451,0,0
EVT003798,EMP0380,Sales,Sales Representative,Medium,1,86,PHISH008,QR Code Security Verification,QR Phishing,Hard,All,T1566.002,0,0.2927,1,1,0,0,0,0,1,1
EVT003799,EMP0380,Sales,Sales Representative,Medium,1,86,PHISH009,Resume Attachment,Malicious Attachment Simulation,Medium,Human Resources,T1566.001,0,0.2646,1,0,0,0,1,344,0,0
EVT003800,EMP0380,Sales,Sales Representative,Medium,1,86,PHISH010,IT Helpdesk Account Verification,Credential Phishing,Hard,All,T1566.002,0,0.3318,1,0,0,0,0,0,0,0
EVT003801,EMP0381,Human Resources,HR Manager,Medium,0,69,PHISH001,Microsoft 365 Password Expiration,Credential Phishing,Easy,All,T1566.002,0,0.37,1,1,0,1,0,0,1,1
EVT003802,EMP0381,Human Resources,HR Manager,Medium,0,69,PHISH002,HR Benefits Update,Malicious Attachment Simulation,Medium,All,T1566.001,0,0.403,1,0,1,0,0,0,1,1
EVT003803,EMP0381,Human Resources,HR Manager,Medium,0,69,PHISH003,CEO Urgent Payment Request,Business Email Compromise,Hard,Finance,T1566,0,0.43,0,0,0,0,1,190,0,0
EVT003804,EMP0381,Human Resources,HR Manager,Medium,0,69,PHISH004,Package Delivery Notification,Link Phishing,Easy,All,T1566.002,0,0.4044,1,0,0,0,1,500,0,0
EVT003805,EMP0381,Human Resources,HR Manager,Medium,0,69,PHISH005,Shared Cloud Document,Cloud Credential Phishing,Medium,All,T1566.003,0,0.3165,1,1,0,1,0,0,1,1
EVT003806,EMP0381,Human Resources,HR Manager,Medium,0,69,PHISH006,Fake MFA Verification Request,Identity Phishing,Hard,Information Technology,T1566.002,0,0.3964,1,0,0,0,0,0,0,0
EVT003807,EMP0381,Human Resources,HR Manager,Medium,0,69,PHISH007,Payroll Account Verification,Credential Phishing,Medium,Human Resources,T1566.002,1,0.4645,1,1,0,1,0,0,1,1
EVT003808,EMP0381,Human Resources,HR Manager,Medium,0,69,PHISH008,QR Code Security Verification,QR Phishing,Hard,All,T1566.002,0,0.4343,1,1,0,0,0,0,1,1
EVT003809,EMP0381,Human Resources,HR Manager,Medium,0,69,PHISH009,Resume Attachment,Malicious Attachment Simulation,Medium,Human Resources,T1566.001,1,0.5137,1,0,1,0,0,0,1,1
EVT003810,EMP0381,Human Resources,HR Manager,Medium,0,69,PHISH010,IT Helpdesk Account Verification,Credential Phishing,Hard,All,T1566.002,0,0.3452,1,0,0,0,1,188,0,0
EVT003811,EMP0382,Finance,Financial Analyst,High,1,99,PHISH001,Microsoft 365 Password Expiration,Credential Phishing,Easy,All,T1566.002,0,0.2297,1,0,0,0,0,0,0,0
EVT003812,EMP0382,Finance,Financial Analyst,High,1,99,PHISH002,HR Benefits Update,Malicious Attachment Simulation,Medium,All,T1566.001,0,0.1103,1,0,0,0,0,0,0,0
EVT003813,EMP0382,Finance,Financial Analyst,High,1,99,PHISH003,CEO Urgent Payment Request,Business Email Compromise,Hard,Finance,T1566,1,0.2794,1,0,0,0,0,0,1,1
EVT003814,EMP0382,Finance,Financial Analyst,High,1,99,PHISH004,Package Delivery Notification,Link Phishing,Easy,All,T1566.002,0,0.2499,1,0,0,0,0,0,0,0
EVT003815,EMP0382,Finance,Financial Analyst,High,1,99,PHISH005,Shared Cloud Document,Cloud Credential Phishing,Medium,All,T1566.003,0,0.1794,1,1,0,1,0,0,1,1
EVT003816,EMP0382,Finance,Financial Analyst,High,1,99,PHISH006,Fake MFA Verification Request,Identity Phishing,Hard,Information Technology,T1566.002,0,0.1638,1,1,0,0,0,0,1,1
EVT003817,EMP0382,Finance,Financial Analyst,High,1,99,PHISH007,Payroll Account Verification,Credential Phishing,Medium,Human Resources,T1566.002,0,0.3202,1,0,0,0,1,181,0,0
EVT003818,EMP0382,Finance,Financial Analyst,High,1,99,PHISH008,QR Code Security Verification,QR Phishing,Hard,All,T1566.002,0,0.1169,1,0,0,0,1,335,0,0
EVT003819,EMP0382,Finance,Financial Analyst,High,1,99,PHISH009,Resume Attachment,Malicious Attachment Simulation,Medium,Human Resources,T1566.001,0,0.108,1,0,0,0,1,56,0,0
EVT003820,EMP0382,Finance,Financial Analyst,High,1,99,PHISH010,IT Helpdesk Account Verification,Credential Phishing,Hard,All,T1566.002,0,0.127,1,0,0,0,1,577,0,0
EVT003821,EMP0383,Sales,Sales Representative,Low,1,88,PHISH001,Microsoft 365 Password Expiration,Credential Phishing,Easy,All,T1566.002,0,0.2063,1,0,0,0,0,0,0,0
EVT003822,EMP0383,Sales,Sales Representative,Low,1,88,PHISH002,HR Benefits Update,Malicious Attachment Simulation,Medium,All,T1566.001,0,0.1079,1,0,0,0,1,255,0,0
EVT003823,EMP0383,Sales,Sales Representative,Low,1,88,PHISH003,CEO Urgent Payment Request,Business Email Compromise,Hard,Finance,T1566,0,0.1982,1,0,0,0,1,234,0,0
EVT003824,EMP0383,Sales,Sales Representative,Low,1,88,PHISH004,Package Delivery Notification,Link Phishing,Easy,All,T1566.002,0,0.1374,1,0,0,0,1,248,0,0
EVT003825,EMP0383,Sales,Sales Representative,Low,1,88,PHISH005,Shared Cloud Document,Cloud Credential Phishing,Medium,All,T1566.003,0,0.1032,1,0,0,0,1,384,0,0
EVT003826,EMP0383,Sales,Sales Representative,Low,1,88,PHISH006,Fake MFA Verification Request,Identity Phishing,Hard,Information Technology,T1566.002,0,0.1261,1,0,0,0,0,0,0,0
EVT003827,EMP0383,Sales,Sales Representative,Low,1,88,PHISH007,Payroll Account Verification,Credential Phishing,Medium,Human Resources,T1566.002,0,0.1835,1,0,0,0,1,780,0,0
EVT003828,EMP0383,Sales,Sales Representative,Low,1,88,PHISH008,QR Code Security Verification,QR Phishing,Hard,All,T1566.002,0,0.1992,1,0,0,0,0,0,0,0
EVT003829,EMP0383,Sales,Sales Representative,Low,1,88,PHISH009,Resume Attachment,Malicious Attachment Simulation,Medium,Human Resources,T1566.001,0,0.0457,1,0,0,0,1,55,0,0
EVT003830,EMP0383,Sales,Sales Representative,Low,1,88,PHISH010,IT Helpdesk Account Verification,Credential Phishing,Hard,All,T1566.002,0,0.3027,1,0,0,0,0,0,0,0
EVT003831,EMP0384,Human Resources,HR Manager,Medium,1,70,PHISH001,Microsoft 365 Password Expiration,Credential Phishing,Easy,All,T1566.002,0,0.3139,1,1,0,1,0,0,1,1
EVT003832,EMP0384,Human Resources,HR Manager,Medium,1,70,PHISH002,HR Benefits Update,Malicious Attachment Simulation,Medium,All,T1566.001,0,0.2301,1,0,0,0,1,174,0,0
EVT003833,EMP0384,Human Resources,HR Manager,Medium,1,70,PHISH003,CEO Urgent Payment Request,Business Email Compromise,Hard,Finance,T1566,0,0.3117,1,0,0,0,1,314,0,0
EVT003834,EMP0384,Human Resources,HR Manager,Medium,1,70,PHISH004,Package Delivery Notification,Link Phishing,Easy,All,T1566.002,0,0.3342,0,0,0,0,0,0,0,0
EVT003835,EMP0384,Human Resources,HR Manager,Medium,1,70,PHISH005,Shared Cloud Document,Cloud Credential Phishing,Medium,All,T1566.003,0,0.3038,0,0,0,0,0,0,1,1
EVT003836,EMP0384,Human Resources,HR Manager,Medium,1,70,PHISH006,Fake MFA Verification Request,Identity Phishing,Hard,Information Technology,T1566.002,0,0.181,1,0,0,0,0,0,0,0
EVT003837,EMP0384,Human Resources,HR Manager,Medium,1,70,PHISH007,Payroll Account Verification,Credential Phishing,Medium,Human Resources,T1566.002,1,0.4168,1,1,0,1,1,800,1,1
EVT003838,EMP0384,Human Resources,HR Manager,Medium,1,70,PHISH008,QR Code Security Verification,QR Phishing,Hard,All,T1566.002,0,0.4215,1,0,0,0,0,0,0,0
EVT003839,EMP0384,Human Resources,HR Manager,Medium,1,70,PHISH009,Resume Attachment,Malicious Attachment Simulation,Medium,Human Resources,T1566.001,1,0.3458,1,0,0,0,1,259,0,0
EVT003840,EMP0384,Human Resources,HR Manager,Medium,1,70,PHISH010,IT Helpdesk Account Verification,Credential Phishing,Hard,All,T1566.002,0,0.4042,1,0,0,0,0,0,0,0
EVT003841,EMP0385,Sales,Sales Representative,Medium,0,72,PHISH001,Microsoft 365 Password Expiration,Credential Phishing,Easy,All,T1566.002,0,0.4201,1,1,0,1,1,201,1,1
EVT003842,EMP0385,Sales,Sales Representative,Medium,0,72,PHISH002,HR Benefits Update,Malicious Attachment Simulation,Medium,All,T1566.001,0,0.435,1,0,1,0,0,0,1,1
EVT003843,EMP0385,Sales,Sales Representative,Medium,0,72,PHISH003,CEO Urgent Payment Request,Business Email Compromise,Hard,Finance,T1566,0,0.494,0,0,0,0,0,0,1,1
EVT003844,EMP0385,Sales,Sales Representative,Medium,0,72,PHISH004,Package Delivery Notification,Link Phishing,Easy,All,T1566.002,0,0.4278,1,1,0,0,0,0,1,1
EVT003845,EMP0385,Sales,Sales Representative,Medium,0,72,PHISH005,Shared Cloud Document,Cloud Credential Phishing,Medium,All,T1566.003,0,0.302,1,0,0,0,0,0,0,0
EVT003846,EMP0385,Sales,Sales Representative,Medium,0,72,PHISH006,Fake MFA Verification Request,Identity Phishing,Hard,Information Technology,T1566.002,0,0.4489,1,0,0,0,0,0,0,0
EVT003847,EMP0385,Sales,Sales Representative,Medium,0,72,PHISH007,Payroll Account Verification,Credential Phishing,Medium,Human Resources,T1566.002,0,0.3973,1,1,0,0,0,0,1,1
EVT003848,EMP0385,Sales,Sales Representative,Medium,0,72,PHISH008,QR Code Security Verification,QR Phishing,Hard,All,T1566.002,0,0.3884,0,0,0,0,1,353,0,0
EVT003849,EMP0385,Sales,Sales Representative,Medium,0,72,PHISH009,Resume Attachment,Malicious Attachment Simulation,Medium,Human Resources,T1566.001,0,0.4186,1,0,1,0,0,0,1,1
EVT003850,EMP0385,Sales,Sales Representative,Medium,0,72,PHISH010,IT Helpdesk Account Verification,Credential Phishing,Hard,All,T1566.002,0,0.3416,1,0,0,0,0,0,0,0
EVT003851,EMP0386,Information Technology,Security Analyst,Medium,1,48,PHISH001,Microsoft 365 Password Expiration,Credential Phishing,Easy,All,T1566.002,0,0.4491,1,1,0,1,1,130,1,1
EVT003852,EMP0386,Information Technology,Security Analyst,Medium,1,48,PHISH002,HR Benefits Update,Malicious Attachment Simulation,Medium,All,T1566.001,0,0.3133,1,0,1,0,0,0,1,1
EVT003853,EMP0386,Information Technology,Security Analyst,Medium,1,48,PHISH003,CEO Urgent Payment Request,Business Email Compromise,Hard,Finance,T1566,0,0.477,0,0,0,0,0,0,1,1
EVT003854,EMP0386,Information Technology,Security Analyst,Medium,1,48,PHISH004,Package Delivery Notification,Link Phishing,Easy,All,T1566.002,0,0.3759,1,0,0,0,0,0,0,0
EVT003855,EMP0386,Information Technology,Security Analyst,Medium,1,48,PHISH005,Shared Cloud Document,Cloud Credential Phishing,Medium,All,T1566.003,0,0.4652,1,1,0,0,0,0,1,1
EVT003856,EMP0386,Information Technology,Security Analyst,Medium,1,48,PHISH006,Fake MFA Verification Request,Identity Phishing,Hard,Information Technology,T1566.002,1,0.5444,1,0,0,0,1,84,0,0
EVT003857,EMP0386,Information Technology,Security Analyst,Medium,1,48,PHISH007,Payroll Account Verification,Credential Phishing,Medium,Human Resources,T1566.002,0,0.3887,1,1,0,1,0,0,1,1
EVT003858,EMP0386,Information Technology,Security Analyst,Medium,1,48,PHISH008,QR Code Security Verification,QR Phishing,Hard,All,T1566.002,0,0.4771,1,1,0,0,0,0,1,1
EVT003859,EMP0386,Information Technology,Security Analyst,Medium,1,48,PHISH009,Resume Attachment,Malicious Attachment Simulation,Medium,Human Resources,T1566.001,0,0.4791,1,0,0,0,0,0,0,0
EVT003860,EMP0386,Information Technology,Security Analyst,Medium,1,48,PHISH010,IT Helpdesk Account Verification,Credential Phishing,Hard,All,T1566.002,0,0.4147,1,1,0,1,1,246,1,1
EVT003861,EMP0387,Operations,Operations Analyst,Low,1,66,PHISH001,Microsoft 365 Password Expiration,Credential Phishing,Easy,All,T1566.002,0,0.3062,0,0,0,0,1,186,0,0
EVT003862,EMP0387,Operations,Operations Analyst,Low,1,66,PHISH002,HR Benefits Update,Malicious Attachment Simulation,Medium,All,T1566.001,0,0.2435,1,0,1,0,1,73,1,1
EVT003863,EMP0387,Operations,Operations Analyst,Low,1,66,PHISH003,CEO Urgent Payment Request,Business Email Compromise,Hard,Finance,T1566,0,0.2317,0,0,0,0,0,0,0,0
EVT003864,EMP0387,Operations,Operations Analyst,Low,1,66,PHISH004,Package Delivery Notification,Link Phishing,Easy,All,T1566.002,0,0.2065,1,0,0,0,1,231,0,0
EVT003865,EMP0387,Operations,Operations Analyst,Low,1,66,PHISH005,Shared Cloud Document,Cloud Credential Phishing,Medium,All,T1566.003,0,0.2414,0,0,0,0,0,0,1,1
EVT003866,EMP0387,Operations,Operations Analyst,Low,1,66,PHISH006,Fake MFA Verification Request,Identity Phishing,Hard,Information Technology,T1566.002,0,0.3256,1,0,0,0,0,0,0,0
EVT003867,EMP0387,Operations,Operations Analyst,Low,1,66,PHISH007,Payroll Account Verification,Credential Phishing,Medium,Human Resources,T1566.002,0,0.2531,0,0,0,0,1,233,0,0
EVT003868,EMP0387,Operations,Operations Analyst,Low,1,66,PHISH008,QR Code Security Verification,QR Phishing,Hard,All,T1566.002,0,0.3328,1,1,0,0,0,0,1,1
EVT003869,EMP0387,Operations,Operations Analyst,Low,1,66,PHISH009,Resume Attachment,Malicious Attachment Simulation,Medium,Human Resources,T1566.001,0,0.2239,1,0,0,0,0,0,0,0
EVT003870,EMP0387,Operations,Operations Analyst,Low,1,66,PHISH010,IT Helpdesk Account Verification,Credential Phishing,Hard,All,T1566.002,0,0.2104,1,1,0,0,0,0,1,1
EVT003871,EMP0388,Operations,Operations Analyst,Low,1,77,PHISH001,Microsoft 365 Password Expiration,Credential Phishing,Easy,All,T1566.002,0,0.3128,1,1,0,1,0,0,1,1
EVT003872,EMP0388,Operations,Operations Analyst,Low,1,77,PHISH002,HR Benefits Update,Malicious Attachment Simulation,Medium,All,T1566.001,0,0.0915,0,0,0,0,0,0,0,0
EVT003873,EMP0388,Operations,Operations Analyst,Low,1,77,PHISH003,CEO Urgent Payment Request,Business Email Compromise,Hard,Finance,T1566,0,0.1946,1,0,0,0,0,0,0,0
EVT003874,EMP0388,Operations,Operations Analyst,Low,1,77,PHISH004,Package Delivery Notification,Link Phishing,Easy,All,T1566.002,0,0.2597,1,0,0,0,1,318,0,0
EVT003875,EMP0388,Operations,Operations Analyst,Low,1,77,PHISH005,Shared Cloud Document,Cloud Credential Phishing,Medium,All,T1566.003,0,0.1896,1,0,0,0,1,129,0,0
EVT003876,EMP0388,Operations,Operations Analyst,Low,1,77,PHISH006,Fake MFA Verification Request,Identity Phishing,Hard,Information Technology,T1566.002,0,0.3043,1,0,0,0,1,251,0,0
EVT003877,EMP0388,Operations,Operations Analyst,Low,1,77,PHISH007,Payroll Account Verification,Credential Phishing,Medium,Human Resources,T1566.002,0,0.3225,1,0,0,0,0,0,0,0
EVT003878,EMP0388,Operations,Operations Analyst,Low,1,77,PHISH008,QR Code Security Verification,QR Phishing,Hard,All,T1566.002,0,0.2508,1,0,0,0,0,0,0,0
EVT003879,EMP0388,Operations,Operations Analyst,Low,1,77,PHISH009,Resume Attachment,Malicious Attachment Simulation,Medium,Human Resources,T1566.001,0,0.2015,1,0,0,0,0,0,0,0
EVT003880,EMP0388,Operations,Operations Analyst,Low,1,77,PHISH010,IT Helpdesk Account Verification,Credential Phishing,Hard,All,T1566.002,0,0.3364,0,0,0,0,0,0,1,1
EVT003881,EMP0389,Finance,Financial Analyst,Medium,1,96,PHISH001,Microsoft 365 Password Expiration,Credential Phishing,Easy,All,T1566.002,0,0.1403,0,0,0,0,0,0,0,0
EVT003882,EMP0389,Finance,Financial Analyst,Medium,1,96,PHISH002,HR Benefits Update,Malicious Attachment Simulation,Medium,All,T1566.001,0,0.1736,1,0,1,0,1,306,1,1
EVT003883,EMP0389,Finance,Financial Analyst,Medium,1,96,PHISH003,CEO Urgent Payment Request,Business Email Compromise,Hard,Finance,T1566,1,0.2039,1,0,0,0,0,0,1,1
EVT003884,EMP0389,Finance,Financial Analyst,Medium,1,96,PHISH004,Package Delivery Notification,Link Phishing,Easy,All,T1566.002,0,0.2729,1,0,0,0,0,0,0,0
EVT003885,EMP0389,Finance,Financial Analyst,Medium,1,96,PHISH005,Shared Cloud Document,Cloud Credential Phishing,Medium,All,T1566.003,0,0.1675,1,0,0,0,1,173,0,0
EVT003886,EMP0389,Finance,Financial Analyst,Medium,1,96,PHISH006,Fake MFA Verification Request,Identity Phishing,Hard,Information Technology,T1566.002,0,0.1262,0,0,0,0,0,0,0,0
EVT003887,EMP0389,Finance,Financial Analyst,Medium,1,96,PHISH007,Payroll Account Verification,Credential Phishing,Medium,Human Resources,T1566.002,0,0.1748,1,0,0,0,1,276,0,0
EVT003888,EMP0389,Finance,Financial Analyst,Medium,1,96,PHISH008,QR Code Security Verification,QR Phishing,Hard,All,T1566.002,0,0.2567,1,0,0,0,1,108,0,0
EVT003889,EMP0389,Finance,Financial Analyst,Medium,1,96,PHISH009,Resume Attachment,Malicious Attachment Simulation,Medium,Human Resources,T1566.001,0,0.1923,1,0,1,0,1,187,1,1
EVT003890,EMP0389,Finance,Financial Analyst,Medium,1,96,PHISH010,IT Helpdesk Account Verification,Credential Phishing,Hard,All,T1566.002,0,0.0916,1,0,0,0,1,289,0,0
EVT003891,EMP0390,Legal,Legal Assistant,High,0,88,PHISH001,Microsoft 365 Password Expiration,Credential Phishing,Easy,All,T1566.002,0,0.4119,1,1,0,0,1,231,1,1
EVT003892,EMP0390,Legal,Legal Assistant,High,0,88,PHISH002,HR Benefits Update,Malicious Attachment Simulation,Medium,All,T1566.001,0,0.2725,1,0,0,0,0,0,0,0
EVT003893,EMP0390,Legal,Legal Assistant,High,0,88,PHISH003,CEO Urgent Payment Request,Business Email Compromise,Hard,Finance,T1566,0,0.2665,0,0,0,0,1,631,0,0
EVT003894,EMP0390,Legal,Legal Assistant,High,0,88,PHISH004,Package Delivery Notification,Link Phishing,Easy,All,T1566.002,0,0.3226,1,0,0,0,0,0,0,0
EVT003895,EMP0390,Legal,Legal Assistant,High,0,88,PHISH005,Shared Cloud Document,Cloud Credential Phishing,Medium,All,T1566.003,0,0.4832,1,0,0,0,1,114,0,0
EVT003896,EMP0390,Legal,Legal Assistant,High,0,88,PHISH006,Fake MFA Verification Request,Identity Phishing,Hard,Information Technology,T1566.002,0,0.4781,1,0,0,0,1,702,0,0
EVT003897,EMP0390,Legal,Legal Assistant,High,0,88,PHISH007,Payroll Account Verification,Credential Phishing,Medium,Human Resources,T1566.002,0,0.3459,1,0,0,0,1,505,0,0
EVT003898,EMP0390,Legal,Legal Assistant,High,0,88,PHISH008,QR Code Security Verification,QR Phishing,Hard,All,T1566.002,0,0.3548,1,0,0,0,0,0,0,0
EVT003899,EMP0390,Legal,Legal Assistant,High,0,88,PHISH009,Resume Attachment,Malicious Attachment Simulation,Medium,Human Resources,T1566.001,0,0.4186,1,0,1,0,1,150,1,1
EVT003900,EMP0390,Legal,Legal Assistant,High,0,88,PHISH010,IT Helpdesk Account Verification,Credential Phishing,Hard,All,T1566.002,0,0.3747,1,0,0,0,0,0,0,0
EVT003901,EMP0391,Finance,Financial Analyst,High,1,75,PHISH001,Microsoft 365 Password Expiration,Credential Phishing,Easy,All,T1566.002,0,0.1827,1,0,0,0,1,567,0,0
EVT003902,EMP0391,Finance,Financial Analyst,High,1,75,PHISH002,HR Benefits Update,Malicious Attachment Simulation,Medium,All,T1566.001,0,0.26,0,0,0,0,1,238,1,1
EVT003903,EMP0391,Finance,Financial Analyst,High,1,75,PHISH003,CEO Urgent Payment Request,Business Email Compromise,Hard,Finance,T1566,1,0.246,1,0,0,0,0,0,0,0
EVT003904,EMP0391,Finance,Financial Analyst,High,1,75,PHISH004,Package Delivery Notification,Link Phishing,Easy,All,T1566.002,0,0.1724,1,0,0,0,1,694,0,0
EVT003905,EMP0391,Finance,Financial Analyst,High,1,75,PHISH005,Shared Cloud Document,Cloud Credential Phishing,Medium,All,T1566.003,0,0.2372,1,0,0,0,1,136,0,0
EVT003906,EMP0391,Finance,Financial Analyst,High,1,75,PHISH006,Fake MFA Verification Request,Identity Phishing,Hard,Information Technology,T1566.002,0,0.2332,1,0,0,0,0,0,0,0
EVT003907,EMP0391,Finance,Financial Analyst,High,1,75,PHISH007,Payroll Account Verification,Credential Phishing,Medium,Human Resources,T1566.002,0,0.2364,1,0,0,0,0,0,0,0
EVT003908,EMP0391,Finance,Financial Analyst,High,1,75,PHISH008,QR Code Security Verification,QR Phishing,Hard,All,T1566.002,0,0.279,1,1,0,0,0,0,1,1
EVT003909,EMP0391,Finance,Financial Analyst,High,1,75,PHISH009,Resume Attachment,Malicious Attachment Simulation,Medium,Human Resources,T1566.001,0,0.2257,1,0,0,0,1,206,0,0
EVT003910,EMP0391,Finance,Financial Analyst,High,1,75,PHISH010,IT Helpdesk Account Verification,Credential Phishing,Hard,All,T1566.002,0,0.2351,1,1,0,1,0,0,1,1
EVT003911,EMP0392,Finance,Financial Analyst,High,0,69,PHISH001,Microsoft 365 Password Expiration,Credential Phishing,Easy,All,T1566.002,0,0.3658,1,0,0,0,0,0,0,0
EVT003912,EMP0392,Finance,Financial Analyst,High,0,69,PHISH002,HR Benefits Update,Malicious Attachment Simulation,Medium,All,T1566.001,0,0.2941,1,0,0,0,0,0,0,0
EVT003913,EMP0392,Finance,Financial Analyst,High,0,69,PHISH003,CEO Urgent Payment Request,Business Email Compromise,Hard,Finance,T1566,1,0.3787,1,0,0,0,0,0,1,1
EVT003914,EMP0392,Finance,Financial Analyst,High,0,69,PHISH004,Package Delivery Notification,Link Phishing,Easy,All,T1566.002,0,0.4251,1,1,0,0,0,0,1,1
EVT003915,EMP0392,Finance,Financial Analyst,High,0,69,PHISH005,Shared Cloud Document,Cloud Credential Phishing,Medium,All,T1566.003,0,0.3941,1,0,0,0,1,279,0,0
EVT003916,EMP0392,Finance,Financial Analyst,High,0,69,PHISH006,Fake MFA Verification Request,Identity Phishing,Hard,Information Technology,T1566.002,0,0.4669,0,0,0,0,0,0,1,1
EVT003917,EMP0392,Finance,Financial Analyst,High,0,69,PHISH007,Payroll Account Verification,Credential Phishing,Medium,Human Resources,T1566.002,0,0.3678,1,1,0,1,0,0,1,1
EVT003918,EMP0392,Finance,Financial Analyst,High,0,69,PHISH008,QR Code Security Verification,QR Phishing,Hard,All,T1566.002,0,0.4327,1,0,0,0,1,258,0,0
EVT003919,EMP0392,Finance,Financial Analyst,High,0,69,PHISH009,Resume Attachment,Malicious Attachment Simulation,Medium,Human Resources,T1566.001,0,0.3548,1,0,0,0,1,150,0,0
EVT003920,EMP0392,Finance,Financial Analyst,High,0,69,PHISH010,IT Helpdesk Account Verification,Credential Phishing,Hard,All,T1566.002,0,0.4869,1,0,0,0,0,0,0,0
EVT003921,EMP0393,Human Resources,HR Manager,Medium,0,99,PHISH001,Microsoft 365 Password Expiration,Credential Phishing,Easy,All,T1566.002,0,0.2726,0,0,0,0,1,232,0,0
EVT003922,EMP0393,Human Resources,HR Manager,Medium,0,99,PHISH002,HR Benefits Update,Malicious Attachment Simulation,Medium,All,T1566.001,0,0.3185,0,0,0,0,1,50,1,1
EVT003923,EMP0393,Human Resources,HR Manager,Medium,0,99,PHISH003,CEO Urgent Payment Request,Business Email Compromise,Hard,Finance,T1566,0,0.3928,1,0,0,0,1,428,0,0
EVT003924,EMP0393,Human Resources,HR Manager,Medium,0,99,PHISH004,Package Delivery Notification,Link Phishing,Easy,All,T1566.002,0,0.4034,1,1,0,0,0,0,1,1
EVT003925,EMP0393,Human Resources,HR Manager,Medium,0,99,PHISH005,Shared Cloud Document,Cloud Credential Phishing,Medium,All,T1566.003,0,0.3198,0,0,0,0,1,269,0,0
EVT003926,EMP0393,Human Resources,HR Manager,Medium,0,99,PHISH006,Fake MFA Verification Request,Identity Phishing,Hard,Information Technology,T1566.002,0,0.4068,1,0,0,0,1,258,0,0
EVT003927,EMP0393,Human Resources,HR Manager,Medium,0,99,PHISH007,Payroll Account Verification,Credential Phishing,Medium,Human Resources,T1566.002,1,0.414,1,0,0,0,0,0,0,0
EVT003928,EMP0393,Human Resources,HR Manager,Medium,0,99,PHISH008,QR Code Security Verification,QR Phishing,Hard,All,T1566.002,0,0.3121,1,1,0,0,0,0,1,1
EVT003929,EMP0393,Human Resources,HR Manager,Medium,0,99,PHISH009,Resume Attachment,Malicious Attachment Simulation,Medium,Human Resources,T1566.001,1,0.4793,1,0,0,0,1,300,0,0
EVT003930,EMP0393,Human Resources,HR Manager,Medium,0,99,PHISH010,IT Helpdesk Account Verification,Credential Phishing,Hard,All,T1566.002,0,0.4335,1,1,0,1,0,0,1,1
EVT003931,EMP0394,Executive,Vice President,Privileged,1,85,PHISH001,Microsoft 365 Password Expiration,Credential Phishing,Easy,All,T1566.002,0,0.2688,0,0,0,0,1,762,0,0
EVT003932,EMP0394,Executive,Vice President,Privileged,1,85,PHISH002,HR Benefits Update,Malicious Attachment Simulation,Medium,All,T1566.001,0,0.2325,0,0,0,0,0,0,1,1
EVT003933,EMP0394,Executive,Vice President,Privileged,1,85,PHISH003,CEO Urgent Payment Request,Business Email Compromise,Hard,Finance,T1566,0,0.3888,1,0,0,0,0,0,0,0
EVT003934,EMP0394,Executive,Vice President,Privileged,1,85,PHISH004,Package Delivery Notification,Link Phishing,Easy,All,T1566.002,0,0.3058,1,1,0,0,0,0,1,1
EVT003935,EMP0394,Executive,Vice President,Privileged,1,85,PHISH005,Shared Cloud Document,Cloud Credential Phishing,Medium,All,T1566.003,0,0.2778,1,0,0,0,0,0,0,0
EVT003936,EMP0394,Executive,Vice President,Privileged,1,85,PHISH006,Fake MFA Verification Request,Identity Phishing,Hard,Information Technology,T1566.002,0,0.1813,0,0,0,0,0,0,0,0
EVT003937,EMP0394,Executive,Vice President,Privileged,1,85,PHISH007,Payroll Account Verification,Credential Phishing,Medium,Human Resources,T1566.002,0,0.2477,0,0,0,0,1,128,0,0
EVT003938,EMP0394,Executive,Vice President,Privileged,1,85,PHISH008,QR Code Security Verification,QR Phishing,Hard,All,T1566.002,0,0.3356,1,0,0,0,1,198,0,0
EVT003939,EMP0394,Executive,Vice President,Privileged,1,85,PHISH009,Resume Attachment,Malicious Attachment Simulation,Medium,Human Resources,T1566.001,0,0.2837,1,0,0,0,0,0,0,0
EVT003940,EMP0394,Executive,Vice President,Privileged,1,85,PHISH010,IT Helpdesk Account Verification,Credential Phishing,Hard,All,T1566.002,0,0.2209,0,0,0,0,1,296,0,0
EVT003941,EMP0395,Human Resources,Recruiter,Medium,0,94,PHISH001,Microsoft 365 Password Expiration,Credential Phishing,Easy,All,T1566.002,0,0.2986,0,0,0,0,1,239,1,1
EVT003942,EMP0395,Human Resources,Recruiter,Medium,0,94,PHISH002,HR Benefits Update,Malicious Attachment Simulation,Medium,All,T1566.001,0,0.2146,1,0,0,0,1,236,0,0
EVT003943,EMP0395,Human Resources,Recruiter,Medium,0,94,PHISH003,CEO Urgent Payment Request,Business Email Compromise,Hard,Finance,T1566,0,0.2635,1,0,0,0,1,91,0,0
EVT003944,EMP0395,Human Resources,Recruiter,Medium,0,94,PHISH004,Package Delivery Notification,Link Phishing,Easy,All,T1566.002,0,0.284,0,0,0,0,0,0,1,1
EVT003945,EMP0395,Human Resources,Recruiter,Medium,0,94,PHISH005,Shared Cloud Document,Cloud Credential Phishing,Medium,All,T1566.003,0,0.3065,1,0,0,0,0,0,0,0
EVT003946,EMP0395,Human Resources,Recruiter,Medium,0,94,PHISH006,Fake MFA Verification Request,Identity Phishing,Hard,Information Technology,T1566.002,0,0.1979,1,1,0,1,0,0,1,1
EVT003947,EMP0395,Human Resources,Recruiter,Medium,0,94,PHISH007,Payroll Account Verification,Credential Phishing,Medium,Human Resources,T1566.002,1,0.2533,1,1,0,0,1,157,1,1
EVT003948,EMP0395,Human Resources,Recruiter,Medium,0,94,PHISH008,QR Code Security Verification,QR Phishing,Hard,All,T1566.002,0,0.3241,1,0,0,0,0,0,0,0
EVT003949,EMP0395,Human Resources,Recruiter,Medium,0,94,PHISH009,Resume Attachment,Malicious Attachment Simulation,Medium,Human Resources,T1566.001,1,0.2941,0,0,0,0,0,0,1,1
EVT003950,EMP0395,Human Resources,Recruiter,Medium,0,94,PHISH010,IT Helpdesk Account Verification,Credential Phishing,Hard,All,T1566.002,0,0.1485,1,0,0,0,0,0,0,0
EVT003951,EMP0396,Finance,Finance Manager,High,1,89,PHISH001,Microsoft 365 Password Expiration,Credential Phishing,Easy,All,T1566.002,0,0.14,1,0,0,0,0,0,0,0
EVT003952,EMP0396,Finance,Finance Manager,High,1,89,PHISH002,HR Benefits Update,Malicious Attachment Simulation,Medium,All,T1566.001,0,0.2071,1,0,0,0,0,0,0,0
EVT003953,EMP0396,Finance,Finance Manager,High,1,89,PHISH003,CEO Urgent Payment Request,Business Email Compromise,Hard,Finance,T1566,1,0.2081,1,0,0,0,0,0,0,0
EVT003954,EMP0396,Finance,Finance Manager,High,1,89,PHISH004,Package Delivery Notification,Link Phishing,Easy,All,T1566.002,0,0.1602,1,0,0,0,1,160,0,0
EVT003955,EMP0396,Finance,Finance Manager,High,1,89,PHISH005,Shared Cloud Document,Cloud Credential Phishing,Medium,All,T1566.003,0,0.091,1,0,0,0,1,187,0,0
EVT003956,EMP0396,Finance,Finance Manager,High,1,89,PHISH006,Fake MFA Verification Request,Identity Phishing,Hard,Information Technology,T1566.002,0,0.2436,0,0,0,0,1,65,0,0
EVT003957,EMP0396,Finance,Finance Manager,High,1,89,PHISH007,Payroll Account Verification,Credential Phishing,Medium,Human Resources,T1566.002,0,0.1531,1,0,0,0,1,474,0,0
EVT003958,EMP0396,Finance,Finance Manager,High,1,89,PHISH008,QR Code Security Verification,QR Phishing,Hard,All,T1566.002,0,0.0734,1,0,0,0,0,0,0,0
EVT003959,EMP0396,Finance,Finance Manager,High,1,89,PHISH009,Resume Attachment,Malicious Attachment Simulation,Medium,Human Resources,T1566.001,0,0.1836,1,0,1,0,1,330,1,1
EVT003960,EMP0396,Finance,Finance Manager,High,1,89,PHISH010,IT Helpdesk Account Verification,Credential Phishing,Hard,All,T1566.002,0,0.1222,1,1,0,1,1,279,1,1
EVT003961,EMP0397,Executive,Chief Officer,High,1,86,PHISH001,Microsoft 365 Password Expiration,Credential Phishing,Easy,All,T1566.002,0,0.2358,1,0,0,0,1,477,0,0
EVT003962,EMP0397,Executive,Chief Officer,High,1,86,PHISH002,HR Benefits Update,Malicious Attachment Simulation,Medium,All,T1566.001,0,0.3374,1,0,0,0,1,203,0,0
EVT003963,EMP0397,Executive,Chief Officer,High,1,86,PHISH003,CEO Urgent Payment Request,Business Email Compromise,Hard,Finance,T1566,0,0.3514,1,0,0,0,0,0,0,0
EVT003964,EMP0397,Executive,Chief Officer,High,1,86,PHISH004,Package Delivery Notification,Link Phishing,Easy,All,T1566.002,0,0.2428,1,1,0,0,0,0,1,1
EVT003965,EMP0397,Executive,Chief Officer,High,1,86,PHISH005,Shared Cloud Document,Cloud Credential Phishing,Medium,All,T1566.003,0,0.2829,1,0,0,0,0,0,0,0
EVT003966,EMP0397,Executive,Chief Officer,High,1,86,PHISH006,Fake MFA Verification Request,Identity Phishing,Hard,Information Technology,T1566.002,0,0.3447,0,0,0,0,1,155,0,0
EVT003967,EMP0397,Executive,Chief Officer,High,1,86,PHISH007,Payroll Account Verification,Credential Phishing,Medium,Human Resources,T1566.002,0,0.2984,1,1,0,0,1,456,1,1
EVT003968,EMP0397,Executive,Chief Officer,High,1,86,PHISH008,QR Code Security Verification,QR Phishing,Hard,All,T1566.002,0,0.3057,1,0,0,0,1,180,0,0
EVT003969,EMP0397,Executive,Chief Officer,High,1,86,PHISH009,Resume Attachment,Malicious Attachment Simulation,Medium,Human Resources,T1566.001,0,0.3275,1,0,1,0,1,391,1,1
EVT003970,EMP0397,Executive,Chief Officer,High,1,86,PHISH010,IT Helpdesk Account Verification,Credential Phishing,Hard,All,T1566.002,0,0.2346,1,1,0,1,1,362,1,1
EVT003971,EMP0398,Finance,Accountant,High,1,82,PHISH001,Microsoft 365 Password Expiration,Credential Phishing,Easy,All,T1566.002,0,0.3178,1,0,0,0,1,439,0,0
EVT003972,EMP0398,Finance,Accountant,High,1,82,PHISH002,HR Benefits Update,Malicious Attachment Simulation,Medium,All,T1566.001,0,0.1097,1,0,0,0,1,368,0,0
EVT003973,EMP0398,Finance,Accountant,High,1,82,PHISH003,CEO Urgent Payment Request,Business Email Compromise,Hard,Finance,T1566,1,0.2967,1,0,0,0,1,198,0,0
EVT003974,EMP0398,Finance,Accountant,High,1,82,PHISH004,Package Delivery Notification,Link Phishing,Easy,All,T1566.002,0,0.2477,1,1,0,0,1,400,1,1
EVT003975,EMP0398,Finance,Accountant,High,1,82,PHISH005,Shared Cloud Document,Cloud Credential Phishing,Medium,All,T1566.003,0,0.3358,1,0,0,0,1,188,0,0
EVT003976,EMP0398,Finance,Accountant,High,1,82,PHISH006,Fake MFA Verification Request,Identity Phishing,Hard,Information Technology,T1566.002,0,0.3129,0,0,0,0,0,0,1,1
EVT003977,EMP0398,Finance,Accountant,High,1,82,PHISH007,Payroll Account Verification,Credential Phishing,Medium,Human Resources,T1566.002,0,0.2242,1,0,0,0,1,354,0,0
EVT003978,EMP0398,Finance,Accountant,High,1,82,PHISH008,QR Code Security Verification,QR Phishing,Hard,All,T1566.002,0,0.3069,0,0,0,0,1,242,1,1
EVT003979,EMP0398,Finance,Accountant,High,1,82,PHISH009,Resume Attachment,Malicious Attachment Simulation,Medium,Human Resources,T1566.001,0,0.2191,0,0,0,0,1,231,0,0
EVT003980,EMP0398,Finance,Accountant,High,1,82,PHISH010,IT Helpdesk Account Verification,Credential Phishing,Hard,All,T1566.002,0,0.2403,1,0,0,0,1,218,0,0
EVT003981,EMP0399,Marketing,Marketing Manager,Low,1,93,PHISH001,Microsoft 365 Password Expiration,Credential Phishing,Easy,All,T1566.002,0,0.2482,1,0,0,0,1,155,0,0
EVT003982,EMP0399,Marketing,Marketing Manager,Low,1,93,PHISH002,HR Benefits Update,Malicious Attachment Simulation,Medium,All,T1566.001,0,0.1087,0,0,0,0,0,0,0,0
EVT003983,EMP0399,Marketing,Marketing Manager,Low,1,93,PHISH003,CEO Urgent Payment Request,Business Email Compromise,Hard,Finance,T1566,0,0.1359,1,0,0,0,1,72,0,0
EVT003984,EMP0399,Marketing,Marketing Manager,Low,1,93,PHISH004,Package Delivery Notification,Link Phishing,Easy,All,T1566.002,0,0.1577,1,0,0,0,0,0,0,0
EVT003985,EMP0399,Marketing,Marketing Manager,Low,1,93,PHISH005,Shared Cloud Document,Cloud Credential Phishing,Medium,All,T1566.003,0,0.153,0,0,0,0,0,0,0,0
EVT003986,EMP0399,Marketing,Marketing Manager,Low,1,93,PHISH006,Fake MFA Verification Request,Identity Phishing,Hard,Information Technology,T1566.002,0,0.174,1,0,0,0,1,98,0,0
EVT003987,EMP0399,Marketing,Marketing Manager,Low,1,93,PHISH007,Payroll Account Verification,Credential Phishing,Medium,Human Resources,T1566.002,0,0.1372,1,0,0,0,1,343,0,0
EVT003988,EMP0399,Marketing,Marketing Manager,Low,1,93,PHISH008,QR Code Security Verification,QR Phishing,Hard,All,T1566.002,0,0.2524,0,0,0,0,1,513,1,1
EVT003989,EMP0399,Marketing,Marketing Manager,Low,1,93,PHISH009,Resume Attachment,Malicious Attachment Simulation,Medium,Human Resources,T1566.001,0,0.1967,1,0,0,0,0,0,0,0
EVT003990,EMP0399,Marketing,Marketing Manager,Low,1,93,PHISH010,IT Helpdesk Account Verification,Credential Phishing,Hard,All,T1566.002,0,0.1765,1,0,0,0,1,359,0,0
EVT003991,EMP0400,Executive,Chief Officer,Privileged,1,80,PHISH001,Microsoft 365 Password Expiration,Credential Phishing,Easy,All,T1566.002,0,0.3016,1,0,0,0,1,228,0,0
EVT003992,EMP0400,Executive,Chief Officer,Privileged,1,80,PHISH002,HR Benefits Update,Malicious Attachment Simulation,Medium,All,T1566.001,0,0.2986,1,0,0,0,0,0,0,0
EVT003993,EMP0400,Executive,Chief Officer,Privileged,1,80,PHISH003,CEO Urgent Payment Request,Business Email Compromise,Hard,Finance,T1566,0,0.2843,1,0,0,0,0,0,0,0
EVT003994,EMP0400,Executive,Chief Officer,Privileged,1,80,PHISH004,Package Delivery Notification,Link Phishing,Easy,All,T1566.002,0,0.4188,1,1,0,0,0,0,1,1
EVT003995,EMP0400,Executive,Chief Officer,Privileged,1,80,PHISH005,Shared Cloud Document,Cloud Credential Phishing,Medium,All,T1566.003,0,0.356,1,0,0,0,1,315,0,0
EVT003996,EMP0400,Executive,Chief Officer,Privileged,1,80,PHISH006,Fake MFA Verification Request,Identity Phishing,Hard,Information Technology,T1566.002,0,0.3966,1,1,0,1,0,0,1,1
EVT003997,EMP0400,Executive,Chief Officer,Privileged,1,80,PHISH007,Payroll Account Verification,Credential Phishing,Medium,Human Resources,T1566.002,0,0.3755,1,0,0,0,1,227,0,0
EVT003998,EMP0400,Executive,Chief Officer,Privileged,1,80,PHISH008,QR Code Security Verification,QR Phishing,Hard,All,T1566.002,0,0.4257,0,0,0,0,1,156,0,0
EVT003999,EMP0400,Executive,Chief Officer,Privileged,1,80,PHISH009,Resume Attachment,Malicious Attachment Simulation,Medium,Human Resources,T1566.001,0,0.3675,1,0,1,0,0,0,1,1
EVT004000,EMP0400,Executive,Chief Officer,Privileged,1,80,PHISH010,IT Helpdesk Account Verification,Credential Phishing,Hard,All,T1566.002,0,0.3254,1,0,0,0,1,369,0,0
EVT004001,EMP0401,Human Resources,HR Specialist,High,1,70,PHISH001,Microsoft 365 Password Expiration,Credential Phishing,Easy,All,T1566.002,0,0.2852,1,0,0,0,1,256,0,0
EVT004002,EMP0401,Human Resources,HR Specialist,High,1,70,PHISH002,HR Benefits Update,Malicious Attachment Simulation,Medium,All,T1566.001,0,0.3519,1,0,0,0,1,214,0,0
EVT004003,EMP0401,Human Resources,HR Specialist,High,1,70,PHISH003,CEO Urgent Payment Request,Business Email Compromise,Hard,Finance,T1566,0,0.3462,1,0,0,0,0,0,0,0
EVT004004,EMP0401,Human Resources,HR Specialist,High,1,70,PHISH004,Package Delivery Notification,Link Phishing,Easy,All,T1566.002,0,0.4095,1,1,0,0,0,0,1,1
EVT004005,EMP0401,Human Resources,HR Specialist,High,1,70,PHISH005,Shared Cloud Document,Cloud Credential Phishing,Medium,All,T1566.003,0,0.3701,0,0,0,0,0,0,0,0
EVT004006,EMP0401,Human Resources,HR Specialist,High,1,70,PHISH006,Fake MFA Verification Request,Identity Phishing,Hard,Information Technology,T1566.002,0,0.3526,1,0,0,0,1,395,0,0
EVT004007,EMP0401,Human Resources,HR Specialist,High,1,70,PHISH007,Payroll Account Verification,Credential Phishing,Medium,Human Resources,T1566.002,1,0.405,0,0,0,0,1,210,1,1
EVT004008,EMP0401,Human Resources,HR Specialist,High,1,70,PHISH008,QR Code Security Verification,QR Phishing,Hard,All,T1566.002,0,0.2566,1,1,0,0,1,99,1,1
EVT004009,EMP0401,Human Resources,HR Specialist,High,1,70,PHISH009,Resume Attachment,Malicious Attachment Simulation,Medium,Human Resources,T1566.001,1,0.4491,1,0,0,0,1,545,0,0
EVT004010,EMP0401,Human Resources,HR Specialist,High,1,70,PHISH010,IT Helpdesk Account Verification,Credential Phishing,Hard,All,T1566.002,0,0.3747,1,1,0,1,1,317,1,1
EVT004011,EMP0402,Information Technology,IT Support Analyst,Medium,1,72,PHISH001,Microsoft 365 Password Expiration,Credential Phishing,Easy,All,T1566.002,0,0.3968,1,1,0,0,0,0,1,1
EVT004012,EMP0402,Information Technology,IT Support Analyst,Medium,1,72,PHISH002,HR Benefits Update,Malicious Attachment Simulation,Medium,All,T1566.001,0,0.2931,1,0,0,0,1,411,0,0
EVT004013,EMP0402,Information Technology,IT Support Analyst,Medium,1,72,PHISH003,CEO Urgent Payment Request,Business Email Compromise,Hard,Finance,T1566,0,0.4113,0,0,0,0,1,82,1,1
EVT004014,EMP0402,Information Technology,IT Support Analyst,Medium,1,72,PHISH004,Package Delivery Notification,Link Phishing,Easy,All,T1566.002,0,0.2531,1,0,0,0,1,182,0,0
EVT004015,EMP0402,Information Technology,IT Support Analyst,Medium,1,72,PHISH005,Shared Cloud Document,Cloud Credential Phishing,Medium,All,T1566.003,0,0.2796,1,0,0,0,1,50,0,0
EVT004016,EMP0402,Information Technology,IT Support Analyst,Medium,1,72,PHISH006,Fake MFA Verification Request,Identity Phishing,Hard,Information Technology,T1566.002,1,0.2623,1,0,0,0,1,234,0,0
EVT004017,EMP0402,Information Technology,IT Support Analyst,Medium,1,72,PHISH007,Payroll Account Verification,Credential Phishing,Medium,Human Resources,T1566.002,0,0.22,0,0,0,0,0,0,0,0
EVT004018,EMP0402,Information Technology,IT Support Analyst,Medium,1,72,PHISH008,QR Code Security Verification,QR Phishing,Hard,All,T1566.002,0,0.2737,1,0,0,0,1,251,0,0
EVT004019,EMP0402,Information Technology,IT Support Analyst,Medium,1,72,PHISH009,Resume Attachment,Malicious Attachment Simulation,Medium,Human Resources,T1566.001,0,0.3373,1,0,0,0,1,387,0,0
EVT004020,EMP0402,Information Technology,IT Support Analyst,Medium,1,72,PHISH010,IT Helpdesk Account Verification,Credential Phishing,Hard,All,T1566.002,0,0.3215,1,0,0,0,1,127,0,0
EVT004021,EMP0403,Operations,Operations Manager,Medium,1,84,PHISH001,Microsoft 365 Password Expiration,Credential Phishing,Easy,All,T1566.002,0,0.2015,1,0,0,0,1,265,0,0
EVT004022,EMP0403,Operations,Operations Manager,Medium,1,84,PHISH002,HR Benefits Update,Malicious Attachment Simulation,Medium,All,T1566.001,0,0.209,1,0,0,0,1,395,0,0
EVT004023,EMP0403,Operations,Operations Manager,Medium,1,84,PHISH003,CEO Urgent Payment Request,Business Email Compromise,Hard,Finance,T1566,0,0.2751,0,0,0,0,0,0,1,1
EVT004024,EMP0403,Operations,Operations Manager,Medium,1,84,PHISH004,Package Delivery Notification,Link Phishing,Easy,All,T1566.002,0,0.2756,1,0,0,0,1,67,0,0
EVT004025,EMP0403,Operations,Operations Manager,Medium,1,84,PHISH005,Shared Cloud Document,Cloud Credential Phishing,Medium,All,T1566.003,0,0.2118,1,0,0,0,1,134,0,0
EVT004026,EMP0403,Operations,Operations Manager,Medium,1,84,PHISH006,Fake MFA Verification Request,Identity Phishing,Hard,Information Technology,T1566.002,0,0.2068,1,0,0,0,0,0,0,0
EVT004027,EMP0403,Operations,Operations Manager,Medium,1,84,PHISH007,Payroll Account Verification,Credential Phishing,Medium,Human Resources,T1566.002,0,0.2507,1,0,0,0,1,280,0,0
EVT004028,EMP0403,Operations,Operations Manager,Medium,1,84,PHISH008,QR Code Security Verification,QR Phishing,Hard,All,T1566.002,0,0.2144,1,0,0,0,1,51,0,0
EVT004029,EMP0403,Operations,Operations Manager,Medium,1,84,PHISH009,Resume Attachment,Malicious Attachment Simulation,Medium,Human Resources,T1566.001,0,0.2557,1,0,1,0,0,0,1,1
EVT004030,EMP0403,Operations,Operations Manager,Medium,1,84,PHISH010,IT Helpdesk Account Verification,Credential Phishing,Hard,All,T1566.002,0,0.3552,1,0,0,0,1,213,0,0
EVT004031,EMP0404,Marketing,Marketing Manager,Medium,1,71,PHISH001,Microsoft 365 Password Expiration,Credential Phishing,Easy,All,T1566.002,0,0.187,0,0,0,0,0,0,0,0
EVT004032,EMP0404,Marketing,Marketing Manager,Medium,1,71,PHISH002,HR Benefits Update,Malicious Attachment Simulation,Medium,All,T1566.001,0,0.3131,1,0,0,0,1,256,0,0
EVT004033,EMP0404,Marketing,Marketing Manager,Medium,1,71,PHISH003,CEO Urgent Payment Request,Business Email Compromise,Hard,Finance,T1566,0,0.2025,0,0,0,0,0,0,1,1
EVT004034,EMP0404,Marketing,Marketing Manager,Medium,1,71,PHISH004,Package Delivery Notification,Link Phishing,Easy,All,T1566.002,0,0.1985,0,0,0,0,0,0,0,0
EVT004035,EMP0404,Marketing,Marketing Manager,Medium,1,71,PHISH005,Shared Cloud Document,Cloud Credential Phishing,Medium,All,T1566.003,0,0.1203,1,1,0,0,0,0,1,1
EVT004036,EMP0404,Marketing,Marketing Manager,Medium,1,71,PHISH006,Fake MFA Verification Request,Identity Phishing,Hard,Information Technology,T1566.002,0,0.2481,1,0,0,0,0,0,0,0
EVT004037,EMP0404,Marketing,Marketing Manager,Medium,1,71,PHISH007,Payroll Account Verification,Credential Phishing,Medium,Human Resources,T1566.002,0,0.1759,1,1,0,1,1,381,1,1
EVT004038,EMP0404,Marketing,Marketing Manager,Medium,1,71,PHISH008,QR Code Security Verification,QR Phishing,Hard,All,T1566.002,0,0.3003,1,0,0,0,0,0,0,0
EVT004039,EMP0404,Marketing,Marketing Manager,Medium,1,71,PHISH009,Resume Attachment,Malicious Attachment Simulation,Medium,Human Resources,T1566.001,0,0.2884,1,0,0,0,1,946,0,0
EVT004040,EMP0404,Marketing,Marketing Manager,Medium,1,71,PHISH010,IT Helpdesk Account Verification,Credential Phishing,Hard,All,T1566.002,0,0.1742,1,0,0,0,1,243,0,0
EVT004041,EMP0405,Executive,Chief Officer,Privileged,1,78,PHISH001,Microsoft 365 Password Expiration,Credential Phishing,Easy,All,T1566.002,0,0.3204,1,0,0,0,1,284,0,0
EVT004042,EMP0405,Executive,Chief Officer,Privileged,1,78,PHISH002,HR Benefits Update,Malicious Attachment Simulation,Medium,All,T1566.001,0,0.1979,1,0,0,0,1,924,0,0
EVT004043,EMP0405,Executive,Chief Officer,Privileged,1,78,PHISH003,CEO Urgent Payment Request,Business Email Compromise,Hard,Finance,T1566,0,0.277,0,0,0,0,1,234,0,0
EVT004044,EMP0405,Executive,Chief Officer,Privileged,1,78,PHISH004,Package Delivery Notification,Link Phishing,Easy,All,T1566.002,0,0.3151,1,0,0,0,1,79,0,0
EVT004045,EMP0405,Executive,Chief Officer,Privileged,1,78,PHISH005,Shared Cloud Document,Cloud Credential Phishing,Medium,All,T1566.003,0,0.1999,1,0,0,0,0,0,0,0
EVT004046,EMP0405,Executive,Chief Officer,Privileged,1,78,PHISH006,Fake MFA Verification Request,Identity Phishing,Hard,Information Technology,T1566.002,0,0.2244,1,0,0,0,1,322,0,0
EVT004047,EMP0405,Executive,Chief Officer,Privileged,1,78,PHISH007,Payroll Account Verification,Credential Phishing,Medium,Human Resources,T1566.002,0,0.2255,0,0,0,0,1,236,0,0
EVT004048,EMP0405,Executive,Chief Officer,Privileged,1,78,PHISH008,QR Code Security Verification,QR Phishing,Hard,All,T1566.002,0,0.0923,1,0,0,0,1,493,0,0
EVT004049,EMP0405,Executive,Chief Officer,Privileged,1,78,PHISH009,Resume Attachment,Malicious Attachment Simulation,Medium,Human Resources,T1566.001,0,0.137,1,0,0,0,1,86,0,0
EVT004050,EMP0405,Executive,Chief Officer,Privileged,1,78,PHISH010,IT Helpdesk Account Verification,Credential Phishing,Hard,All,T1566.002,0,0.2653,1,0,0,0,1,425,0,0
EVT004051,EMP0406,Human Resources,HR Manager,Medium,1,79,PHISH001,Microsoft 365 Password Expiration,Credential Phishing,Easy,All,T1566.002,0,0.2404,0,0,0,0,1,407,0,0
EVT004052,EMP0406,Human Resources,HR Manager,Medium,1,79,PHISH002,HR Benefits Update,Malicious Attachment Simulation,Medium,All,T1566.001,0,0.1552,1,0,0,0,0,0,0,0
EVT004053,EMP0406,Human Resources,HR Manager,Medium,1,79,PHISH003,CEO Urgent Payment Request,Business Email Compromise,Hard,Finance,T1566,0,0.2743,0,0,0,0,0,0,0,0
EVT004054,EMP0406,Human Resources,HR Manager,Medium,1,79,PHISH004,Package Delivery Notification,Link Phishing,Easy,All,T1566.002,0,0.24,0,0,0,0,1,339,1,1
EVT004055,EMP0406,Human Resources,HR Manager,Medium,1,79,PHISH005,Shared Cloud Document,Cloud Credential Phishing,Medium,All,T1566.003,0,0.221,1,1,0,1,0,0,1,1
EVT004056,EMP0406,Human Resources,HR Manager,Medium,1,79,PHISH006,Fake MFA Verification Request,Identity Phishing,Hard,Information Technology,T1566.002,0,0.2651,0,0,0,0,0,0,0,0
EVT004057,EMP0406,Human Resources,HR Manager,Medium,1,79,PHISH007,Payroll Account Verification,Credential Phishing,Medium,Human Resources,T1566.002,1,0.2513,1,0,0,0,1,271,0,0
EVT004058,EMP0406,Human Resources,HR Manager,Medium,1,79,PHISH008,QR Code Security Verification,QR Phishing,Hard,All,T1566.002,0,0.2283,1,0,0,0,1,948,0,0
EVT004059,EMP0406,Human Resources,HR Manager,Medium,1,79,PHISH009,Resume Attachment,Malicious Attachment Simulation,Medium,Human Resources,T1566.001,1,0.326,1,0,0,0,0,0,0,0
EVT004060,EMP0406,Human Resources,HR Manager,Medium,1,79,PHISH010,IT Helpdesk Account Verification,Credential Phishing,Hard,All,T1566.002,0,0.1984,0,0,0,0,0,0,0,0
EVT004061,EMP0407,Sales,Account Executive,Medium,0,74,PHISH001,Microsoft 365 Password Expiration,Credential Phishing,Easy,All,T1566.002,0,0.3777,1,1,0,1,0,0,1,1
EVT004062,EMP0407,Sales,Account Executive,Medium,0,74,PHISH002,HR Benefits Update,Malicious Attachment Simulation,Medium,All,T1566.001,0,0.4054,1,0,0,0,1,186,0,0
EVT004063,EMP0407,Sales,Account Executive,Medium,0,74,PHISH003,CEO Urgent Payment Request,Business Email Compromise,Hard,Finance,T1566,0,0.3813,1,0,0,0,0,0,1,1
EVT004064,EMP0407,Sales,Account Executive,Medium,0,74,PHISH004,Package Delivery Notification,Link Phishing,Easy,All,T1566.002,0,0.4534,1,0,0,0,0,0,0,0
EVT004065,EMP0407,Sales,Account Executive,Medium,0,74,PHISH005,Shared Cloud Document,Cloud Credential Phishing,Medium,All,T1566.003,0,0.467,0,0,0,0,1,145,1,1
EVT004066,EMP0407,Sales,Account Executive,Medium,0,74,PHISH006,Fake MFA Verification Request,Identity Phishing,Hard,Information Technology,T1566.002,0,0.3673,0,0,0,0,0,0,0,0
EVT004067,EMP0407,Sales,Account Executive,Medium,0,74,PHISH007,Payroll Account Verification,Credential Phishing,Medium,Human Resources,T1566.002,0,0.4402,1,0,0,0,0,0,0,0
EVT004068,EMP0407,Sales,Account Executive,Medium,0,74,PHISH008,QR Code Security Verification,QR Phishing,Hard,All,T1566.002,0,0.5712,1,1,0,0,0,0,1,1
EVT004069,EMP0407,Sales,Account Executive,Medium,0,74,PHISH009,Resume Attachment,Malicious Attachment Simulation,Medium,Human Resources,T1566.001,0,0.4767,1,0,1,0,0,0,1,1
EVT004070,EMP0407,Sales,Account Executive,Medium,0,74,PHISH010,IT Helpdesk Account Verification,Credential Phishing,Hard,All,T1566.002,0,0.4296,1,0,0,0,0,0,0,0
EVT004071,EMP0408,Sales,Account Executive,Medium,1,57,PHISH001,Microsoft 365 Password Expiration,Credential Phishing,Easy,All,T1566.002,0,0.3252,1,0,0,0,1,122,0,0
EVT004072,EMP0408,Sales,Account Executive,Medium,1,57,PHISH002,HR Benefits Update,Malicious Attachment Simulation,Medium,All,T1566.001,0,0.2274,1,0,0,0,1,249,0,0
EVT004073,EMP0408,Sales,Account Executive,Medium,1,57,PHISH003,CEO Urgent Payment Request,Business Email Compromise,Hard,Finance,T1566,0,0.3054,0,0,0,0,0,0,1,1
EVT004074,EMP0408,Sales,Account Executive,Medium,1,57,PHISH004,Package Delivery Notification,Link Phishing,Easy,All,T1566.002,0,0.2824,1,0,0,0,0,0,0,0
EVT004075,EMP0408,Sales,Account Executive,Medium,1,57,PHISH005,Shared Cloud Document,Cloud Credential Phishing,Medium,All,T1566.003,0,0.4174,1,1,0,1,0,0,1,1
EVT004076,EMP0408,Sales,Account Executive,Medium,1,57,PHISH006,Fake MFA Verification Request,Identity Phishing,Hard,Information Technology,T1566.002,0,0.2646,1,0,0,0,0,0,0,0
EVT004077,EMP0408,Sales,Account Executive,Medium,1,57,PHISH007,Payroll Account Verification,Credential Phishing,Medium,Human Resources,T1566.002,0,0.1736,1,0,0,0,1,325,0,0
EVT004078,EMP0408,Sales,Account Executive,Medium,1,57,PHISH008,QR Code Security Verification,QR Phishing,Hard,All,T1566.002,0,0.3071,1,1,0,0,1,107,1,1
EVT004079,EMP0408,Sales,Account Executive,Medium,1,57,PHISH009,Resume Attachment,Malicious Attachment Simulation,Medium,Human Resources,T1566.001,0,0.398,1,0,0,0,1,385,0,0
EVT004080,EMP0408,Sales,Account Executive,Medium,1,57,PHISH010,IT Helpdesk Account Verification,Credential Phishing,Hard,All,T1566.002,0,0.21,1,0,0,0,0,0,0,0
EVT004081,EMP0409,Executive,Vice President,Privileged,1,63,PHISH001,Microsoft 365 Password Expiration,Credential Phishing,Easy,All,T1566.002,0,0.3346,1,0,0,0,0,0,0,0
EVT004082,EMP0409,Executive,Vice President,Privileged,1,63,PHISH002,HR Benefits Update,Malicious Attachment Simulation,Medium,All,T1566.001,0,0.373,1,0,0,0,0,0,0,0
EVT004083,EMP0409,Executive,Vice President,Privileged,1,63,PHISH003,CEO Urgent Payment Request,Business Email Compromise,Hard,Finance,T1566,0,0.4863,0,0,0,0,1,226,1,1
EVT004084,EMP0409,Executive,Vice President,Privileged,1,63,PHISH004,Package Delivery Notification,Link Phishing,Easy,All,T1566.002,0,0.3209,1,1,0,0,1,325,1,1
EVT004085,EMP0409,Executive,Vice President,Privileged,1,63,PHISH005,Shared Cloud Document,Cloud Credential Phishing,Medium,All,T1566.003,0,0.5104,0,0,0,0,0,0,0,0
EVT004086,EMP0409,Executive,Vice President,Privileged,1,63,PHISH006,Fake MFA Verification Request,Identity Phishing,Hard,Information Technology,T1566.002,0,0.3729,0,0,0,0,1,506,0,0
EVT004087,EMP0409,Executive,Vice President,Privileged,1,63,PHISH007,Payroll Account Verification,Credential Phishing,Medium,Human Resources,T1566.002,0,0.3148,1,0,0,0,0,0,0,0
EVT004088,EMP0409,Executive,Vice President,Privileged,1,63,PHISH008,QR Code Security Verification,QR Phishing,Hard,All,T1566.002,0,0.4311,0,0,0,0,0,0,0,0
EVT004089,EMP0409,Executive,Vice President,Privileged,1,63,PHISH009,Resume Attachment,Malicious Attachment Simulation,Medium,Human Resources,T1566.001,0,0.3865,1,0,0,0,1,376,0,0
EVT004090,EMP0409,Executive,Vice President,Privileged,1,63,PHISH010,IT Helpdesk Account Verification,Credential Phishing,Hard,All,T1566.002,0,0.4963,1,0,0,0,1,81,0,0
EVT004091,EMP0410,Human Resources,Recruiter,High,0,60,PHISH001,Microsoft 365 Password Expiration,Credential Phishing,Easy,All,T1566.002,0,0.3804,1,1,0,1,1,346,1,1
EVT004092,EMP0410,Human Resources,Recruiter,High,0,60,PHISH002,HR Benefits Update,Malicious Attachment Simulation,Medium,All,T1566.001,0,0.4059,1,0,1,0,0,0,1,1
EVT004093,EMP0410,Human Resources,Recruiter,High,0,60,PHISH003,CEO Urgent Payment Request,Business Email Compromise,Hard,Finance,T1566,0,0.4573,1,0,0,0,1,401,0,0
EVT004094,EMP0410,Human Resources,Recruiter,High,0,60,PHISH004,Package Delivery Notification,Link Phishing,Easy,All,T1566.002,0,0.6092,1,0,0,0,1,172,0,0
EVT004095,EMP0410,Human Resources,Recruiter,High,0,60,PHISH005,Shared Cloud Document,Cloud Credential Phishing,Medium,All,T1566.003,0,0.5445,1,1,0,1,0,0,1,1
EVT004096,EMP0410,Human Resources,Recruiter,High,0,60,PHISH006,Fake MFA Verification Request,Identity Phishing,Hard,Information Technology,T1566.002,0,0.4882,1,0,0,0,1,625,0,0
EVT004097,EMP0410,Human Resources,Recruiter,High,0,60,PHISH007,Payroll Account Verification,Credential Phishing,Medium,Human Resources,T1566.002,1,0.4563,1,1,0,0,0,0,1,1
EVT004098,EMP0410,Human Resources,Recruiter,High,0,60,PHISH008,QR Code Security Verification,QR Phishing,Hard,All,T1566.002,0,0.5098,1,0,0,0,0,0,0,0
EVT004099,EMP0410,Human Resources,Recruiter,High,0,60,PHISH009,Resume Attachment,Malicious Attachment Simulation,Medium,Human Resources,T1566.001,1,0.493,1,0,1,0,1,492,1,1
EVT004100,EMP0410,Human Resources,Recruiter,High,0,60,PHISH010,IT Helpdesk Account Verification,Credential Phishing,Hard,All,T1566.002,0,0.4767,1,1,0,1,0,0,1,1
EVT004101,EMP0411,Legal,Legal Manager,High,1,98,PHISH001,Microsoft 365 Password Expiration,Credential Phishing,Easy,All,T1566.002,0,0.2612,0,0,0,0,1,152,0,0
EVT004102,EMP0411,Legal,Legal Manager,High,1,98,PHISH002,HR Benefits Update,Malicious Attachment Simulation,Medium,All,T1566.001,0,0.3,0,0,0,0,1,727,0,0
EVT004103,EMP0411,Legal,Legal Manager,High,1,98,PHISH003,CEO Urgent Payment Request,Business Email Compromise,Hard,Finance,T1566,0,0.2315,1,0,0,0,0,0,0,0
EVT004104,EMP0411,Legal,Legal Manager,High,1,98,PHISH004,Package Delivery Notification,Link Phishing,Easy,All,T1566.002,0,0.2031,1,1,0,0,1,278,1,1
EVT004105,EMP0411,Legal,Legal Manager,High,1,98,PHISH005,Shared Cloud Document,Cloud Credential Phishing,Medium,All,T1566.003,0,0.2882,1,0,0,0,1,115,0,0
EVT004106,EMP0411,Legal,Legal Manager,High,1,98,PHISH006,Fake MFA Verification Request,Identity Phishing,Hard,Information Technology,T1566.002,0,0.3303,1,0,0,0,0,0,0,0
EVT004107,EMP0411,Legal,Legal Manager,High,1,98,PHISH007,Payroll Account Verification,Credential Phishing,Medium,Human Resources,T1566.002,0,0.2066,1,0,0,0,1,244,0,0
EVT004108,EMP0411,Legal,Legal Manager,High,1,98,PHISH008,QR Code Security Verification,QR Phishing,Hard,All,T1566.002,0,0.2676,1,1,0,0,1,91,1,1
EVT004109,EMP0411,Legal,Legal Manager,High,1,98,PHISH009,Resume Attachment,Malicious Attachment Simulation,Medium,Human Resources,T1566.001,0,0.2663,1,0,0,0,0,0,0,0
EVT004110,EMP0411,Legal,Legal Manager,High,1,98,PHISH010,IT Helpdesk Account Verification,Credential Phishing,Hard,All,T1566.002,0,0.2189,0,0,0,0,0,0,1,1
EVT004111,EMP0412,Legal,Legal Assistant,High,1,72,PHISH001,Microsoft 365 Password Expiration,Credential Phishing,Easy,All,T1566.002,0,0.2952,1,0,0,0,1,197,0,0
EVT004112,EMP0412,Legal,Legal Assistant,High,1,72,PHISH002,HR Benefits Update,Malicious Attachment Simulation,Medium,All,T1566.001,0,0.2342,1,0,1,0,1,114,1,1
EVT004113,EMP0412,Legal,Legal Assistant,High,1,72,PHISH003,CEO Urgent Payment Request,Business Email Compromise,Hard,Finance,T1566,0,0.3361,1,0,0,0,0,0,1,1
EVT004114,EMP0412,Legal,Legal Assistant,High,1,72,PHISH004,Package Delivery Notification,Link Phishing,Easy,All,T1566.002,0,0.2917,1,0,0,0,1,274,0,0
EVT004115,EMP0412,Legal,Legal Assistant,High,1,72,PHISH005,Shared Cloud Document,Cloud Credential Phishing,Medium,All,T1566.003,0,0.3388,1,0,0,0,1,412,0,0
EVT004116,EMP0412,Legal,Legal Assistant,High,1,72,PHISH006,Fake MFA Verification Request,Identity Phishing,Hard,Information Technology,T1566.002,0,0.3237,1,0,0,0,1,420,0,0
EVT004117,EMP0412,Legal,Legal Assistant,High,1,72,PHISH007,Payroll Account Verification,Credential Phishing,Medium,Human Resources,T1566.002,0,0.3602,1,1,0,1,0,0,1,1
EVT004118,EMP0412,Legal,Legal Assistant,High,1,72,PHISH008,QR Code Security Verification,QR Phishing,Hard,All,T1566.002,0,0.3718,1,0,0,0,0,0,0,0
EVT004119,EMP0412,Legal,Legal Assistant,High,1,72,PHISH009,Resume Attachment,Malicious Attachment Simulation,Medium,Human Resources,T1566.001,0,0.3486,0,0,0,0,0,0,0,0
EVT004120,EMP0412,Legal,Legal Assistant,High,1,72,PHISH010,IT Helpdesk Account Verification,Credential Phishing,Hard,All,T1566.002,0,0.3756,1,0,0,0,1,134,0,0
EVT004121,EMP0413,Human Resources,HR Specialist,Medium,1,85,PHISH001,Microsoft 365 Password Expiration,Credential Phishing,Easy,All,T1566.002,0,0.2565,1,1,0,1,0,0,1,1
EVT004122,EMP0413,Human Resources,HR Specialist,Medium,1,85,PHISH002,HR Benefits Update,Malicious Attachment Simulation,Medium,All,T1566.001,0,0.2403,1,0,0,0,1,172,0,0
EVT004123,EMP0413,Human Resources,HR Specialist,Medium,1,85,PHISH003,CEO Urgent Payment Request,Business Email Compromise,Hard,Finance,T1566,0,0.1928,1,0,0,0,1,84,0,0
EVT004124,EMP0413,Human Resources,HR Specialist,Medium,1,85,PHISH004,Package Delivery Notification,Link Phishing,Easy,All,T1566.002,0,0.232,0,0,0,0,1,58,0,0
EVT004125,EMP0413,Human Resources,HR Specialist,Medium,1,85,PHISH005,Shared Cloud Document,Cloud Credential Phishing,Medium,All,T1566.003,0,0.213,1,0,0,0,1,175,0,0
EVT004126,EMP0413,Human Resources,HR Specialist,Medium,1,85,PHISH006,Fake MFA Verification Request,Identity Phishing,Hard,Information Technology,T1566.002,0,0.1407,1,1,0,1,0,0,1,1
EVT004127,EMP0413,Human Resources,HR Specialist,Medium,1,85,PHISH007,Payroll Account Verification,Credential Phishing,Medium,Human Resources,T1566.002,1,0.3176,1,0,0,0,1,570,0,0
EVT004128,EMP0413,Human Resources,HR Specialist,Medium,1,85,PHISH008,QR Code Security Verification,QR Phishing,Hard,All,T1566.002,0,0.1977,1,1,0,0,0,0,1,1
EVT004129,EMP0413,Human Resources,HR Specialist,Medium,1,85,PHISH009,Resume Attachment,Malicious Attachment Simulation,Medium,Human Resources,T1566.001,1,0.3052,1,0,1,0,0,0,1,1
EVT004130,EMP0413,Human Resources,HR Specialist,Medium,1,85,PHISH010,IT Helpdesk Account Verification,Credential Phishing,Hard,All,T1566.002,0,0.4359,1,0,0,0,1,99,0,0
EVT004131,EMP0414,Human Resources,Recruiter,Medium,1,59,PHISH001,Microsoft 365 Password Expiration,Credential Phishing,Easy,All,T1566.002,0,0.3169,1,0,0,0,0,0,0,0
EVT004132,EMP0414,Human Resources,Recruiter,Medium,1,59,PHISH002,HR Benefits Update,Malicious Attachment Simulation,Medium,All,T1566.001,0,0.3097,0,0,0,0,0,0,1,1
EVT004133,EMP0414,Human Resources,Recruiter,Medium,1,59,PHISH003,CEO Urgent Payment Request,Business Email Compromise,Hard,Finance,T1566,0,0.3308,0,0,0,0,1,194,1,1
EVT004134,EMP0414,Human Resources,Recruiter,Medium,1,59,PHISH004,Package Delivery Notification,Link Phishing,Easy,All,T1566.002,0,0.3081,1,0,0,0,1,157,0,0
EVT004135,EMP0414,Human Resources,Recruiter,Medium,1,59,PHISH005,Shared Cloud Document,Cloud Credential Phishing,Medium,All,T1566.003,0,0.2841,1,0,0,0,0,0,0,0
EVT004136,EMP0414,Human Resources,Recruiter,Medium,1,59,PHISH006,Fake MFA Verification Request,Identity Phishing,Hard,Information Technology,T1566.002,0,0.2576,1,0,0,0,1,186,0,0
EVT004137,EMP0414,Human Resources,Recruiter,Medium,1,59,PHISH007,Payroll Account Verification,Credential Phishing,Medium,Human Resources,T1566.002,1,0.4535,0,0,0,0,0,0,1,1
EVT004138,EMP0414,Human Resources,Recruiter,Medium,1,59,PHISH008,QR Code Security Verification,QR Phishing,Hard,All,T1566.002,0,0.4476,1,0,0,0,0,0,0,0
EVT004139,EMP0414,Human Resources,Recruiter,Medium,1,59,PHISH009,Resume Attachment,Malicious Attachment Simulation,Medium,Human Resources,T1566.001,1,0.4587,1,0,0,0,1,143,0,0
EVT004140,EMP0414,Human Resources,Recruiter,Medium,1,59,PHISH010,IT Helpdesk Account Verification,Credential Phishing,Hard,All,T1566.002,0,0.453,1,1,0,1,0,0,1,1
EVT004141,EMP0415,Legal,Legal Assistant,Medium,1,70,PHISH001,Microsoft 365 Password Expiration,Credential Phishing,Easy,All,T1566.002,0,0.4173,0,0,0,0,1,196,0,0
EVT004142,EMP0415,Legal,Legal Assistant,Medium,1,70,PHISH002,HR Benefits Update,Malicious Attachment Simulation,Medium,All,T1566.001,0,0.3587,1,0,1,0,0,0,1,1
EVT004143,EMP0415,Legal,Legal Assistant,Medium,1,70,PHISH003,CEO Urgent Payment Request,Business Email Compromise,Hard,Finance,T1566,0,0.4549,1,0,0,0,1,223,0,0
EVT004144,EMP0415,Legal,Legal Assistant,Medium,1,70,PHISH004,Package Delivery Notification,Link Phishing,Easy,All,T1566.002,0,0.2341,1,0,0,0,0,0,0,0
EVT004145,EMP0415,Legal,Legal Assistant,Medium,1,70,PHISH005,Shared Cloud Document,Cloud Credential Phishing,Medium,All,T1566.003,0,0.3301,1,1,0,0,0,0,1,1
EVT004146,EMP0415,Legal,Legal Assistant,Medium,1,70,PHISH006,Fake MFA Verification Request,Identity Phishing,Hard,Information Technology,T1566.002,0,0.3337,1,1,0,0,1,457,1,1
EVT004147,EMP0415,Legal,Legal Assistant,Medium,1,70,PHISH007,Payroll Account Verification,Credential Phishing,Medium,Human Resources,T1566.002,0,0.2774,1,0,0,0,1,168,0,0
EVT004148,EMP0415,Legal,Legal Assistant,Medium,1,70,PHISH008,QR Code Security Verification,QR Phishing,Hard,All,T1566.002,0,0.341,1,1,0,0,1,412,1,1
EVT004149,EMP0415,Legal,Legal Assistant,Medium,1,70,PHISH009,Resume Attachment,Malicious Attachment Simulation,Medium,Human Resources,T1566.001,0,0.2058,1,0,0,0,0,0,0,0
EVT004150,EMP0415,Legal,Legal Assistant,Medium,1,70,PHISH010,IT Helpdesk Account Verification,Credential Phishing,Hard,All,T1566.002,0,0.2935,1,0,0,0,0,0,0,0
EVT004151,EMP0416,Legal,Legal Manager,Medium,1,82,PHISH001,Microsoft 365 Password Expiration,Credential Phishing,Easy,All,T1566.002,0,0.4081,1,1,0,1,0,0,1,1
EVT004152,EMP0416,Legal,Legal Manager,Medium,1,82,PHISH002,HR Benefits Update,Malicious Attachment Simulation,Medium,All,T1566.001,0,0.395,1,0,1,0,0,0,1,1
EVT004153,EMP0416,Legal,Legal Manager,Medium,1,82,PHISH003,CEO Urgent Payment Request,Business Email Compromise,Hard,Finance,T1566,0,0.3403,0,0,0,0,1,89,0,0
EVT004154,EMP0416,Legal,Legal Manager,Medium,1,82,PHISH004,Package Delivery Notification,Link Phishing,Easy,All,T1566.002,0,0.3778,1,0,0,0,0,0,0,0
EVT004155,EMP0416,Legal,Legal Manager,Medium,1,82,PHISH005,Shared Cloud Document,Cloud Credential Phishing,Medium,All,T1566.003,0,0.3956,1,1,0,1,0,0,1,1
EVT004156,EMP0416,Legal,Legal Manager,Medium,1,82,PHISH006,Fake MFA Verification Request,Identity Phishing,Hard,Information Technology,T1566.002,0,0.3959,1,0,0,0,0,0,0,0
EVT004157,EMP0416,Legal,Legal Manager,Medium,1,82,PHISH007,Payroll Account Verification,Credential Phishing,Medium,Human Resources,T1566.002,0,0.3752,0,0,0,0,0,0,1,1
EVT004158,EMP0416,Legal,Legal Manager,Medium,1,82,PHISH008,QR Code Security Verification,QR Phishing,Hard,All,T1566.002,0,0.3319,0,0,0,0,1,185,0,0
EVT004159,EMP0416,Legal,Legal Manager,Medium,1,82,PHISH009,Resume Attachment,Malicious Attachment Simulation,Medium,Human Resources,T1566.001,0,0.4216,1,0,0,0,1,526,0,0
EVT004160,EMP0416,Legal,Legal Manager,Medium,1,82,PHISH010,IT Helpdesk Account Verification,Credential Phishing,Hard,All,T1566.002,0,0.3941,1,1,0,1,1,144,1,1
EVT004161,EMP0417,Marketing,Digital Marketing Analyst,Medium,1,77,PHISH001,Microsoft 365 Password Expiration,Credential Phishing,Easy,All,T1566.002,0,0.3343,0,0,0,0,0,0,0,0
EVT004162,EMP0417,Marketing,Digital Marketing Analyst,Medium,1,77,PHISH002,HR Benefits Update,Malicious Attachment Simulation,Medium,All,T1566.001,0,0.2366,1,0,0,0,1,269,0,0
EVT004163,EMP0417,Marketing,Digital Marketing Analyst,Medium,1,77,PHISH003,CEO Urgent Payment Request,Business Email Compromise,Hard,Finance,T1566,0,0.2377,1,0,0,0,1,139,0,0
EVT004164,EMP0417,Marketing,Digital Marketing Analyst,Medium,1,77,PHISH004,Package Delivery Notification,Link Phishing,Easy,All,T1566.002,0,0.327,1,0,0,0,1,312,0,0
EVT004165,EMP0417,Marketing,Digital Marketing Analyst,Medium,1,77,PHISH005,Shared Cloud Document,Cloud Credential Phishing,Medium,All,T1566.003,0,0.3176,0,0,0,0,1,273,1,1
EVT004166,EMP0417,Marketing,Digital Marketing Analyst,Medium,1,77,PHISH006,Fake MFA Verification Request,Identity Phishing,Hard,Information Technology,T1566.002,0,0.37,0,0,0,0,0,0,1,1
EVT004167,EMP0417,Marketing,Digital Marketing Analyst,Medium,1,77,PHISH007,Payroll Account Verification,Credential Phishing,Medium,Human Resources,T1566.002,0,0.415,1,0,0,0,0,0,0,0
EVT004168,EMP0417,Marketing,Digital Marketing Analyst,Medium,1,77,PHISH008,QR Code Security Verification,QR Phishing,Hard,All,T1566.002,0,0.4158,1,0,0,0,1,505,0,0
EVT004169,EMP0417,Marketing,Digital Marketing Analyst,Medium,1,77,PHISH009,Resume Attachment,Malicious Attachment Simulation,Medium,Human Resources,T1566.001,0,0.2914,1,0,0,0,1,264,0,0
EVT004170,EMP0417,Marketing,Digital Marketing Analyst,Medium,1,77,PHISH010,IT Helpdesk Account Verification,Credential Phishing,Hard,All,T1566.002,0,0.3453,1,0,0,0,1,175,0,0
EVT004171,EMP0418,Finance,Accountant,High,1,92,PHISH001,Microsoft 365 Password Expiration,Credential Phishing,Easy,All,T1566.002,0,0.1589,1,0,0,0,1,266,0,0
EVT004172,EMP0418,Finance,Accountant,High,1,92,PHISH002,HR Benefits Update,Malicious Attachment Simulation,Medium,All,T1566.001,0,0.0999,1,0,0,0,0,0,0,0
EVT004173,EMP0418,Finance,Accountant,High,1,92,PHISH003,CEO Urgent Payment Request,Business Email Compromise,Hard,Finance,T1566,1,0.2361,1,0,0,0,0,0,0,0
EVT004174,EMP0418,Finance,Accountant,High,1,92,PHISH004,Package Delivery Notification,Link Phishing,Easy,All,T1566.002,0,0.1545,0,0,0,0,1,201,0,0
EVT004175,EMP0418,Finance,Accountant,High,1,92,PHISH005,Shared Cloud Document,Cloud Credential Phishing,Medium,All,T1566.003,0,0.1516,0,0,0,0,1,199,1,1
EVT004176,EMP0418,Finance,Accountant,High,1,92,PHISH006,Fake MFA Verification Request,Identity Phishing,Hard,Information Technology,T1566.002,0,0.1633,1,0,0,0,1,336,0,0
EVT004177,EMP0418,Finance,Accountant,High,1,92,PHISH007,Payroll Account Verification,Credential Phishing,Medium,Human Resources,T1566.002,0,0.1151,1,0,0,0,1,277,0,0
EVT004178,EMP0418,Finance,Accountant,High,1,92,PHISH008,QR Code Security Verification,QR Phishing,Hard,All,T1566.002,0,0.1292,0,0,0,0,1,182,1,1
EVT004179,EMP0418,Finance,Accountant,High,1,92,PHISH009,Resume Attachment,Malicious Attachment Simulation,Medium,Human Resources,T1566.001,0,0.1587,1,0,1,0,0,0,1,1
EVT004180,EMP0418,Finance,Accountant,High,1,92,PHISH010,IT Helpdesk Account Verification,Credential Phishing,Hard,All,T1566.002,0,0.091,1,1,0,1,1,159,1,1
EVT004181,EMP0419,Legal,Legal Assistant,Medium,1,91,PHISH001,Microsoft 365 Password Expiration,Credential Phishing,Easy,All,T1566.002,0,0.2826,1,0,0,0,0,0,0,0
EVT004182,EMP0419,Legal,Legal Assistant,Medium,1,91,PHISH002,HR Benefits Update,Malicious Attachment Simulation,Medium,All,T1566.001,0,0.1989,0,0,0,0,0,0,1,1
EVT004183,EMP0419,Legal,Legal Assistant,Medium,1,91,PHISH003,CEO Urgent Payment Request,Business Email Compromise,Hard,Finance,T1566,0,0.2779,1,0,0,0,1,312,0,0
EVT004184,EMP0419,Legal,Legal Assistant,Medium,1,91,PHISH004,Package Delivery Notification,Link Phishing,Easy,All,T1566.002,0,0.2704,1,1,0,0,1,69,1,1
EVT004185,EMP0419,Legal,Legal Assistant,Medium,1,91,PHISH005,Shared Cloud Document,Cloud Credential Phishing,Medium,All,T1566.003,0,0.1985,1,0,0,0,0,0,0,0
EVT004186,EMP0419,Legal,Legal Assistant,Medium,1,91,PHISH006,Fake MFA Verification Request,Identity Phishing,Hard,Information Technology,T1566.002,0,0.1741,1,0,0,0,1,268,0,0
EVT004187,EMP0419,Legal,Legal Assistant,Medium,1,91,PHISH007,Payroll Account Verification,Credential Phishing,Medium,Human Resources,T1566.002,0,0.1555,1,0,0,0,1,195,0,0
EVT004188,EMP0419,Legal,Legal Assistant,Medium,1,91,PHISH008,QR Code Security Verification,QR Phishing,Hard,All,T1566.002,0,0.2442,1,1,0,0,1,228,1,1
EVT004189,EMP0419,Legal,Legal Assistant,Medium,1,91,PHISH009,Resume Attachment,Malicious Attachment Simulation,Medium,Human Resources,T1566.001,0,0.2399,1,0,0,0,1,110,0,0
EVT004190,EMP0419,Legal,Legal Assistant,Medium,1,91,PHISH010,IT Helpdesk Account Verification,Credential Phishing,Hard,All,T1566.002,0,0.2528,1,0,0,0,1,527,0,0
EVT004191,EMP0420,Information Technology,Security Analyst,High,1,57,PHISH001,Microsoft 365 Password Expiration,Credential Phishing,Easy,All,T1566.002,0,0.3407,1,0,0,0,0,0,0,0
EVT004192,EMP0420,Information Technology,Security Analyst,High,1,57,PHISH002,HR Benefits Update,Malicious Attachment Simulation,Medium,All,T1566.001,0,0.4412,1,0,0,0,0,0,0,0
EVT004193,EMP0420,Information Technology,Security Analyst,High,1,57,PHISH003,CEO Urgent Payment Request,Business Email Compromise,Hard,Finance,T1566,0,0.4183,0,0,0,0,0,0,1,1
EVT004194,EMP0420,Information Technology,Security Analyst,High,1,57,PHISH004,Package Delivery Notification,Link Phishing,Easy,All,T1566.002,0,0.4396,1,0,0,0,1,301,0,0
EVT004195,EMP0420,Information Technology,Security Analyst,High,1,57,PHISH005,Shared Cloud Document,Cloud Credential Phishing,Medium,All,T1566.003,0,0.4485,0,0,0,0,0,0,1,1
EVT004196,EMP0420,Information Technology,Security Analyst,High,1,57,PHISH006,Fake MFA Verification Request,Identity Phishing,Hard,Information Technology,T1566.002,1,0.4392,1,1,0,1,1,97,1,1
EVT004197,EMP0420,Information Technology,Security Analyst,High,1,57,PHISH007,Payroll Account Verification,Credential Phishing,Medium,Human Resources,T1566.002,0,0.4538,1,0,0,0,1,177,0,0
EVT004198,EMP0420,Information Technology,Security Analyst,High,1,57,PHISH008,QR Code Security Verification,QR Phishing,Hard,All,T1566.002,0,0.454,0,0,0,0,0,0,0,0
EVT004199,EMP0420,Information Technology,Security Analyst,High,1,57,PHISH009,Resume Attachment,Malicious Attachment Simulation,Medium,Human Resources,T1566.001,0,0.4479,1,0,0,0,1,190,0,0
EVT004200,EMP0420,Information Technology,Security Analyst,High,1,57,PHISH010,IT Helpdesk Account Verification,Credential Phishing,Hard,All,T1566.002,0,0.4307,1,1,0,0,1,232,1,1
EVT004201,EMP0421,Sales,Sales Representative,Medium,1,62,PHISH001,Microsoft 365 Password Expiration,Credential Phishing,Easy,All,T1566.002,0,0.3419,0,0,0,0,0,0,1,1
EVT004202,EMP0421,Sales,Sales Representative,Medium,1,62,PHISH002,HR Benefits Update,Malicious Attachment Simulation,Medium,All,T1566.001,0,0.2517,0,0,0,0,0,0,1,1
EVT004203,EMP0421,Sales,Sales Representative,Medium,1,62,PHISH003,CEO Urgent Payment Request,Business Email Compromise,Hard,Finance,T1566,0,0.38,1,0,0,0,0,0,0,0
EVT004204,EMP0421,Sales,Sales Representative,Medium,1,62,PHISH004,Package Delivery Notification,Link Phishing,Easy,All,T1566.002,0,0.3198,1,1,0,0,1,169,1,1
EVT004205,EMP0421,Sales,Sales Representative,Medium,1,62,PHISH005,Shared Cloud Document,Cloud Credential Phishing,Medium,All,T1566.003,0,0.3023,1,1,0,1,0,0,1,1
EVT004206,EMP0421,Sales,Sales Representative,Medium,1,62,PHISH006,Fake MFA Verification Request,Identity Phishing,Hard,Information Technology,T1566.002,0,0.3703,1,1,0,1,0,0,1,1
EVT004207,EMP0421,Sales,Sales Representative,Medium,1,62,PHISH007,Payroll Account Verification,Credential Phishing,Medium,Human Resources,T1566.002,0,0.3801,1,0,0,0,1,552,0,0
EVT004208,EMP0421,Sales,Sales Representative,Medium,1,62,PHISH008,QR Code Security Verification,QR Phishing,Hard,All,T1566.002,0,0.3592,1,1,0,0,0,0,1,1
EVT004209,EMP0421,Sales,Sales Representative,Medium,1,62,PHISH009,Resume Attachment,Malicious Attachment Simulation,Medium,Human Resources,T1566.001,0,0.3346,0,0,0,0,0,0,1,1
EVT004210,EMP0421,Sales,Sales Representative,Medium,1,62,PHISH010,IT Helpdesk Account Verification,Credential Phishing,Hard,All,T1566.002,0,0.3029,0,0,0,0,0,0,1,1
EVT004211,EMP0422,Legal,Legal Assistant,High,0,91,PHISH001,Microsoft 365 Password Expiration,Credential Phishing,Easy,All,T1566.002,0,0.1524,0,0,0,0,0,0,0,0
EVT004212,EMP0422,Legal,Legal Assistant,High,0,91,PHISH002,HR Benefits Update,Malicious Attachment Simulation,Medium,All,T1566.001,0,0.2277,1,0,0,0,0,0,0,0
EVT004213,EMP0422,Legal,Legal Assistant,High,0,91,PHISH003,CEO Urgent Payment Request,Business Email Compromise,Hard,Finance,T1566,0,0.3079,1,0,0,0,0,0,0,0
EVT004214,EMP0422,Legal,Legal Assistant,High,0,91,PHISH004,Package Delivery Notification,Link Phishing,Easy,All,T1566.002,0,0.2762,1,0,0,0,0,0,0,0
EVT004215,EMP0422,Legal,Legal Assistant,High,0,91,PHISH005,Shared Cloud Document,Cloud Credential Phishing,Medium,All,T1566.003,0,0.2725,1,0,0,0,0,0,0,0
EVT004216,EMP0422,Legal,Legal Assistant,High,0,91,PHISH006,Fake MFA Verification Request,Identity Phishing,Hard,Information Technology,T1566.002,0,0.2177,1,0,0,0,0,0,0,0
EVT004217,EMP0422,Legal,Legal Assistant,High,0,91,PHISH007,Payroll Account Verification,Credential Phishing,Medium,Human Resources,T1566.002,0,0.1979,1,0,0,0,1,161,0,0
EVT004218,EMP0422,Legal,Legal Assistant,High,0,91,PHISH008,QR Code Security Verification,QR Phishing,Hard,All,T1566.002,0,0.3517,1,0,0,0,0,0,0,0
EVT004219,EMP0422,Legal,Legal Assistant,High,0,91,PHISH009,Resume Attachment,Malicious Attachment Simulation,Medium,Human Resources,T1566.001,0,0.26,0,0,0,0,1,224,0,0
EVT004220,EMP0422,Legal,Legal Assistant,High,0,91,PHISH010,IT Helpdesk Account Verification,Credential Phishing,Hard,All,T1566.002,0,0.2656,1,0,0,0,0,0,0,0
EVT004221,EMP0423,Sales,Account Executive,Low,1,78,PHISH001,Microsoft 365 Password Expiration,Credential Phishing,Easy,All,T1566.002,0,0.2612,1,1,0,1,0,0,1,1
EVT004222,EMP0423,Sales,Account Executive,Low,1,78,PHISH002,HR Benefits Update,Malicious Attachment Simulation,Medium,All,T1566.001,0,0.2728,0,0,0,0,1,126,0,0
EVT004223,EMP0423,Sales,Account Executive,Low,1,78,PHISH003,CEO Urgent Payment Request,Business Email Compromise,Hard,Finance,T1566,0,0.2961,1,0,0,0,0,0,1,1
EVT004224,EMP0423,Sales,Account Executive,Low,1,78,PHISH004,Package Delivery Notification,Link Phishing,Easy,All,T1566.002,0,0.2494,1,0,0,0,0,0,0,0
EVT004225,EMP0423,Sales,Account Executive,Low,1,78,PHISH005,Shared Cloud Document,Cloud Credential Phishing,Medium,All,T1566.003,0,0.3366,1,0,0,0,1,206,0,0
EVT004226,EMP0423,Sales,Account Executive,Low,1,78,PHISH006,Fake MFA Verification Request,Identity Phishing,Hard,Information Technology,T1566.002,0,0.3295,1,0,0,0,0,0,0,0
EVT004227,EMP0423,Sales,Account Executive,Low,1,78,PHISH007,Payroll Account Verification,Credential Phishing,Medium,Human Resources,T1566.002,0,0.2654,1,0,0,0,0,0,0,0
EVT004228,EMP0423,Sales,Account Executive,Low,1,78,PHISH008,QR Code Security Verification,QR Phishing,Hard,All,T1566.002,0,0.3928,1,0,0,0,1,274,0,0
EVT004229,EMP0423,Sales,Account Executive,Low,1,78,PHISH009,Resume Attachment,Malicious Attachment Simulation,Medium,Human Resources,T1566.001,0,0.3053,1,0,0,0,1,328,0,0
EVT004230,EMP0423,Sales,Account Executive,Low,1,78,PHISH010,IT Helpdesk Account Verification,Credential Phishing,Hard,All,T1566.002,0,0.2907,0,0,0,0,0,0,0,0
EVT004231,EMP0424,Operations,Operations Analyst,Low,1,62,PHISH001,Microsoft 365 Password Expiration,Credential Phishing,Easy,All,T1566.002,0,0.5247,1,0,0,0,1,137,0,0
EVT004232,EMP0424,Operations,Operations Analyst,Low,1,62,PHISH002,HR Benefits Update,Malicious Attachment Simulation,Medium,All,T1566.001,0,0.4706,0,0,0,0,0,0,1,1
EVT004233,EMP0424,Operations,Operations Analyst,Low,1,62,PHISH003,CEO Urgent Payment Request,Business Email Compromise,Hard,Finance,T1566,0,0.4372,1,0,0,0,1,226,0,0
EVT004234,EMP0424,Operations,Operations Analyst,Low,1,62,PHISH004,Package Delivery Notification,Link Phishing,Easy,All,T1566.002,0,0.3738,0,0,0,0,1,708,0,0
EVT004235,EMP0424,Operations,Operations Analyst,Low,1,62,PHISH005,Shared Cloud Document,Cloud Credential Phishing,Medium,All,T1566.003,0,0.4114,1,1,0,1,0,0,1,1
EVT004236,EMP0424,Operations,Operations Analyst,Low,1,62,PHISH006,Fake MFA Verification Request,Identity Phishing,Hard,Information Technology,T1566.002,0,0.4353,1,1,0,1,1,156,1,1
EVT004237,EMP0424,Operations,Operations Analyst,Low,1,62,PHISH007,Payroll Account Verification,Credential Phishing,Medium,Human Resources,T1566.002,0,0.5263,1,1,0,1,0,0,1,1
EVT004238,EMP0424,Operations,Operations Analyst,Low,1,62,PHISH008,QR Code Security Verification,QR Phishing,Hard,All,T1566.002,0,0.5447,1,1,0,0,1,354,1,1
EVT004239,EMP0424,Operations,Operations Analyst,Low,1,62,PHISH009,Resume Attachment,Malicious Attachment Simulation,Medium,Human Resources,T1566.001,0,0.4187,1,0,1,0,0,0,1,1
EVT004240,EMP0424,Operations,Operations Analyst,Low,1,62,PHISH010,IT Helpdesk Account Verification,Credential Phishing,Hard,All,T1566.002,0,0.5662,1,0,0,0,1,302,0,0
EVT004241,EMP0425,Operations,Operations Manager,Medium,1,96,PHISH001,Microsoft 365 Password Expiration,Credential Phishing,Easy,All,T1566.002,0,0.3111,1,1,0,1,1,132,1,1
EVT004242,EMP0425,Operations,Operations Manager,Medium,1,96,PHISH002,HR Benefits Update,Malicious Attachment Simulation,Medium,All,T1566.001,0,0.1157,0,0,0,0,1,376,0,0
EVT004243,EMP0425,Operations,Operations Manager,Medium,1,96,PHISH003,CEO Urgent Payment Request,Business Email Compromise,Hard,Finance,T1566,0,0.2327,1,0,0,0,0,0,1,1
EVT004244,EMP0425,Operations,Operations Manager,Medium,1,96,PHISH004,Package Delivery Notification,Link Phishing,Easy,All,T1566.002,0,0.3228,0,0,0,0,1,222,0,0
EVT004245,EMP0425,Operations,Operations Manager,Medium,1,96,PHISH005,Shared Cloud Document,Cloud Credential Phishing,Medium,All,T1566.003,0,0.2373,1,1,0,1,0,0,1,1
EVT004246,EMP0425,Operations,Operations Manager,Medium,1,96,PHISH006,Fake MFA Verification Request,Identity Phishing,Hard,Information Technology,T1566.002,0,0.202,1,1,0,1,0,0,1,1
EVT004247,EMP0425,Operations,Operations Manager,Medium,1,96,PHISH007,Payroll Account Verification,Credential Phishing,Medium,Human Resources,T1566.002,0,0.3304,0,0,0,0,1,982,0,0
EVT004248,EMP0425,Operations,Operations Manager,Medium,1,96,PHISH008,QR Code Security Verification,QR Phishing,Hard,All,T1566.002,0,0.3023,1,0,0,0,1,707,0,0
EVT004249,EMP0425,Operations,Operations Manager,Medium,1,96,PHISH009,Resume Attachment,Malicious Attachment Simulation,Medium,Human Resources,T1566.001,0,0.178,0,0,0,0,1,466,0,0
EVT004250,EMP0425,Operations,Operations Manager,Medium,1,96,PHISH010,IT Helpdesk Account Verification,Credential Phishing,Hard,All,T1566.002,0,0.2765,1,1,0,1,1,92,1,1
EVT004251,EMP0426,Legal,Compliance Analyst,Medium,1,88,PHISH001,Microsoft 365 Password Expiration,Credential Phishing,Easy,All,T1566.002,0,0.2166,1,0,0,0,1,431,0,0
EVT004252,EMP0426,Legal,Compliance Analyst,Medium,1,88,PHISH002,HR Benefits Update,Malicious Attachment Simulation,Medium,All,T1566.001,0,0.187,1,0,0,0,1,106,0,0
EVT004253,EMP0426,Legal,Compliance Analyst,Medium,1,88,PHISH003,CEO Urgent Payment Request,Business Email Compromise,Hard,Finance,T1566,0,0.2163,0,0,0,0,0,0,0,0
EVT004254,EMP0426,Legal,Compliance Analyst,Medium,1,88,PHISH004,Package Delivery Notification,Link Phishing,Easy,All,T1566.002,0,0.3465,1,0,0,0,0,0,0,0
EVT004255,EMP0426,Legal,Compliance Analyst,Medium,1,88,PHISH005,Shared Cloud Document,Cloud Credential Phishing,Medium,All,T1566.003,0,0.1965,1,0,0,0,1,211,0,0
EVT004256,EMP0426,Legal,Compliance Analyst,Medium,1,88,PHISH006,Fake MFA Verification Request,Identity Phishing,Hard,Information Technology,T1566.002,0,0.2418,1,0,0,0,0,0,0,0
EVT004257,EMP0426,Legal,Compliance Analyst,Medium,1,88,PHISH007,Payroll Account Verification,Credential Phishing,Medium,Human Resources,T1566.002,0,0.2948,1,1,0,0,1,130,1,1
EVT004258,EMP0426,Legal,Compliance Analyst,Medium,1,88,PHISH008,QR Code Security Verification,QR Phishing,Hard,All,T1566.002,0,0.2528,0,0,0,0,1,308,0,0
EVT004259,EMP0426,Legal,Compliance Analyst,Medium,1,88,PHISH009,Resume Attachment,Malicious Attachment Simulation,Medium,Human Resources,T1566.001,0,0.2879,1,0,0,0,1,233,0,0
EVT004260,EMP0426,Legal,Compliance Analyst,Medium,1,88,PHISH010,IT Helpdesk Account Verification,Credential Phishing,Hard,All,T1566.002,0,0.2937,1,0,0,0,1,267,0,0
EVT004261,EMP0427,Information Technology,IT Support Analyst,Privileged,1,74,PHISH001,Microsoft 365 Password Expiration,Credential Phishing,Easy,All,T1566.002,0,0.342,0,0,0,0,0,0,1,1
EVT004262,EMP0427,Information Technology,IT Support Analyst,Privileged,1,74,PHISH002,HR Benefits Update,Malicious Attachment Simulation,Medium,All,T1566.001,0,0.3872,0,0,0,0,1,89,0,0
EVT004263,EMP0427,Information Technology,IT Support Analyst,Privileged,1,74,PHISH003,CEO Urgent Payment Request,Business Email Compromise,Hard,Finance,T1566,0,0.3294,1,0,0,0,0,0,0,0
EVT004264,EMP0427,Information Technology,IT Support Analyst,Privileged,1,74,PHISH004,Package Delivery Notification,Link Phishing,Easy,All,T1566.002,0,0.4318,1,0,0,0,1,192,0,0
EVT004265,EMP0427,Information Technology,IT Support Analyst,Privileged,1,74,PHISH005,Shared Cloud Document,Cloud Credential Phishing,Medium,All,T1566.003,0,0.3716,1,0,0,0,0,0,0,0
EVT004266,EMP0427,Information Technology,IT Support Analyst,Privileged,1,74,PHISH006,Fake MFA Verification Request,Identity Phishing,Hard,Information Technology,T1566.002,1,0.4244,1,1,0,0,1,181,1,1
EVT004267,EMP0427,Information Technology,IT Support Analyst,Privileged,1,74,PHISH007,Payroll Account Verification,Credential Phishing,Medium,Human Resources,T1566.002,0,0.2663,1,0,0,0,1,106,0,0
EVT004268,EMP0427,Information Technology,IT Support Analyst,Privileged,1,74,PHISH008,QR Code Security Verification,QR Phishing,Hard,All,T1566.002,0,0.2391,1,0,0,0,1,75,0,0
EVT004269,EMP0427,Information Technology,IT Support Analyst,Privileged,1,74,PHISH009,Resume Attachment,Malicious Attachment Simulation,Medium,Human Resources,T1566.001,0,0.2938,1,0,1,0,0,0,1,1
EVT004270,EMP0427,Information Technology,IT Support Analyst,Privileged,1,74,PHISH010,IT Helpdesk Account Verification,Credential Phishing,Hard,All,T1566.002,0,0.4042,1,1,0,1,0,0,1,1
EVT004271,EMP0428,Marketing,Marketing Specialist,Low,1,100,PHISH001,Microsoft 365 Password Expiration,Credential Phishing,Easy,All,T1566.002,0,0.2381,1,0,0,0,0,0,0,0
EVT004272,EMP0428,Marketing,Marketing Specialist,Low,1,100,PHISH002,HR Benefits Update,Malicious Attachment Simulation,Medium,All,T1566.001,0,0.2838,1,0,0,0,0,0,0,0
EVT004273,EMP0428,Marketing,Marketing Specialist,Low,1,100,PHISH003,CEO Urgent Payment Request,Business Email Compromise,Hard,Finance,T1566,0,0.265,1,0,0,0,0,0,1,1
EVT004274,EMP0428,Marketing,Marketing Specialist,Low,1,100,PHISH004,Package Delivery Notification,Link Phishing,Easy,All,T1566.002,0,0.3212,1,0,0,0,0,0,0,0
EVT004275,EMP0428,Marketing,Marketing Specialist,Low,1,100,PHISH005,Shared Cloud Document,Cloud Credential Phishing,Medium,All,T1566.003,0,0.2789,1,0,0,0,0,0,0,0
EVT004276,EMP0428,Marketing,Marketing Specialist,Low,1,100,PHISH006,Fake MFA Verification Request,Identity Phishing,Hard,Information Technology,T1566.002,0,0.1714,1,0,0,0,1,522,0,0
EVT004277,EMP0428,Marketing,Marketing Specialist,Low,1,100,PHISH007,Payroll Account Verification,Credential Phishing,Medium,Human Resources,T1566.002,0,0.2266,1,0,0,0,1,237,0,0
EVT004278,EMP0428,Marketing,Marketing Specialist,Low,1,100,PHISH008,QR Code Security Verification,QR Phishing,Hard,All,T1566.002,0,0.2479,1,0,0,0,1,578,0,0
EVT004279,EMP0428,Marketing,Marketing Specialist,Low,1,100,PHISH009,Resume Attachment,Malicious Attachment Simulation,Medium,Human Resources,T1566.001,0,0.2646,1,0,0,0,1,146,0,0
EVT004280,EMP0428,Marketing,Marketing Specialist,Low,1,100,PHISH010,IT Helpdesk Account Verification,Credential Phishing,Hard,All,T1566.002,0,0.2548,1,1,0,0,1,152,1,1
EVT004281,EMP0429,Finance,Financial Analyst,Medium,1,74,PHISH001,Microsoft 365 Password Expiration,Credential Phishing,Easy,All,T1566.002,0,0.3626,1,0,0,0,1,213,0,0
EVT004282,EMP0429,Finance,Financial Analyst,Medium,1,74,PHISH002,HR Benefits Update,Malicious Attachment Simulation,Medium,All,T1566.001,0,0.3085,1,0,0,0,1,354,0,0
EVT004283,EMP0429,Finance,Financial Analyst,Medium,1,74,PHISH003,CEO Urgent Payment Request,Business Email Compromise,Hard,Finance,T1566,1,0.4468,1,0,0,0,0,0,0,0
EVT004284,EMP0429,Finance,Financial Analyst,Medium,1,74,PHISH004,Package Delivery Notification,Link Phishing,Easy,All,T1566.002,0,0.2608,0,0,0,0,1,353,0,0
EVT004285,EMP0429,Finance,Financial Analyst,Medium,1,74,PHISH005,Shared Cloud Document,Cloud Credential Phishing,Medium,All,T1566.003,0,0.3037,1,1,0,0,1,98,1,1
EVT004286,EMP0429,Finance,Financial Analyst,Medium,1,74,PHISH006,Fake MFA Verification Request,Identity Phishing,Hard,Information Technology,T1566.002,0,0.2006,1,0,0,0,0,0,0,0
EVT004287,EMP0429,Finance,Financial Analyst,Medium,1,74,PHISH007,Payroll Account Verification,Credential Phishing,Medium,Human Resources,T1566.002,0,0.3567,1,1,0,1,0,0,1,1
EVT004288,EMP0429,Finance,Financial Analyst,Medium,1,74,PHISH008,QR Code Security Verification,QR Phishing,Hard,All,T1566.002,0,0.4787,1,0,0,0,1,503,0,0
EVT004289,EMP0429,Finance,Financial Analyst,Medium,1,74,PHISH009,Resume Attachment,Malicious Attachment Simulation,Medium,Human Resources,T1566.001,0,0.3105,1,0,0,0,0,0,0,0
EVT004290,EMP0429,Finance,Financial Analyst,Medium,1,74,PHISH010,IT Helpdesk Account Verification,Credential Phishing,Hard,All,T1566.002,0,0.429,1,0,0,0,1,603,0,0
EVT004291,EMP0430,Marketing,Digital Marketing Analyst,Medium,0,75,PHISH001,Microsoft 365 Password Expiration,Credential Phishing,Easy,All,T1566.002,0,0.3398,1,1,0,1,0,0,1,1
EVT004292,EMP0430,Marketing,Digital Marketing Analyst,Medium,0,75,PHISH002,HR Benefits Update,Malicious Attachment Simulation,Medium,All,T1566.001,0,0.3224,0,0,0,0,0,0,0,0
EVT004293,EMP0430,Marketing,Digital Marketing Analyst,Medium,0,75,PHISH003,CEO Urgent Payment Request,Business Email Compromise,Hard,Finance,T1566,0,0.4303,0,0,0,0,0,0,0,0
EVT004294,EMP0430,Marketing,Digital Marketing Analyst,Medium,0,75,PHISH004,Package Delivery Notification,Link Phishing,Easy,All,T1566.002,0,0.3734,1,0,0,0,0,0,0,0
EVT004295,EMP0430,Marketing,Digital Marketing Analyst,Medium,0,75,PHISH005,Shared Cloud Document,Cloud Credential Phishing,Medium,All,T1566.003,0,0.4362,0,0,0,0,0,0,1,1
EVT004296,EMP0430,Marketing,Digital Marketing Analyst,Medium,0,75,PHISH006,Fake MFA Verification Request,Identity Phishing,Hard,Information Technology,T1566.002,0,0.3887,0,0,0,0,0,0,1,1
EVT004297,EMP0430,Marketing,Digital Marketing Analyst,Medium,0,75,PHISH007,Payroll Account Verification,Credential Phishing,Medium,Human Resources,T1566.002,0,0.3967,0,0,0,0,1,73,0,0
EVT004298,EMP0430,Marketing,Digital Marketing Analyst,Medium,0,75,PHISH008,QR Code Security Verification,QR Phishing,Hard,All,T1566.002,0,0.3333,1,0,0,0,1,291,0,0
EVT004299,EMP0430,Marketing,Digital Marketing Analyst,Medium,0,75,PHISH009,Resume Attachment,Malicious Attachment Simulation,Medium,Human Resources,T1566.001,0,0.3373,1,0,0,0,1,267,0,0
EVT004300,EMP0430,Marketing,Digital Marketing Analyst,Medium,0,75,PHISH010,IT Helpdesk Account Verification,Credential Phishing,Hard,All,T1566.002,0,0.3819,1,0,0,0,1,503,0,0
EVT004301,EMP0431,Legal,Legal Assistant,High,1,86,PHISH001,Microsoft 365 Password Expiration,Credential Phishing,Easy,All,T1566.002,0,0.3795,0,0,0,0,1,142,0,0
EVT004302,EMP0431,Legal,Legal Assistant,High,1,86,PHISH002,HR Benefits Update,Malicious Attachment Simulation,Medium,All,T1566.001,0,0.2878,1,0,0,0,1,597,0,0
EVT004303,EMP0431,Legal,Legal Assistant,High,1,86,PHISH003,CEO Urgent Payment Request,Business Email Compromise,Hard,Finance,T1566,0,0.2711,1,0,0,0,0,0,0,0
EVT004304,EMP0431,Legal,Legal Assistant,High,1,86,PHISH004,Package Delivery Notification,Link Phishing,Easy,All,T1566.002,0,0.1984,1,0,0,0,1,70,0,0
EVT004305,EMP0431,Legal,Legal Assistant,High,1,86,PHISH005,Shared Cloud Document,Cloud Credential Phishing,Medium,All,T1566.003,0,0.2893,1,0,0,0,1,320,0,0
EVT004306,EMP0431,Legal,Legal Assistant,High,1,86,PHISH006,Fake MFA Verification Request,Identity Phishing,Hard,Information Technology,T1566.002,0,0.3414,1,1,0,0,1,216,1,1
EVT004307,EMP0431,Legal,Legal Assistant,High,1,86,PHISH007,Payroll Account Verification,Credential Phishing,Medium,Human Resources,T1566.002,0,0.3091,1,0,0,0,0,0,0,0
EVT004308,EMP0431,Legal,Legal Assistant,High,1,86,PHISH008,QR Code Security Verification,QR Phishing,Hard,All,T1566.002,0,0.2032,0,0,0,0,0,0,0,0
EVT004309,EMP0431,Legal,Legal Assistant,High,1,86,PHISH009,Resume Attachment,Malicious Attachment Simulation,Medium,Human Resources,T1566.001,0,0.1687,1,0,0,0,1,131,0,0
EVT004310,EMP0431,Legal,Legal Assistant,High,1,86,PHISH010,IT Helpdesk Account Verification,Credential Phishing,Hard,All,T1566.002,0,0.2275,1,0,0,0,1,92,0,0
EVT004311,EMP0432,Operations,Operations Manager,Medium,1,77,PHISH001,Microsoft 365 Password Expiration,Credential Phishing,Easy,All,T1566.002,0,0.2784,1,0,0,0,0,0,0,0
EVT004312,EMP0432,Operations,Operations Manager,Medium,1,77,PHISH002,HR Benefits Update,Malicious Attachment Simulation,Medium,All,T1566.001,0,0.3259,1,0,0,0,1,283,0,0
EVT004313,EMP0432,Operations,Operations Manager,Medium,1,77,PHISH003,CEO Urgent Payment Request,Business Email Compromise,Hard,Finance,T1566,0,0.2951,0,0,0,0,1,376,0,0
EVT004314,EMP0432,Operations,Operations Manager,Medium,1,77,PHISH004,Package Delivery Notification,Link Phishing,Easy,All,T1566.002,0,0.3783,1,0,0,0,0,0,0,0
EVT004315,EMP0432,Operations,Operations Manager,Medium,1,77,PHISH005,Shared Cloud Document,Cloud Credential Phishing,Medium,All,T1566.003,0,0.3363,1,0,0,0,0,0,0,0
EVT004316,EMP0432,Operations,Operations Manager,Medium,1,77,PHISH006,Fake MFA Verification Request,Identity Phishing,Hard,Information Technology,T1566.002,0,0.2958,1,0,0,0,1,74,0,0
EVT004317,EMP0432,Operations,Operations Manager,Medium,1,77,PHISH007,Payroll Account Verification,Credential Phishing,Medium,Human Resources,T1566.002,0,0.2568,0,0,0,0,1,363,1,1
EVT004318,EMP0432,Operations,Operations Manager,Medium,1,77,PHISH008,QR Code Security Verification,QR Phishing,Hard,All,T1566.002,0,0.3543,1,0,0,0,1,156,0,0
EVT004319,EMP0432,Operations,Operations Manager,Medium,1,77,PHISH009,Resume Attachment,Malicious Attachment Simulation,Medium,Human Resources,T1566.001,0,0.3815,1,0,0,0,0,0,0,0
EVT004320,EMP0432,Operations,Operations Manager,Medium,1,77,PHISH010,IT Helpdesk Account Verification,Credential Phishing,Hard,All,T1566.002,0,0.3417,0,0,0,0,1,136,0,0
EVT004321,EMP0433,Human Resources,HR Specialist,Medium,0,88,PHISH001,Microsoft 365 Password Expiration,Credential Phishing,Easy,All,T1566.002,0,0.449,1,1,0,0,0,0,1,1
EVT004322,EMP0433,Human Resources,HR Specialist,Medium,0,88,PHISH002,HR Benefits Update,Malicious Attachment Simulation,Medium,All,T1566.001,0,0.4152,1,0,0,0,1,174,0,0
EVT004323,EMP0433,Human Resources,HR Specialist,Medium,0,88,PHISH003,CEO Urgent Payment Request,Business Email Compromise,Hard,Finance,T1566,0,0.5387,1,0,0,0,1,332,0,0
EVT004324,EMP0433,Human Resources,HR Specialist,Medium,0,88,PHISH004,Package Delivery Notification,Link Phishing,Easy,All,T1566.002,0,0.4111,0,0,0,0,0,0,0,0
EVT004325,EMP0433,Human Resources,HR Specialist,Medium,0,88,PHISH005,Shared Cloud Document,Cloud Credential Phishing,Medium,All,T1566.003,0,0.4536,1,0,0,0,0,0,0,0
EVT004326,EMP0433,Human Resources,HR Specialist,Medium,0,88,PHISH006,Fake MFA Verification Request,Identity Phishing,Hard,Information Technology,T1566.002,0,0.3603,1,0,0,0,0,0,0,0
EVT004327,EMP0433,Human Resources,HR Specialist,Medium,0,88,PHISH007,Payroll Account Verification,Credential Phishing,Medium,Human Resources,T1566.002,1,0.5786,0,0,0,0,0,0,1,1
EVT004328,EMP0433,Human Resources,HR Specialist,Medium,0,88,PHISH008,QR Code Security Verification,QR Phishing,Hard,All,T1566.002,0,0.4551,1,0,0,0,1,359,0,0
EVT004329,EMP0433,Human Resources,HR Specialist,Medium,0,88,PHISH009,Resume Attachment,Malicious Attachment Simulation,Medium,Human Resources,T1566.001,1,0.4864,1,0,1,0,1,463,1,1
EVT004330,EMP0433,Human Resources,HR Specialist,Medium,0,88,PHISH010,IT Helpdesk Account Verification,Credential Phishing,Hard,All,T1566.002,0,0.467,0,0,0,0,1,402,1,1
EVT004331,EMP0434,Information Technology,Security Analyst,Medium,1,82,PHISH001,Microsoft 365 Password Expiration,Credential Phishing,Easy,All,T1566.002,0,0.321,1,0,0,0,1,227,0,0
EVT004332,EMP0434,Information Technology,Security Analyst,Medium,1,82,PHISH002,HR Benefits Update,Malicious Attachment Simulation,Medium,All,T1566.001,0,0.2468,1,0,0,0,1,272,0,0
EVT004333,EMP0434,Information Technology,Security Analyst,Medium,1,82,PHISH003,CEO Urgent Payment Request,Business Email Compromise,Hard,Finance,T1566,0,0.2565,1,0,0,0,0,0,1,1
EVT004334,EMP0434,Information Technology,Security Analyst,Medium,1,82,PHISH004,Package Delivery Notification,Link Phishing,Easy,All,T1566.002,0,0.1777,0,0,0,0,1,314,0,0
EVT004335,EMP0434,Information Technology,Security Analyst,Medium,1,82,PHISH005,Shared Cloud Document,Cloud Credential Phishing,Medium,All,T1566.003,0,0.3137,1,0,0,0,1,687,0,0
EVT004336,EMP0434,Information Technology,Security Analyst,Medium,1,82,PHISH006,Fake MFA Verification Request,Identity Phishing,Hard,Information Technology,T1566.002,1,0.297,1,0,0,0,0,0,0,0
EVT004337,EMP0434,Information Technology,Security Analyst,Medium,1,82,PHISH007,Payroll Account Verification,Credential Phishing,Medium,Human Resources,T1566.002,0,0.2699,0,0,0,0,1,96,0,0
EVT004338,EMP0434,Information Technology,Security Analyst,Medium,1,82,PHISH008,QR Code Security Verification,QR Phishing,Hard,All,T1566.002,0,0.1642,1,0,0,0,1,78,0,0
EVT004339,EMP0434,Information Technology,Security Analyst,Medium,1,82,PHISH009,Resume Attachment,Malicious Attachment Simulation,Medium,Human Resources,T1566.001,0,0.2276,1,0,0,0,0,0,0,0
EVT004340,EMP0434,Information Technology,Security Analyst,Medium,1,82,PHISH010,IT Helpdesk Account Verification,Credential Phishing,Hard,All,T1566.002,0,0.2264,1,0,0,0,0,0,0,0
EVT004341,EMP0435,Human Resources,Recruiter,High,1,91,PHISH001,Microsoft 365 Password Expiration,Credential Phishing,Easy,All,T1566.002,0,0.2717,0,0,0,0,0,0,0,0
EVT004342,EMP0435,Human Resources,Recruiter,High,1,91,PHISH002,HR Benefits Update,Malicious Attachment Simulation,Medium,All,T1566.001,0,0.1168,1,0,0,0,1,158,0,0
EVT004343,EMP0435,Human Resources,Recruiter,High,1,91,PHISH003,CEO Urgent Payment Request,Business Email Compromise,Hard,Finance,T1566,0,0.2433,1,0,0,0,0,0,0,0
EVT004344,EMP0435,Human Resources,Recruiter,High,1,91,PHISH004,Package Delivery Notification,Link Phishing,Easy,All,T1566.002,0,0.2475,1,1,0,0,0,0,1,1
EVT004345,EMP0435,Human Resources,Recruiter,High,1,91,PHISH005,Shared Cloud Document,Cloud Credential Phishing,Medium,All,T1566.003,0,0.2548,1,0,0,0,1,154,0,0
EVT004346,EMP0435,Human Resources,Recruiter,High,1,91,PHISH006,Fake MFA Verification Request,Identity Phishing,Hard,Information Technology,T1566.002,0,0.2014,1,0,0,0,0,0,0,0
EVT004347,EMP0435,Human Resources,Recruiter,High,1,91,PHISH007,Payroll Account Verification,Credential Phishing,Medium,Human Resources,T1566.002,1,0.0876,1,0,0,0,1,527,0,0
EVT004348,EMP0435,Human Resources,Recruiter,High,1,91,PHISH008,QR Code Security Verification,QR Phishing,Hard,All,T1566.002,0,0.2489,1,1,0,0,0,0,1,1
EVT004349,EMP0435,Human Resources,Recruiter,High,1,91,PHISH009,Resume Attachment,Malicious Attachment Simulation,Medium,Human Resources,T1566.001,1,0.3246,1,0,1,0,1,340,1,1
EVT004350,EMP0435,Human Resources,Recruiter,High,1,91,PHISH010,IT Helpdesk Account Verification,Credential Phishing,Hard,All,T1566.002,0,0.3609,1,1,0,0,1,247,1,1
EVT004351,EMP0436,Marketing,Digital Marketing Analyst,Medium,1,65,PHISH001,Microsoft 365 Password Expiration,Credential Phishing,Easy,All,T1566.002,0,0.4005,0,0,0,0,0,0,1,1
EVT004352,EMP0436,Marketing,Digital Marketing Analyst,Medium,1,65,PHISH002,HR Benefits Update,Malicious Attachment Simulation,Medium,All,T1566.001,0,0.5328,1,0,1,0,1,560,1,1
EVT004353,EMP0436,Marketing,Digital Marketing Analyst,Medium,1,65,PHISH003,CEO Urgent Payment Request,Business Email Compromise,Hard,Finance,T1566,0,0.4749,1,0,0,0,0,0,0,0
EVT004354,EMP0436,Marketing,Digital Marketing Analyst,Medium,1,65,PHISH004,Package Delivery Notification,Link Phishing,Easy,All,T1566.002,0,0.352,1,1,0,0,0,0,1,1
EVT004355,EMP0436,Marketing,Digital Marketing Analyst,Medium,1,65,PHISH005,Shared Cloud Document,Cloud Credential Phishing,Medium,All,T1566.003,0,0.3815,0,0,0,0,1,258,0,0
EVT004356,EMP0436,Marketing,Digital Marketing Analyst,Medium,1,65,PHISH006,Fake MFA Verification Request,Identity Phishing,Hard,Information Technology,T1566.002,0,0.4378,1,0,0,0,0,0,0,0
EVT004357,EMP0436,Marketing,Digital Marketing Analyst,Medium,1,65,PHISH007,Payroll Account Verification,Credential Phishing,Medium,Human Resources,T1566.002,0,0.3635,1,1,0,0,0,0,1,1
EVT004358,EMP0436,Marketing,Digital Marketing Analyst,Medium,1,65,PHISH008,QR Code Security Verification,QR Phishing,Hard,All,T1566.002,0,0.4093,1,1,0,0,0,0,1,1
EVT004359,EMP0436,Marketing,Digital Marketing Analyst,Medium,1,65,PHISH009,Resume Attachment,Malicious Attachment Simulation,Medium,Human Resources,T1566.001,0,0.4108,1,0,0,0,0,0,0,0
EVT004360,EMP0436,Marketing,Digital Marketing Analyst,Medium,1,65,PHISH010,IT Helpdesk Account Verification,Credential Phishing,Hard,All,T1566.002,0,0.4183,0,0,0,0,0,0,0,0
EVT004361,EMP0437,Marketing,Digital Marketing Analyst,Low,0,70,PHISH001,Microsoft 365 Password Expiration,Credential Phishing,Easy,All,T1566.002,0,0.4322,0,0,0,0,1,463,1,1
EVT004362,EMP0437,Marketing,Digital Marketing Analyst,Low,0,70,PHISH002,HR Benefits Update,Malicious Attachment Simulation,Medium,All,T1566.001,0,0.3286,1,0,0,0,0,0,0,0
EVT004363,EMP0437,Marketing,Digital Marketing Analyst,Low,0,70,PHISH003,CEO Urgent Payment Request,Business Email Compromise,Hard,Finance,T1566,0,0.4993,1,0,0,0,0,0,1,1
EVT004364,EMP0437,Marketing,Digital Marketing Analyst,Low,0,70,PHISH004,Package Delivery Notification,Link Phishing,Easy,All,T1566.002,0,0.4401,1,0,0,0,0,0,0,0
EVT004365,EMP0437,Marketing,Digital Marketing Analyst,Low,0,70,PHISH005,Shared Cloud Document,Cloud Credential Phishing,Medium,All,T1566.003,0,0.4984,1,1,0,1,0,0,1,1
EVT004366,EMP0437,Marketing,Digital Marketing Analyst,Low,0,70,PHISH006,Fake MFA Verification Request,Identity Phishing,Hard,Information Technology,T1566.002,0,0.3937,1,0,0,0,0,0,0,0
EVT004367,EMP0437,Marketing,Digital Marketing Analyst,Low,0,70,PHISH007,Payroll Account Verification,Credential Phishing,Medium,Human Resources,T1566.002,0,0.3447,1,0,0,0,0,0,0,0
EVT004368,EMP0437,Marketing,Digital Marketing Analyst,Low,0,70,PHISH008,QR Code Security Verification,QR Phishing,Hard,All,T1566.002,0,0.4911,0,0,0,0,0,0,0,0
EVT004369,EMP0437,Marketing,Digital Marketing Analyst,Low,0,70,PHISH009,Resume Attachment,Malicious Attachment Simulation,Medium,Human Resources,T1566.001,0,0.4188,1,0,0,0,1,269,0,0
EVT004370,EMP0437,Marketing,Digital Marketing Analyst,Low,0,70,PHISH010,IT Helpdesk Account Verification,Credential Phishing,Hard,All,T1566.002,0,0.4077,1,0,0,0,0,0,0,0
EVT004371,EMP0438,Human Resources,Recruiter,High,1,100,PHISH001,Microsoft 365 Password Expiration,Credential Phishing,Easy,All,T1566.002,0,0.1795,1,0,0,0,0,0,0,0
EVT004372,EMP0438,Human Resources,Recruiter,High,1,100,PHISH002,HR Benefits Update,Malicious Attachment Simulation,Medium,All,T1566.001,0,0.1632,1,0,0,0,0,0,0,0
EVT004373,EMP0438,Human Resources,Recruiter,High,1,100,PHISH003,CEO Urgent Payment Request,Business Email Compromise,Hard,Finance,T1566,0,0.306,1,0,0,0,1,152,1,1
EVT004374,EMP0438,Human Resources,Recruiter,High,1,100,PHISH004,Package Delivery Notification,Link Phishing,Easy,All,T1566.002,0,0.2074,1,0,0,0,1,159,0,0
EVT004375,EMP0438,Human Resources,Recruiter,High,1,100,PHISH005,Shared Cloud Document,Cloud Credential Phishing,Medium,All,T1566.003,0,0.3073,1,0,0,0,1,388,0,0
EVT004376,EMP0438,Human Resources,Recruiter,High,1,100,PHISH006,Fake MFA Verification Request,Identity Phishing,Hard,Information Technology,T1566.002,0,0.2695,1,0,0,0,0,0,0,0
EVT004377,EMP0438,Human Resources,Recruiter,High,1,100,PHISH007,Payroll Account Verification,Credential Phishing,Medium,Human Resources,T1566.002,1,0.3037,1,0,0,0,0,0,0,0
EVT004378,EMP0438,Human Resources,Recruiter,High,1,100,PHISH008,QR Code Security Verification,QR Phishing,Hard,All,T1566.002,0,0.2272,0,0,0,0,0,0,0,0
EVT004379,EMP0438,Human Resources,Recruiter,High,1,100,PHISH009,Resume Attachment,Malicious Attachment Simulation,Medium,Human Resources,T1566.001,1,0.2172,1,0,0,0,0,0,0,0
EVT004380,EMP0438,Human Resources,Recruiter,High,1,100,PHISH010,IT Helpdesk Account Verification,Credential Phishing,Hard,All,T1566.002,0,0.1397,1,0,0,0,1,109,0,0
EVT004381,EMP0439,Human Resources,Recruiter,High,1,79,PHISH001,Microsoft 365 Password Expiration,Credential Phishing,Easy,All,T1566.002,0,0.3294,1,1,0,1,0,0,1,1
EVT004382,EMP0439,Human Resources,Recruiter,High,1,79,PHISH002,HR Benefits Update,Malicious Attachment Simulation,Medium,All,T1566.001,0,0.3011,1,0,0,0,1,486,0,0
EVT004383,EMP0439,Human Resources,Recruiter,High,1,79,PHISH003,CEO Urgent Payment Request,Business Email Compromise,Hard,Finance,T1566,0,0.2156,1,0,0,0,0,0,0,0
EVT004384,EMP0439,Human Resources,Recruiter,High,1,79,PHISH004,Package Delivery Notification,Link Phishing,Easy,All,T1566.002,0,0.2753,1,0,0,0,1,190,0,0
EVT004385,EMP0439,Human Resources,Recruiter,High,1,79,PHISH005,Shared Cloud Document,Cloud Credential Phishing,Medium,All,T1566.003,0,0.4155,1,0,0,0,0,0,0,0
EVT004386,EMP0439,Human Resources,Recruiter,High,1,79,PHISH006,Fake MFA Verification Request,Identity Phishing,Hard,Information Technology,T1566.002,0,0.3089,1,0,0,0,1,199,0,0
EVT004387,EMP0439,Human Resources,Recruiter,High,1,79,PHISH007,Payroll Account Verification,Credential Phishing,Medium,Human Resources,T1566.002,1,0.2812,1,0,0,0,0,0,0,0
EVT004388,EMP0439,Human Resources,Recruiter,High,1,79,PHISH008,QR Code Security Verification,QR Phishing,Hard,All,T1566.002,0,0.283,1,0,0,0,1,312,0,0
EVT004389,EMP0439,Human Resources,Recruiter,High,1,79,PHISH009,Resume Attachment,Malicious Attachment Simulation,Medium,Human Resources,T1566.001,1,0.4255,1,0,0,0,0,0,0,0
EVT004390,EMP0439,Human Resources,Recruiter,High,1,79,PHISH010,IT Helpdesk Account Verification,Credential Phishing,Hard,All,T1566.002,0,0.3613,0,0,0,0,0,0,0,0
EVT004391,EMP0440,Operations,Operations Analyst,Low,1,82,PHISH001,Microsoft 365 Password Expiration,Credential Phishing,Easy,All,T1566.002,0,0.1945,1,0,0,0,1,92,0,0
EVT004392,EMP0440,Operations,Operations Analyst,Low,1,82,PHISH002,HR Benefits Update,Malicious Attachment Simulation,Medium,All,T1566.001,0,0.1028,1,0,0,0,0,0,0,0
EVT004393,EMP0440,Operations,Operations Analyst,Low,1,82,PHISH003,CEO Urgent Payment Request,Business Email Compromise,Hard,Finance,T1566,0,0.2178,1,0,0,0,0,0,0,0
EVT004394,EMP0440,Operations,Operations Analyst,Low,1,82,PHISH004,Package Delivery Notification,Link Phishing,Easy,All,T1566.002,0,0.1861,1,1,0,0,0,0,1,1
EVT004395,EMP0440,Operations,Operations Analyst,Low,1,82,PHISH005,Shared Cloud Document,Cloud Credential Phishing,Medium,All,T1566.003,0,0.1982,1,0,0,0,1,262,0,0
EVT004396,EMP0440,Operations,Operations Analyst,Low,1,82,PHISH006,Fake MFA Verification Request,Identity Phishing,Hard,Information Technology,T1566.002,0,0.2303,0,0,0,0,1,535,0,0
EVT004397,EMP0440,Operations,Operations Analyst,Low,1,82,PHISH007,Payroll Account Verification,Credential Phishing,Medium,Human Resources,T1566.002,0,0.1698,1,1,0,1,0,0,1,1
EVT004398,EMP0440,Operations,Operations Analyst,Low,1,82,PHISH008,QR Code Security Verification,QR Phishing,Hard,All,T1566.002,0,0.1348,1,1,0,0,1,258,1,1
EVT004399,EMP0440,Operations,Operations Analyst,Low,1,82,PHISH009,Resume Attachment,Malicious Attachment Simulation,Medium,Human Resources,T1566.001,0,0.1707,1,0,1,0,0,0,1,1
EVT004400,EMP0440,Operations,Operations Analyst,Low,1,82,PHISH010,IT Helpdesk Account Verification,Credential Phishing,Hard,All,T1566.002,0,0.3298,1,0,0,0,1,149,0,0
EVT004401,EMP0441,Marketing,Marketing Manager,Low,1,91,PHISH001,Microsoft 365 Password Expiration,Credential Phishing,Easy,All,T1566.002,0,0.1318,1,0,0,0,0,0,0,0
EVT004402,EMP0441,Marketing,Marketing Manager,Low,1,91,PHISH002,HR Benefits Update,Malicious Attachment Simulation,Medium,All,T1566.001,0,0.0829,0,0,0,0,1,297,0,0
EVT004403,EMP0441,Marketing,Marketing Manager,Low,1,91,PHISH003,CEO Urgent Payment Request,Business Email Compromise,Hard,Finance,T1566,0,0.1807,1,0,0,0,0,0,1,1
EVT004404,EMP0441,Marketing,Marketing Manager,Low,1,91,PHISH004,Package Delivery Notification,Link Phishing,Easy,All,T1566.002,0,0.1081,1,0,0,0,1,385,0,0
EVT004405,EMP0441,Marketing,Marketing Manager,Low,1,91,PHISH005,Shared Cloud Document,Cloud Credential Phishing,Medium,All,T1566.003,0,0.0759,1,0,0,0,0,0,0,0
EVT004406,EMP0441,Marketing,Marketing Manager,Low,1,91,PHISH006,Fake MFA Verification Request,Identity Phishing,Hard,Information Technology,T1566.002,0,0.1034,0,0,0,0,1,377,0,0
EVT004407,EMP0441,Marketing,Marketing Manager,Low,1,91,PHISH007,Payroll Account Verification,Credential Phishing,Medium,Human Resources,T1566.002,0,0.1414,1,0,0,0,1,574,0,0
EVT004408,EMP0441,Marketing,Marketing Manager,Low,1,91,PHISH008,QR Code Security Verification,QR Phishing,Hard,All,T1566.002,0,0.1563,1,0,0,0,0,0,0,0
EVT004409,EMP0441,Marketing,Marketing Manager,Low,1,91,PHISH009,Resume Attachment,Malicious Attachment Simulation,Medium,Human Resources,T1566.001,0,0.1878,0,0,0,0,1,261,1,1
EVT004410,EMP0441,Marketing,Marketing Manager,Low,1,91,PHISH010,IT Helpdesk Account Verification,Credential Phishing,Hard,All,T1566.002,0,0.2204,1,0,0,0,1,380,0,0
EVT004411,EMP0442,Finance,Financial Analyst,High,1,92,PHISH001,Microsoft 365 Password Expiration,Credential Phishing,Easy,All,T1566.002,0,0.1776,1,0,0,0,1,377,0,0
EVT004412,EMP0442,Finance,Financial Analyst,High,1,92,PHISH002,HR Benefits Update,Malicious Attachment Simulation,Medium,All,T1566.001,0,0.1364,1,0,0,0,1,135,0,0
EVT004413,EMP0442,Finance,Financial Analyst,High,1,92,PHISH003,CEO Urgent Payment Request,Business Email Compromise,Hard,Finance,T1566,1,0.1666,1,0,0,0,0,0,1,1
EVT004414,EMP0442,Finance,Financial Analyst,High,1,92,PHISH004,Package Delivery Notification,Link Phishing,Easy,All,T1566.002,0,0.214,1,0,0,0,0,0,0,0
EVT004415,EMP0442,Finance,Financial Analyst,High,1,92,PHISH005,Shared Cloud Document,Cloud Credential Phishing,Medium,All,T1566.003,0,0.2801,1,0,0,0,1,208,0,0
EVT004416,EMP0442,Finance,Financial Analyst,High,1,92,PHISH006,Fake MFA Verification Request,Identity Phishing,Hard,Information Technology,T1566.002,0,0.0752,1,0,0,0,1,104,0,0
EVT004417,EMP0442,Finance,Financial Analyst,High,1,92,PHISH007,Payroll Account Verification,Credential Phishing,Medium,Human Resources,T1566.002,0,0.1499,0,0,0,0,0,0,1,1
EVT004418,EMP0442,Finance,Financial Analyst,High,1,92,PHISH008,QR Code Security Verification,QR Phishing,Hard,All,T1566.002,0,0.1697,1,0,0,0,1,145,0,0
EVT004419,EMP0442,Finance,Financial Analyst,High,1,92,PHISH009,Resume Attachment,Malicious Attachment Simulation,Medium,Human Resources,T1566.001,0,0.1293,1,0,0,0,0,0,0,0
EVT004420,EMP0442,Finance,Financial Analyst,High,1,92,PHISH010,IT Helpdesk Account Verification,Credential Phishing,Hard,All,T1566.002,0,0.1751,0,0,0,0,0,0,0,0
EVT004421,EMP0443,Sales,Sales Representative,Medium,1,81,PHISH001,Microsoft 365 Password Expiration,Credential Phishing,Easy,All,T1566.002,0,0.2728,0,0,0,0,0,0,0,0
EVT004422,EMP0443,Sales,Sales Representative,Medium,1,81,PHISH002,HR Benefits Update,Malicious Attachment Simulation,Medium,All,T1566.001,0,0.2536,1,0,1,0,0,0,1,1
EVT004423,EMP0443,Sales,Sales Representative,Medium,1,81,PHISH003,CEO Urgent Payment Request,Business Email Compromise,Hard,Finance,T1566,0,0.2846,1,0,0,0,0,0,0,0
EVT004424,EMP0443,Sales,Sales Representative,Medium,1,81,PHISH004,Package Delivery Notification,Link Phishing,Easy,All,T1566.002,0,0.3313,1,0,0,0,1,176,0,0
EVT004425,EMP0443,Sales,Sales Representative,Medium,1,81,PHISH005,Shared Cloud Document,Cloud Credential Phishing,Medium,All,T1566.003,0,0.3262,1,0,0,0,1,402,0,0
EVT004426,EMP0443,Sales,Sales Representative,Medium,1,81,PHISH006,Fake MFA Verification Request,Identity Phishing,Hard,Information Technology,T1566.002,0,0.2547,1,0,0,0,0,0,0,0
EVT004427,EMP0443,Sales,Sales Representative,Medium,1,81,PHISH007,Payroll Account Verification,Credential Phishing,Medium,Human Resources,T1566.002,0,0.2306,0,0,0,0,0,0,0,0
EVT004428,EMP0443,Sales,Sales Representative,Medium,1,81,PHISH008,QR Code Security Verification,QR Phishing,Hard,All,T1566.002,0,0.2528,0,0,0,0,0,0,0,0
EVT004429,EMP0443,Sales,Sales Representative,Medium,1,81,PHISH009,Resume Attachment,Malicious Attachment Simulation,Medium,Human Resources,T1566.001,0,0.3789,1,0,0,0,0,0,0,0
EVT004430,EMP0443,Sales,Sales Representative,Medium,1,81,PHISH010,IT Helpdesk Account Verification,Credential Phishing,Hard,All,T1566.002,0,0.2885,0,0,0,0,1,513,0,0
EVT004431,EMP0444,Operations,Operations Specialist,Low,0,68,PHISH001,Microsoft 365 Password Expiration,Credential Phishing,Easy,All,T1566.002,0,0.2743,1,0,0,0,0,0,0,0
EVT004432,EMP0444,Operations,Operations Specialist,Low,0,68,PHISH002,HR Benefits Update,Malicious Attachment Simulation,Medium,All,T1566.001,0,0.1297,1,0,0,0,1,70,0,0
EVT004433,EMP0444,Operations,Operations Specialist,Low,0,68,PHISH003,CEO Urgent Payment Request,Business Email Compromise,Hard,Finance,T1566,0,0.3495,1,0,0,0,0,0,1,1
EVT004434,EMP0444,Operations,Operations Specialist,Low,0,68,PHISH004,Package Delivery Notification,Link Phishing,Easy,All,T1566.002,0,0.2861,1,0,0,0,0,0,0,0
EVT004435,EMP0444,Operations,Operations Specialist,Low,0,68,PHISH005,Shared Cloud Document,Cloud Credential Phishing,Medium,All,T1566.003,0,0.3529,1,1,0,0,0,0,1,1
EVT004436,EMP0444,Operations,Operations Specialist,Low,0,68,PHISH006,Fake MFA Verification Request,Identity Phishing,Hard,Information Technology,T1566.002,0,0.312,1,0,0,0,1,309,0,0
EVT004437,EMP0444,Operations,Operations Specialist,Low,0,68,PHISH007,Payroll Account Verification,Credential Phishing,Medium,Human Resources,T1566.002,0,0.2218,0,0,0,0,0,0,1,1
EVT004438,EMP0444,Operations,Operations Specialist,Low,0,68,PHISH008,QR Code Security Verification,QR Phishing,Hard,All,T1566.002,0,0.3685,1,0,0,0,0,0,0,0
EVT004439,EMP0444,Operations,Operations Specialist,Low,0,68,PHISH009,Resume Attachment,Malicious Attachment Simulation,Medium,Human Resources,T1566.001,0,0.3221,1,0,1,0,0,0,1,1
EVT004440,EMP0444,Operations,Operations Specialist,Low,0,68,PHISH010,IT Helpdesk Account Verification,Credential Phishing,Hard,All,T1566.002,0,0.3429,1,0,0,0,0,0,0,0
EVT004441,EMP0445,Finance,Accountant,High,1,81,PHISH001,Microsoft 365 Password Expiration,Credential Phishing,Easy,All,T1566.002,0,0.115,1,0,0,0,1,172,0,0
EVT004442,EMP0445,Finance,Accountant,High,1,81,PHISH002,HR Benefits Update,Malicious Attachment Simulation,Medium,All,T1566.001,0,0.0813,1,0,0,0,0,0,0,0
EVT004443,EMP0445,Finance,Accountant,High,1,81,PHISH003,CEO Urgent Payment Request,Business Email Compromise,Hard,Finance,T1566,1,0.1773,0,0,0,0,1,743,0,0
EVT004444,EMP0445,Finance,Accountant,High,1,81,PHISH004,Package Delivery Notification,Link Phishing,Easy,All,T1566.002,0,0.0898,1,0,0,0,0,0,0,0
EVT004445,EMP0445,Finance,Accountant,High,1,81,PHISH005,Shared Cloud Document,Cloud Credential Phishing,Medium,All,T1566.003,0,0.1234,1,0,0,0,0,0,0,0
EVT004446,EMP0445,Finance,Accountant,High,1,81,PHISH006,Fake MFA Verification Request,Identity Phishing,Hard,Information Technology,T1566.002,0,0.1819,1,0,0,0,1,304,0,0
EVT004447,EMP0445,Finance,Accountant,High,1,81,PHISH007,Payroll Account Verification,Credential Phishing,Medium,Human Resources,T1566.002,0,0.2404,1,1,0,0,0,0,1,1
EVT004448,EMP0445,Finance,Accountant,High,1,81,PHISH008,QR Code Security Verification,QR Phishing,Hard,All,T1566.002,0,0.1968,1,0,0,0,1,133,0,0
EVT004449,EMP0445,Finance,Accountant,High,1,81,PHISH009,Resume Attachment,Malicious Attachment Simulation,Medium,Human Resources,T1566.001,0,0.1021,1,0,1,0,1,411,1,1
EVT004450,EMP0445,Finance,Accountant,High,1,81,PHISH010,IT Helpdesk Account Verification,Credential Phishing,Hard,All,T1566.002,0,0.2058,1,0,0,0,0,0,0,0
EVT004451,EMP0446,Information Technology,IT Support Analyst,High,1,83,PHISH001,Microsoft 365 Password Expiration,Credential Phishing,Easy,All,T1566.002,0,0.2906,1,0,0,0,1,187,0,0
EVT004452,EMP0446,Information Technology,IT Support Analyst,High,1,83,PHISH002,HR Benefits Update,Malicious Attachment Simulation,Medium,All,T1566.001,0,0.3182,1,0,0,0,0,0,0,0
EVT004453,EMP0446,Information Technology,IT Support Analyst,High,1,83,PHISH003,CEO Urgent Payment Request,Business Email Compromise,Hard,Finance,T1566,0,0.2296,0,0,0,0,1,355,0,0
EVT004454,EMP0446,Information Technology,IT Support Analyst,High,1,83,PHISH004,Package Delivery Notification,Link Phishing,Easy,All,T1566.002,0,0.2903,1,0,0,0,1,147,0,0
EVT004455,EMP0446,Information Technology,IT Support Analyst,High,1,83,PHISH005,Shared Cloud Document,Cloud Credential Phishing,Medium,All,T1566.003,0,0.1526,1,0,0,0,0,0,0,0
EVT004456,EMP0446,Information Technology,IT Support Analyst,High,1,83,PHISH006,Fake MFA Verification Request,Identity Phishing,Hard,Information Technology,T1566.002,1,0.4592,0,0,0,0,0,0,1,1
EVT004457,EMP0446,Information Technology,IT Support Analyst,High,1,83,PHISH007,Payroll Account Verification,Credential Phishing,Medium,Human Resources,T1566.002,0,0.2561,0,0,0,0,1,185,0,0
EVT004458,EMP0446,Information Technology,IT Support Analyst,High,1,83,PHISH008,QR Code Security Verification,QR Phishing,Hard,All,T1566.002,0,0.2868,1,0,0,0,0,0,0,0
EVT004459,EMP0446,Information Technology,IT Support Analyst,High,1,83,PHISH009,Resume Attachment,Malicious Attachment Simulation,Medium,Human Resources,T1566.001,0,0.3264,0,0,0,0,0,0,0,0
EVT004460,EMP0446,Information Technology,IT Support Analyst,High,1,83,PHISH010,IT Helpdesk Account Verification,Credential Phishing,Hard,All,T1566.002,0,0.1839,1,0,0,0,0,0,0,0
EVT004461,EMP0447,Sales,Sales Manager,Medium,1,92,PHISH001,Microsoft 365 Password Expiration,Credential Phishing,Easy,All,T1566.002,0,0.1016,1,0,0,0,1,90,0,0
EVT004462,EMP0447,Sales,Sales Manager,Medium,1,92,PHISH002,HR Benefits Update,Malicious Attachment Simulation,Medium,All,T1566.001,0,0.236,1,0,0,0,1,246,0,0
EVT004463,EMP0447,Sales,Sales Manager,Medium,1,92,PHISH003,CEO Urgent Payment Request,Business Email Compromise,Hard,Finance,T1566,0,0.2571,1,0,0,0,1,108,0,0
EVT004464,EMP0447,Sales,Sales Manager,Medium,1,92,PHISH004,Package Delivery Notification,Link Phishing,Easy,All,T1566.002,0,0.2797,1,0,0,0,0,0,0,0
EVT004465,EMP0447,Sales,Sales Manager,Medium,1,92,PHISH005,Shared Cloud Document,Cloud Credential Phishing,Medium,All,T1566.003,0,0.2646,0,0,0,0,0,0,0,0
EVT004466,EMP0447,Sales,Sales Manager,Medium,1,92,PHISH006,Fake MFA Verification Request,Identity Phishing,Hard,Information Technology,T1566.002,0,0.2182,1,0,0,0,0,0,0,0
EVT004467,EMP0447,Sales,Sales Manager,Medium,1,92,PHISH007,Payroll Account Verification,Credential Phishing,Medium,Human Resources,T1566.002,0,0.2988,1,0,0,0,1,311,0,0
EVT004468,EMP0447,Sales,Sales Manager,Medium,1,92,PHISH008,QR Code Security Verification,QR Phishing,Hard,All,T1566.002,0,0.2271,1,1,0,0,0,0,1,1
EVT004469,EMP0447,Sales,Sales Manager,Medium,1,92,PHISH009,Resume Attachment,Malicious Attachment Simulation,Medium,Human Resources,T1566.001,0,0.308,1,0,1,0,1,184,1,1
EVT004470,EMP0447,Sales,Sales Manager,Medium,1,92,PHISH010,IT Helpdesk Account Verification,Credential Phishing,Hard,All,T1566.002,0,0.2137,0,0,0,0,0,0,1,1
EVT004471,EMP0448,Human Resources,Recruiter,Medium,1,63,PHISH001,Microsoft 365 Password Expiration,Credential Phishing,Easy,All,T1566.002,0,0.3148,1,0,0,0,1,625,0,0
EVT004472,EMP0448,Human Resources,Recruiter,Medium,1,63,PHISH002,HR Benefits Update,Malicious Attachment Simulation,Medium,All,T1566.001,0,0.279,1,0,1,0,0,0,1,1
EVT004473,EMP0448,Human Resources,Recruiter,Medium,1,63,PHISH003,CEO Urgent Payment Request,Business Email Compromise,Hard,Finance,T1566,0,0.33,1,0,0,0,1,207,0,0
EVT004474,EMP0448,Human Resources,Recruiter,Medium,1,63,PHISH004,Package Delivery Notification,Link Phishing,Easy,All,T1566.002,0,0.2491,1,0,0,0,1,286,0,0
EVT004475,EMP0448,Human Resources,Recruiter,Medium,1,63,PHISH005,Shared Cloud Document,Cloud Credential Phishing,Medium,All,T1566.003,0,0.3188,1,0,0,0,1,112,0,0
EVT004476,EMP0448,Human Resources,Recruiter,Medium,1,63,PHISH006,Fake MFA Verification Request,Identity Phishing,Hard,Information Technology,T1566.002,0,0.2508,1,0,0,0,0,0,0,0
EVT004477,EMP0448,Human Resources,Recruiter,Medium,1,63,PHISH007,Payroll Account Verification,Credential Phishing,Medium,Human Resources,T1566.002,1,0.2715,1,1,0,1,1,187,1,1
EVT004478,EMP0448,Human Resources,Recruiter,Medium,1,63,PHISH008,QR Code Security Verification,QR Phishing,Hard,All,T1566.002,0,0.2291,1,1,0,0,0,0,1,1
EVT004479,EMP0448,Human Resources,Recruiter,Medium,1,63,PHISH009,Resume Attachment,Malicious Attachment Simulation,Medium,Human Resources,T1566.001,1,0.3091,0,0,0,0,1,242,0,0
EVT004480,EMP0448,Human Resources,Recruiter,Medium,1,63,PHISH010,IT Helpdesk Account Verification,Credential Phishing,Hard,All,T1566.002,0,0.3384,1,0,0,0,1,296,0,0
EVT004481,EMP0449,Marketing,Marketing Specialist,Medium,1,76,PHISH001,Microsoft 365 Password Expiration,Credential Phishing,Easy,All,T1566.002,0,0.1436,1,0,0,0,1,617,0,0
EVT004482,EMP0449,Marketing,Marketing Specialist,Medium,1,76,PHISH002,HR Benefits Update,Malicious Attachment Simulation,Medium,All,T1566.001,0,0.1765,1,0,1,0,0,0,1,1
EVT004483,EMP0449,Marketing,Marketing Specialist,Medium,1,76,PHISH003,CEO Urgent Payment Request,Business Email Compromise,Hard,Finance,T1566,0,0.0616,1,0,0,0,0,0,0,0
EVT004484,EMP0449,Marketing,Marketing Specialist,Medium,1,76,PHISH004,Package Delivery Notification,Link Phishing,Easy,All,T1566.002,0,0.1579,1,0,0,0,1,242,0,0
EVT004485,EMP0449,Marketing,Marketing Specialist,Medium,1,76,PHISH005,Shared Cloud Document,Cloud Credential Phishing,Medium,All,T1566.003,0,0.0737,0,0,0,0,1,121,1,1
EVT004486,EMP0449,Marketing,Marketing Specialist,Medium,1,76,PHISH006,Fake MFA Verification Request,Identity Phishing,Hard,Information Technology,T1566.002,0,0.2385,1,0,0,0,1,226,0,0
EVT004487,EMP0449,Marketing,Marketing Specialist,Medium,1,76,PHISH007,Payroll Account Verification,Credential Phishing,Medium,Human Resources,T1566.002,0,0.2445,1,0,0,0,0,0,0,0
EVT004488,EMP0449,Marketing,Marketing Specialist,Medium,1,76,PHISH008,QR Code Security Verification,QR Phishing,Hard,All,T1566.002,0,0.2292,1,0,0,0,0,0,0,0
EVT004489,EMP0449,Marketing,Marketing Specialist,Medium,1,76,PHISH009,Resume Attachment,Malicious Attachment Simulation,Medium,Human Resources,T1566.001,0,0.1781,1,0,1,0,0,0,1,1
EVT004490,EMP0449,Marketing,Marketing Specialist,Medium,1,76,PHISH010,IT Helpdesk Account Verification,Credential Phishing,Hard,All,T1566.002,0,0.1505,1,0,0,0,1,472,0,0
EVT004491,EMP0450,Human Resources,Recruiter,High,0,79,PHISH001,Microsoft 365 Password Expiration,Credential Phishing,Easy,All,T1566.002,0,0.3442,1,1,0,0,0,0,1,1
EVT004492,EMP0450,Human Resources,Recruiter,High,0,79,PHISH002,HR Benefits Update,Malicious Attachment Simulation,Medium,All,T1566.001,0,0.4529,1,0,1,0,1,166,1,1
EVT004493,EMP0450,Human Resources,Recruiter,High,0,79,PHISH003,CEO Urgent Payment Request,Business Email Compromise,Hard,Finance,T1566,0,0.4493,1,0,0,0,0,0,0,0
EVT004494,EMP0450,Human Resources,Recruiter,High,0,79,PHISH004,Package Delivery Notification,Link Phishing,Easy,All,T1566.002,0,0.2745,1,0,0,0,1,786,0,0
EVT004495,EMP0450,Human Resources,Recruiter,High,0,79,PHISH005,Shared Cloud Document,Cloud Credential Phishing,Medium,All,T1566.003,0,0.3769,1,0,0,0,0,0,0,0
EVT004496,EMP0450,Human Resources,Recruiter,High,0,79,PHISH006,Fake MFA Verification Request,Identity Phishing,Hard,Information Technology,T1566.002,0,0.2799,1,1,0,1,1,166,1,1
EVT004497,EMP0450,Human Resources,Recruiter,High,0,79,PHISH007,Payroll Account Verification,Credential Phishing,Medium,Human Resources,T1566.002,1,0.474,0,0,0,0,1,91,0,0
EVT004498,EMP0450,Human Resources,Recruiter,High,0,79,PHISH008,QR Code Security Verification,QR Phishing,Hard,All,T1566.002,0,0.339,1,0,0,0,1,181,0,0
EVT004499,EMP0450,Human Resources,Recruiter,High,0,79,PHISH009,Resume Attachment,Malicious Attachment Simulation,Medium,Human Resources,T1566.001,1,0.4,1,0,0,0,1,431,0,0
EVT004500,EMP0450,Human Resources,Recruiter,High,0,79,PHISH010,IT Helpdesk Account Verification,Credential Phishing,Hard,All,T1566.002,0,0.4095,1,0,0,0,1,223,0,0
EVT004501,EMP0451,Marketing,Marketing Manager,Medium,1,97,PHISH001,Microsoft 365 Password Expiration,Credential Phishing,Easy,All,T1566.002,0,0.191,1,0,0,0,1,49,0,0
EVT004502,EMP0451,Marketing,Marketing Manager,Medium,1,97,PHISH002,HR Benefits Update,Malicious Attachment Simulation,Medium,All,T1566.001,0,0.2674,0,0,0,0,1,62,0,0
EVT004503,EMP0451,Marketing,Marketing Manager,Medium,1,97,PHISH003,CEO Urgent Payment Request,Business Email Compromise,Hard,Finance,T1566,0,0.2025,0,0,0,0,1,324,1,1
EVT004504,EMP0451,Marketing,Marketing Manager,Medium,1,97,PHISH004,Package Delivery Notification,Link Phishing,Easy,All,T1566.002,0,0.2612,0,0,0,0,1,481,0,0
EVT004505,EMP0451,Marketing,Marketing Manager,Medium,1,97,PHISH005,Shared Cloud Document,Cloud Credential Phishing,Medium,All,T1566.003,0,0.2488,1,0,0,0,0,0,0,0
EVT004506,EMP0451,Marketing,Marketing Manager,Medium,1,97,PHISH006,Fake MFA Verification Request,Identity Phishing,Hard,Information Technology,T1566.002,0,0.1818,1,0,0,0,0,0,0,0
EVT004507,EMP0451,Marketing,Marketing Manager,Medium,1,97,PHISH007,Payroll Account Verification,Credential Phishing,Medium,Human Resources,T1566.002,0,0.2623,1,0,0,0,1,178,0,0
EVT004508,EMP0451,Marketing,Marketing Manager,Medium,1,97,PHISH008,QR Code Security Verification,QR Phishing,Hard,All,T1566.002,0,0.1999,1,1,0,0,0,0,1,1
EVT004509,EMP0451,Marketing,Marketing Manager,Medium,1,97,PHISH009,Resume Attachment,Malicious Attachment Simulation,Medium,Human Resources,T1566.001,0,0.3184,1,0,1,0,1,184,1,1
EVT004510,EMP0451,Marketing,Marketing Manager,Medium,1,97,PHISH010,IT Helpdesk Account Verification,Credential Phishing,Hard,All,T1566.002,0,0.1353,1,0,0,0,1,163,0,0
EVT004511,EMP0452,Operations,Operations Analyst,Medium,1,67,PHISH001,Microsoft 365 Password Expiration,Credential Phishing,Easy,All,T1566.002,0,0.2715,0,0,0,0,1,390,0,0
EVT004512,EMP0452,Operations,Operations Analyst,Medium,1,67,PHISH002,HR Benefits Update,Malicious Attachment Simulation,Medium,All,T1566.001,0,0.3724,0,0,0,0,0,0,1,1
EVT004513,EMP0452,Operations,Operations Analyst,Medium,1,67,PHISH003,CEO Urgent Payment Request,Business Email Compromise,Hard,Finance,T1566,0,0.2829,1,0,0,0,1,287,1,1
EVT004514,EMP0452,Operations,Operations Analyst,Medium,1,67,PHISH004,Package Delivery Notification,Link Phishing,Easy,All,T1566.002,0,0.1835,1,0,0,0,1,220,0,0
EVT004515,EMP0452,Operations,Operations Analyst,Medium,1,67,PHISH005,Shared Cloud Document,Cloud Credential Phishing,Medium,All,T1566.003,0,0.2717,1,0,0,0,1,671,0,0
EVT004516,EMP0452,Operations,Operations Analyst,Medium,1,67,PHISH006,Fake MFA Verification Request,Identity Phishing,Hard,Information Technology,T1566.002,0,0.2965,1,1,0,1,1,210,1,1
EVT004517,EMP0452,Operations,Operations Analyst,Medium,1,67,PHISH007,Payroll Account Verification,Credential Phishing,Medium,Human Resources,T1566.002,0,0.1851,1,0,0,0,1,218,0,0
EVT004518,EMP0452,Operations,Operations Analyst,Medium,1,67,PHISH008,QR Code Security Verification,QR Phishing,Hard,All,T1566.002,0,0.309,1,0,0,0,1,607,0,0
EVT004519,EMP0452,Operations,Operations Analyst,Medium,1,67,PHISH009,Resume Attachment,Malicious Attachment Simulation,Medium,Human Resources,T1566.001,0,0.3657,0,0,0,0,1,221,0,0
EVT004520,EMP0452,Operations,Operations Analyst,Medium,1,67,PHISH010,IT Helpdesk Account Verification,Credential Phishing,Hard,All,T1566.002,0,0.3882,0,0,0,0,1,216,1,1
EVT004521,EMP0453,Finance,Accountant,Medium,1,97,PHISH001,Microsoft 365 Password Expiration,Credential Phishing,Easy,All,T1566.002,0,0.2216,0,0,0,0,1,208,1,1
EVT004522,EMP0453,Finance,Accountant,Medium,1,97,PHISH002,HR Benefits Update,Malicious Attachment Simulation,Medium,All,T1566.001,0,0.1131,1,0,0,0,1,143,0,0
EVT004523,EMP0453,Finance,Accountant,Medium,1,97,PHISH003,CEO Urgent Payment Request,Business Email Compromise,Hard,Finance,T1566,1,0.2231,0,0,0,0,1,234,0,0
EVT004524,EMP0453,Finance,Accountant,Medium,1,97,PHISH004,Package Delivery Notification,Link Phishing,Easy,All,T1566.002,0,0.14,1,0,0,0,1,316,0,0
EVT004525,EMP0453,Finance,Accountant,Medium,1,97,PHISH005,Shared Cloud Document,Cloud Credential Phishing,Medium,All,T1566.003,0,0.1399,1,0,0,0,1,247,0,0
EVT004526,EMP0453,Finance,Accountant,Medium,1,97,PHISH006,Fake MFA Verification Request,Identity Phishing,Hard,Information Technology,T1566.002,0,0.181,0,0,0,0,1,209,0,0
EVT004527,EMP0453,Finance,Accountant,Medium,1,97,PHISH007,Payroll Account Verification,Credential Phishing,Medium,Human Resources,T1566.002,0,0.1168,1,0,0,0,0,0,0,0
EVT004528,EMP0453,Finance,Accountant,Medium,1,97,PHISH008,QR Code Security Verification,QR Phishing,Hard,All,T1566.002,0,0.2226,0,0,0,0,1,85,0,0
EVT004529,EMP0453,Finance,Accountant,Medium,1,97,PHISH009,Resume Attachment,Malicious Attachment Simulation,Medium,Human Resources,T1566.001,0,0.1386,1,0,1,0,1,124,1,1
EVT004530,EMP0453,Finance,Accountant,Medium,1,97,PHISH010,IT Helpdesk Account Verification,Credential Phishing,Hard,All,T1566.002,0,0.1925,0,0,0,0,1,237,0,0
EVT004531,EMP0454,Executive,Chief Officer,Privileged,1,90,PHISH001,Microsoft 365 Password Expiration,Credential Phishing,Easy,All,T1566.002,0,0.3128,1,1,0,1,1,430,1,1
EVT004532,EMP0454,Executive,Chief Officer,Privileged,1,90,PHISH002,HR Benefits Update,Malicious Attachment Simulation,Medium,All,T1566.001,0,0.4174,1,0,0,0,0,0,0,0
EVT004533,EMP0454,Executive,Chief Officer,Privileged,1,90,PHISH003,CEO Urgent Payment Request,Business Email Compromise,Hard,Finance,T1566,0,0.2915,1,0,0,0,1,187,0,0
EVT004534,EMP0454,Executive,Chief Officer,Privileged,1,90,PHISH004,Package Delivery Notification,Link Phishing,Easy,All,T1566.002,0,0.3781,1,0,0,0,1,413,0,0
EVT004535,EMP0454,Executive,Chief Officer,Privileged,1,90,PHISH005,Shared Cloud Document,Cloud Credential Phishing,Medium,All,T1566.003,0,0.4174,0,0,0,0,0,0,0,0
EVT004536,EMP0454,Executive,Chief Officer,Privileged,1,90,PHISH006,Fake MFA Verification Request,Identity Phishing,Hard,Information Technology,T1566.002,0,0.4038,0,0,0,0,1,147,0,0
EVT004537,EMP0454,Executive,Chief Officer,Privileged,1,90,PHISH007,Payroll Account Verification,Credential Phishing,Medium,Human Resources,T1566.002,0,0.3476,0,0,0,0,0,0,0,0
EVT004538,EMP0454,Executive,Chief Officer,Privileged,1,90,PHISH008,QR Code Security Verification,QR Phishing,Hard,All,T1566.002,0,0.3301,1,0,0,0,1,288,0,0
EVT004539,EMP0454,Executive,Chief Officer,Privileged,1,90,PHISH009,Resume Attachment,Malicious Attachment Simulation,Medium,Human Resources,T1566.001,0,0.2452,1,0,0,0,1,426,0,0
EVT004540,EMP0454,Executive,Chief Officer,Privileged,1,90,PHISH010,IT Helpdesk Account Verification,Credential Phishing,Hard,All,T1566.002,0,0.3738,1,1,0,1,0,0,1,1
EVT004541,EMP0455,Human Resources,Recruiter,Medium,1,48,PHISH001,Microsoft 365 Password Expiration,Credential Phishing,Easy,All,T1566.002,0,0.4913,1,1,0,1,0,0,1,1
EVT004542,EMP0455,Human Resources,Recruiter,Medium,1,48,PHISH002,HR Benefits Update,Malicious Attachment Simulation,Medium,All,T1566.001,0,0.4093,1,0,0,0,0,0,0,0
EVT004543,EMP0455,Human Resources,Recruiter,Medium,1,48,PHISH003,CEO Urgent Payment Request,Business Email Compromise,Hard,Finance,T1566,0,0.5274,0,0,0,0,1,233,0,0
EVT004544,EMP0455,Human Resources,Recruiter,Medium,1,48,PHISH004,Package Delivery Notification,Link Phishing,Easy,All,T1566.002,0,0.3727,1,0,0,0,0,0,0,0
EVT004545,EMP0455,Human Resources,Recruiter,Medium,1,48,PHISH005,Shared Cloud Document,Cloud Credential Phishing,Medium,All,T1566.003,0,0.4695,1,0,0,0,1,88,0,0
EVT004546,EMP0455,Human Resources,Recruiter,Medium,1,48,PHISH006,Fake MFA Verification Request,Identity Phishing,Hard,Information Technology,T1566.002,0,0.3699,1,0,0,0,0,0,0,0
EVT004547,EMP0455,Human Resources,Recruiter,Medium,1,48,PHISH007,Payroll Account Verification,Credential Phishing,Medium,Human Resources,T1566.002,1,0.7258,1,0,0,0,1,417,0,0
EVT004548,EMP0455,Human Resources,Recruiter,Medium,1,48,PHISH008,QR Code Security Verification,QR Phishing,Hard,All,T1566.002,0,0.5496,1,1,0,0,1,317,1,1
EVT004549,EMP0455,Human Resources,Recruiter,Medium,1,48,PHISH009,Resume Attachment,Malicious Attachment Simulation,Medium,Human Resources,T1566.001,1,0.5895,1,0,0,0,0,0,0,0
EVT004550,EMP0455,Human Resources,Recruiter,Medium,1,48,PHISH010,IT Helpdesk Account Verification,Credential Phishing,Hard,All,T1566.002,0,0.4634,0,0,0,0,0,0,0,0
EVT004551,EMP0456,Sales,Account Executive,Medium,1,100,PHISH001,Microsoft 365 Password Expiration,Credential Phishing,Easy,All,T1566.002,0,0.2135,1,1,0,0,0,0,1,1
EVT004552,EMP0456,Sales,Account Executive,Medium,1,100,PHISH002,HR Benefits Update,Malicious Attachment Simulation,Medium,All,T1566.001,0,0.0714,0,0,0,0,1,230,0,0
EVT004553,EMP0456,Sales,Account Executive,Medium,1,100,PHISH003,CEO Urgent Payment Request,Business Email Compromise,Hard,Finance,T1566,0,0.2531,1,0,0,0,1,133,1,1
EVT004554,EMP0456,Sales,Account Executive,Medium,1,100,PHISH004,Package Delivery Notification,Link Phishing,Easy,All,T1566.002,0,0.1494,0,0,0,0,0,0,0,0
EVT004555,EMP0456,Sales,Account Executive,Medium,1,100,PHISH005,Shared Cloud Document,Cloud Credential Phishing,Medium,All,T1566.003,0,0.1463,1,0,0,0,1,462,0,0
EVT004556,EMP0456,Sales,Account Executive,Medium,1,100,PHISH006,Fake MFA Verification Request,Identity Phishing,Hard,Information Technology,T1566.002,0,0.1208,1,0,0,0,0,0,0,0
EVT004557,EMP0456,Sales,Account Executive,Medium,1,100,PHISH007,Payroll Account Verification,Credential Phishing,Medium,Human Resources,T1566.002,0,0.0837,1,0,0,0,1,453,0,0
EVT004558,EMP0456,Sales,Account Executive,Medium,1,100,PHISH008,QR Code Security Verification,QR Phishing,Hard,All,T1566.002,0,0.1931,1,0,0,0,1,317,0,0
EVT004559,EMP0456,Sales,Account Executive,Medium,1,100,PHISH009,Resume Attachment,Malicious Attachment Simulation,Medium,Human Resources,T1566.001,0,0.1014,1,0,0,0,1,527,0,0
EVT004560,EMP0456,Sales,Account Executive,Medium,1,100,PHISH010,IT Helpdesk Account Verification,Credential Phishing,Hard,All,T1566.002,0,0.2,1,0,0,0,0,0,0,0
EVT004561,EMP0457,Human Resources,Recruiter,High,1,90,PHISH001,Microsoft 365 Password Expiration,Credential Phishing,Easy,All,T1566.002,0,0.1921,1,0,0,0,1,192,0,0
EVT004562,EMP0457,Human Resources,Recruiter,High,1,90,PHISH002,HR Benefits Update,Malicious Attachment Simulation,Medium,All,T1566.001,0,0.3318,1,0,0,0,1,568,0,0
EVT004563,EMP0457,Human Resources,Recruiter,High,1,90,PHISH003,CEO Urgent Payment Request,Business Email Compromise,Hard,Finance,T1566,0,0.1257,1,0,0,0,0,0,0,0
EVT004564,EMP0457,Human Resources,Recruiter,High,1,90,PHISH004,Package Delivery Notification,Link Phishing,Easy,All,T1566.002,0,0.1857,0,0,0,0,1,262,0,0
EVT004565,EMP0457,Human Resources,Recruiter,High,1,90,PHISH005,Shared Cloud Document,Cloud Credential Phishing,Medium,All,T1566.003,0,0.3489,1,0,0,0,0,0,0,0
EVT004566,EMP0457,Human Resources,Recruiter,High,1,90,PHISH006,Fake MFA Verification Request,Identity Phishing,Hard,Information Technology,T1566.002,0,0.2491,1,0,0,0,1,259,0,0
EVT004567,EMP0457,Human Resources,Recruiter,High,1,90,PHISH007,Payroll Account Verification,Credential Phishing,Medium,Human Resources,T1566.002,1,0.1849,1,1,0,1,1,386,1,1
EVT004568,EMP0457,Human Resources,Recruiter,High,1,90,PHISH008,QR Code Security Verification,QR Phishing,Hard,All,T1566.002,0,0.2526,1,0,0,0,1,101,0,0
EVT004569,EMP0457,Human Resources,Recruiter,High,1,90,PHISH009,Resume Attachment,Malicious Attachment Simulation,Medium,Human Resources,T1566.001,1,0.3118,0,0,0,0,1,388,0,0
EVT004570,EMP0457,Human Resources,Recruiter,High,1,90,PHISH010,IT Helpdesk Account Verification,Credential Phishing,Hard,All,T1566.002,0,0.2423,1,0,0,0,1,127,0,0
EVT004571,EMP0458,Legal,Legal Assistant,High,1,100,PHISH001,Microsoft 365 Password Expiration,Credential Phishing,Easy,All,T1566.002,0,0.0793,1,0,0,0,1,278,0,0
EVT004572,EMP0458,Legal,Legal Assistant,High,1,100,PHISH002,HR Benefits Update,Malicious Attachment Simulation,Medium,All,T1566.001,0,0.1791,0,0,0,0,0,0,0,0
EVT004573,EMP0458,Legal,Legal Assistant,High,1,100,PHISH003,CEO Urgent Payment Request,Business Email Compromise,Hard,Finance,T1566,0,0.2611,0,0,0,0,1,79,0,0
EVT004574,EMP0458,Legal,Legal Assistant,High,1,100,PHISH004,Package Delivery Notification,Link Phishing,Easy,All,T1566.002,0,0.1094,1,0,0,0,1,362,0,0
EVT004575,EMP0458,Legal,Legal Assistant,High,1,100,PHISH005,Shared Cloud Document,Cloud Credential Phishing,Medium,All,T1566.003,0,0.1513,1,0,0,0,1,802,0,0
EVT004576,EMP0458,Legal,Legal Assistant,High,1,100,PHISH006,Fake MFA Verification Request,Identity Phishing,Hard,Information Technology,T1566.002,0,0.1879,1,0,0,0,0,0,0,0
EVT004577,EMP0458,Legal,Legal Assistant,High,1,100,PHISH007,Payroll Account Verification,Credential Phishing,Medium,Human Resources,T1566.002,0,0.1252,1,0,0,0,1,300,0,0
EVT004578,EMP0458,Legal,Legal Assistant,High,1,100,PHISH008,QR Code Security Verification,QR Phishing,Hard,All,T1566.002,0,0.0559,1,0,0,0,0,0,0,0
EVT004579,EMP0458,Legal,Legal Assistant,High,1,100,PHISH009,Resume Attachment,Malicious Attachment Simulation,Medium,Human Resources,T1566.001,0,0.1358,1,0,0,0,1,269,0,0
EVT004580,EMP0458,Legal,Legal Assistant,High,1,100,PHISH010,IT Helpdesk Account Verification,Credential Phishing,Hard,All,T1566.002,0,0.1243,1,0,0,0,1,567,0,0
EVT004581,EMP0459,Information Technology,IT Support Analyst,Privileged,1,87,PHISH001,Microsoft 365 Password Expiration,Credential Phishing,Easy,All,T1566.002,0,0.1162,1,0,0,0,1,1004,0,0
EVT004582,EMP0459,Information Technology,IT Support Analyst,Privileged,1,87,PHISH002,HR Benefits Update,Malicious Attachment Simulation,Medium,All,T1566.001,0,0.2531,1,0,1,0,1,309,1,1
EVT004583,EMP0459,Information Technology,IT Support Analyst,Privileged,1,87,PHISH003,CEO Urgent Payment Request,Business Email Compromise,Hard,Finance,T1566,0,0.138,1,0,0,0,0,0,0,0
EVT004584,EMP0459,Information Technology,IT Support Analyst,Privileged,1,87,PHISH004,Package Delivery Notification,Link Phishing,Easy,All,T1566.002,0,0.2516,1,0,0,0,0,0,0,0
EVT004585,EMP0459,Information Technology,IT Support Analyst,Privileged,1,87,PHISH005,Shared Cloud Document,Cloud Credential Phishing,Medium,All,T1566.003,0,0.1873,1,0,0,0,0,0,0,0
EVT004586,EMP0459,Information Technology,IT Support Analyst,Privileged,1,87,PHISH006,Fake MFA Verification Request,Identity Phishing,Hard,Information Technology,T1566.002,1,0.2773,0,0,0,0,1,262,0,0
EVT004587,EMP0459,Information Technology,IT Support Analyst,Privileged,1,87,PHISH007,Payroll Account Verification,Credential Phishing,Medium,Human Resources,T1566.002,0,0.1265,0,0,0,0,0,0,0,0
EVT004588,EMP0459,Information Technology,IT Support Analyst,Privileged,1,87,PHISH008,QR Code Security Verification,QR Phishing,Hard,All,T1566.002,0,0.1414,1,0,0,0,1,447,0,0
EVT004589,EMP0459,Information Technology,IT Support Analyst,Privileged,1,87,PHISH009,Resume Attachment,Malicious Attachment Simulation,Medium,Human Resources,T1566.001,0,0.3248,1,0,0,0,0,0,0,0
EVT004590,EMP0459,Information Technology,IT Support Analyst,Privileged,1,87,PHISH010,IT Helpdesk Account Verification,Credential Phishing,Hard,All,T1566.002,0,0.1917,1,0,0,0,0,0,0,0
EVT004591,EMP0460,Human Resources,HR Manager,Medium,1,81,PHISH001,Microsoft 365 Password Expiration,Credential Phishing,Easy,All,T1566.002,0,0.2556,1,0,0,0,1,217,0,0
EVT004592,EMP0460,Human Resources,HR Manager,Medium,1,81,PHISH002,HR Benefits Update,Malicious Attachment Simulation,Medium,All,T1566.001,0,0.2449,1,0,1,0,0,0,1,1
EVT004593,EMP0460,Human Resources,HR Manager,Medium,1,81,PHISH003,CEO Urgent Payment Request,Business Email Compromise,Hard,Finance,T1566,0,0.2035,1,0,0,0,1,74,0,0
EVT004594,EMP0460,Human Resources,HR Manager,Medium,1,81,PHISH004,Package Delivery Notification,Link Phishing,Easy,All,T1566.002,0,0.2476,1,0,0,0,1,283,0,0
EVT004595,EMP0460,Human Resources,HR Manager,Medium,1,81,PHISH005,Shared Cloud Document,Cloud Credential Phishing,Medium,All,T1566.003,0,0.4219,1,0,0,0,1,240,0,0
EVT004596,EMP0460,Human Resources,HR Manager,Medium,1,81,PHISH006,Fake MFA Verification Request,Identity Phishing,Hard,Information Technology,T1566.002,0,0.3535,1,0,0,0,0,0,0,0
EVT004597,EMP0460,Human Resources,HR Manager,Medium,1,81,PHISH007,Payroll Account Verification,Credential Phishing,Medium,Human Resources,T1566.002,1,0.3361,1,0,0,0,1,266,0,0
EVT004598,EMP0460,Human Resources,HR Manager,Medium,1,81,PHISH008,QR Code Security Verification,QR Phishing,Hard,All,T1566.002,0,0.367,0,0,0,0,1,216,0,0
EVT004599,EMP0460,Human Resources,HR Manager,Medium,1,81,PHISH009,Resume Attachment,Malicious Attachment Simulation,Medium,Human Resources,T1566.001,1,0.2399,0,0,0,0,1,156,0,0
EVT004600,EMP0460,Human Resources,HR Manager,Medium,1,81,PHISH010,IT Helpdesk Account Verification,Credential Phishing,Hard,All,T1566.002,0,0.1706,1,0,0,0,1,397,0,0
EVT004601,EMP0461,Legal,Compliance Analyst,Medium,1,68,PHISH001,Microsoft 365 Password Expiration,Credential Phishing,Easy,All,T1566.002,0,0.2506,1,0,0,0,1,288,0,0
EVT004602,EMP0461,Legal,Compliance Analyst,Medium,1,68,PHISH002,HR Benefits Update,Malicious Attachment Simulation,Medium,All,T1566.001,0,0.2605,1,0,0,0,0,0,0,0
EVT004603,EMP0461,Legal,Compliance Analyst,Medium,1,68,PHISH003,CEO Urgent Payment Request,Business Email Compromise,Hard,Finance,T1566,0,0.3058,0,0,0,0,1,266,1,1
EVT004604,EMP0461,Legal,Compliance Analyst,Medium,1,68,PHISH004,Package Delivery Notification,Link Phishing,Easy,All,T1566.002,0,0.2588,0,0,0,0,1,253,0,0
EVT004605,EMP0461,Legal,Compliance Analyst,Medium,1,68,PHISH005,Shared Cloud Document,Cloud Credential Phishing,Medium,All,T1566.003,0,0.2531,1,0,0,0,0,0,0,0
EVT004606,EMP0461,Legal,Compliance Analyst,Medium,1,68,PHISH006,Fake MFA Verification Request,Identity Phishing,Hard,Information Technology,T1566.002,0,0.1827,0,0,0,0,0,0,0,0
EVT004607,EMP0461,Legal,Compliance Analyst,Medium,1,68,PHISH007,Payroll Account Verification,Credential Phishing,Medium,Human Resources,T1566.002,0,0.222,1,1,0,1,1,120,1,1
EVT004608,EMP0461,Legal,Compliance Analyst,Medium,1,68,PHISH008,QR Code Security Verification,QR Phishing,Hard,All,T1566.002,0,0.2607,1,0,0,0,1,344,0,0
EVT004609,EMP0461,Legal,Compliance Analyst,Medium,1,68,PHISH009,Resume Attachment,Malicious Attachment Simulation,Medium,Human Resources,T1566.001,0,0.2051,1,0,0,0,1,77,0,0
EVT004610,EMP0461,Legal,Compliance Analyst,Medium,1,68,PHISH010,IT Helpdesk Account Verification,Credential Phishing,Hard,All,T1566.002,0,0.3172,0,0,0,0,0,0,0,0
EVT004611,EMP0462,Sales,Sales Representative,Low,1,74,PHISH001,Microsoft 365 Password Expiration,Credential Phishing,Easy,All,T1566.002,0,0.3885,1,0,0,0,1,179,0,0
EVT004612,EMP0462,Sales,Sales Representative,Low,1,74,PHISH002,HR Benefits Update,Malicious Attachment Simulation,Medium,All,T1566.001,0,0.2895,1,0,1,0,0,0,1,1
EVT004613,EMP0462,Sales,Sales Representative,Low,1,74,PHISH003,CEO Urgent Payment Request,Business Email Compromise,Hard,Finance,T1566,0,0.3139,1,0,0,0,0,0,0,0
EVT004614,EMP0462,Sales,Sales Representative,Low,1,74,PHISH004,Package Delivery Notification,Link Phishing,Easy,All,T1566.002,0,0.2823,1,1,0,0,1,222,1,1
EVT004615,EMP0462,Sales,Sales Representative,Low,1,74,PHISH005,Shared Cloud Document,Cloud Credential Phishing,Medium,All,T1566.003,0,0.3104,1,1,0,0,1,200,1,1
EVT004616,EMP0462,Sales,Sales Representative,Low,1,74,PHISH006,Fake MFA Verification Request,Identity Phishing,Hard,Information Technology,T1566.002,0,0.3794,1,0,0,0,0,0,0,0
EVT004617,EMP0462,Sales,Sales Representative,Low,1,74,PHISH007,Payroll Account Verification,Credential Phishing,Medium,Human Resources,T1566.002,0,0.2628,1,0,0,0,1,85,0,0
EVT004618,EMP0462,Sales,Sales Representative,Low,1,74,PHISH008,QR Code Security Verification,QR Phishing,Hard,All,T1566.002,0,0.4216,1,0,0,0,0,0,0,0
EVT004619,EMP0462,Sales,Sales Representative,Low,1,74,PHISH009,Resume Attachment,Malicious Attachment Simulation,Medium,Human Resources,T1566.001,0,0.3021,1,0,0,0,1,64,0,0
EVT004620,EMP0462,Sales,Sales Representative,Low,1,74,PHISH010,IT Helpdesk Account Verification,Credential Phishing,Hard,All,T1566.002,0,0.3686,0,0,0,0,0,0,1,1
EVT004621,EMP0463,Operations,Operations Analyst,Low,1,80,PHISH001,Microsoft 365 Password Expiration,Credential Phishing,Easy,All,T1566.002,0,0.2194,1,0,0,0,1,200,0,0
EVT004622,EMP0463,Operations,Operations Analyst,Low,1,80,PHISH002,HR Benefits Update,Malicious Attachment Simulation,Medium,All,T1566.001,0,0.3921,0,0,0,0,1,148,1,1
EVT004623,EMP0463,Operations,Operations Analyst,Low,1,80,PHISH003,CEO Urgent Payment Request,Business Email Compromise,Hard,Finance,T1566,0,0.4042,1,0,0,0,1,183,0,0
EVT004624,EMP0463,Operations,Operations Analyst,Low,1,80,PHISH004,Package Delivery Notification,Link Phishing,Easy,All,T1566.002,0,0.3523,1,1,0,0,0,0,1,1
EVT004625,EMP0463,Operations,Operations Analyst,Low,1,80,PHISH005,Shared Cloud Document,Cloud Credential Phishing,Medium,All,T1566.003,0,0.2103,1,1,0,1,1,521,1,1
EVT004626,EMP0463,Operations,Operations Analyst,Low,1,80,PHISH006,Fake MFA Verification Request,Identity Phishing,Hard,Information Technology,T1566.002,0,0.5117,1,0,0,0,0,0,0,0
EVT004627,EMP0463,Operations,Operations Analyst,Low,1,80,PHISH007,Payroll Account Verification,Credential Phishing,Medium,Human Resources,T1566.002,0,0.2265,1,0,0,0,1,120,0,0
EVT004628,EMP0463,Operations,Operations Analyst,Low,1,80,PHISH008,QR Code Security Verification,QR Phishing,Hard,All,T1566.002,0,0.3496,1,0,0,0,0,0,0,0
EVT004629,EMP0463,Operations,Operations Analyst,Low,1,80,PHISH009,Resume Attachment,Malicious Attachment Simulation,Medium,Human Resources,T1566.001,0,0.3338,1,0,0,0,0,0,0,0
EVT004630,EMP0463,Operations,Operations Analyst,Low,1,80,PHISH010,IT Helpdesk Account Verification,Credential Phishing,Hard,All,T1566.002,0,0.3111,1,1,0,1,1,273,1,1
EVT004631,EMP0464,Information Technology,Security Analyst,Medium,1,94,PHISH001,Microsoft 365 Password Expiration,Credential Phishing,Easy,All,T1566.002,0,0.1715,0,0,0,0,1,269,0,0
EVT004632,EMP0464,Information Technology,Security Analyst,Medium,1,94,PHISH002,HR Benefits Update,Malicious Attachment Simulation,Medium,All,T1566.001,0,0.1504,1,0,0,0,1,289,0,0
EVT004633,EMP0464,Information Technology,Security Analyst,Medium,1,94,PHISH003,CEO Urgent Payment Request,Business Email Compromise,Hard,Finance,T1566,0,0.1727,1,0,0,0,1,227,0,0
EVT004634,EMP0464,Information Technology,Security Analyst,Medium,1,94,PHISH004,Package Delivery Notification,Link Phishing,Easy,All,T1566.002,0,0.1373,0,0,0,0,0,0,0,0
EVT004635,EMP0464,Information Technology,Security Analyst,Medium,1,94,PHISH005,Shared Cloud Document,Cloud Credential Phishing,Medium,All,T1566.003,0,0.1938,1,1,0,1,1,492,1,1
EVT004636,EMP0464,Information Technology,Security Analyst,Medium,1,94,PHISH006,Fake MFA Verification Request,Identity Phishing,Hard,Information Technology,T1566.002,1,0.162,1,0,0,0,0,0,0,0
EVT004637,EMP0464,Information Technology,Security Analyst,Medium,1,94,PHISH007,Payroll Account Verification,Credential Phishing,Medium,Human Resources,T1566.002,0,0.1279,1,0,0,0,0,0,0,0
EVT004638,EMP0464,Information Technology,Security Analyst,Medium,1,94,PHISH008,QR Code Security Verification,QR Phishing,Hard,All,T1566.002,0,0.0391,1,0,0,0,1,361,0,0
EVT004639,EMP0464,Information Technology,Security Analyst,Medium,1,94,PHISH009,Resume Attachment,Malicious Attachment Simulation,Medium,Human Resources,T1566.001,0,0.2395,0,0,0,0,1,400,0,0
EVT004640,EMP0464,Information Technology,Security Analyst,Medium,1,94,PHISH010,IT Helpdesk Account Verification,Credential Phishing,Hard,All,T1566.002,0,0.1278,1,1,0,1,0,0,1,1
EVT004641,EMP0465,Information Technology,Security Analyst,High,1,66,PHISH001,Microsoft 365 Password Expiration,Credential Phishing,Easy,All,T1566.002,0,0.4622,1,1,0,1,0,0,1,1
EVT004642,EMP0465,Information Technology,Security Analyst,High,1,66,PHISH002,HR Benefits Update,Malicious Attachment Simulation,Medium,All,T1566.001,0,0.3099,1,0,0,0,0,0,0,0
EVT004643,EMP0465,Information Technology,Security Analyst,High,1,66,PHISH003,CEO Urgent Payment Request,Business Email Compromise,Hard,Finance,T1566,0,0.3995,1,0,0,0,1,248,1,1
EVT004644,EMP0465,Information Technology,Security Analyst,High,1,66,PHISH004,Package Delivery Notification,Link Phishing,Easy,All,T1566.002,0,0.3679,1,0,0,0,0,0,0,0
EVT004645,EMP0465,Information Technology,Security Analyst,High,1,66,PHISH005,Shared Cloud Document,Cloud Credential Phishing,Medium,All,T1566.003,0,0.3008,0,0,0,0,1,106,0,0
EVT004646,EMP0465,Information Technology,Security Analyst,High,1,66,PHISH006,Fake MFA Verification Request,Identity Phishing,Hard,Information Technology,T1566.002,1,0.3897,1,1,0,1,1,404,1,1
EVT004647,EMP0465,Information Technology,Security Analyst,High,1,66,PHISH007,Payroll Account Verification,Credential Phishing,Medium,Human Resources,T1566.002,0,0.4181,1,1,0,0,0,0,1,1
EVT004648,EMP0465,Information Technology,Security Analyst,High,1,66,PHISH008,QR Code Security Verification,QR Phishing,Hard,All,T1566.002,0,0.3028,1,1,0,0,0,0,1,1
EVT004649,EMP0465,Information Technology,Security Analyst,High,1,66,PHISH009,Resume Attachment,Malicious Attachment Simulation,Medium,Human Resources,T1566.001,0,0.3265,1,0,1,0,1,331,1,1
EVT004650,EMP0465,Information Technology,Security Analyst,High,1,66,PHISH010,IT Helpdesk Account Verification,Credential Phishing,Hard,All,T1566.002,0,0.2674,1,0,0,0,1,181,0,0
EVT004651,EMP0466,Executive,Chief Officer,Privileged,1,75,PHISH001,Microsoft 365 Password Expiration,Credential Phishing,Easy,All,T1566.002,0,0.3467,0,0,0,0,0,0,0,0
EVT004652,EMP0466,Executive,Chief Officer,Privileged,1,75,PHISH002,HR Benefits Update,Malicious Attachment Simulation,Medium,All,T1566.001,0,0.2803,1,0,0,0,1,444,0,0
EVT004653,EMP0466,Executive,Chief Officer,Privileged,1,75,PHISH003,CEO Urgent Payment Request,Business Email Compromise,Hard,Finance,T1566,0,0.5182,1,0,0,0,0,0,0,0
EVT004654,EMP0466,Executive,Chief Officer,Privileged,1,75,PHISH004,Package Delivery Notification,Link Phishing,Easy,All,T1566.002,0,0.4035,1,1,0,0,1,137,1,1
EVT004655,EMP0466,Executive,Chief Officer,Privileged,1,75,PHISH005,Shared Cloud Document,Cloud Credential Phishing,Medium,All,T1566.003,0,0.2746,1,1,0,0,1,420,1,1
EVT004656,EMP0466,Executive,Chief Officer,Privileged,1,75,PHISH006,Fake MFA Verification Request,Identity Phishing,Hard,Information Technology,T1566.002,0,0.2778,1,0,0,0,1,260,0,0
EVT004657,EMP0466,Executive,Chief Officer,Privileged,1,75,PHISH007,Payroll Account Verification,Credential Phishing,Medium,Human Resources,T1566.002,0,0.2383,1,0,0,0,0,0,0,0
EVT004658,EMP0466,Executive,Chief Officer,Privileged,1,75,PHISH008,QR Code Security Verification,QR Phishing,Hard,All,T1566.002,0,0.3423,1,1,0,0,0,0,1,1
EVT004659,EMP0466,Executive,Chief Officer,Privileged,1,75,PHISH009,Resume Attachment,Malicious Attachment Simulation,Medium,Human Resources,T1566.001,0,0.2159,1,0,0,0,0,0,0,0
EVT004660,EMP0466,Executive,Chief Officer,Privileged,1,75,PHISH010,IT Helpdesk Account Verification,Credential Phishing,Hard,All,T1566.002,0,0.315,1,0,0,0,1,102,0,0
EVT004661,EMP0467,Legal,Legal Manager,High,1,70,PHISH001,Microsoft 365 Password Expiration,Credential Phishing,Easy,All,T1566.002,0,0.2545,1,0,0,0,0,0,0,0
EVT004662,EMP0467,Legal,Legal Manager,High,1,70,PHISH002,HR Benefits Update,Malicious Attachment Simulation,Medium,All,T1566.001,0,0.3177,1,0,0,0,1,721,0,0
EVT004663,EMP0467,Legal,Legal Manager,High,1,70,PHISH003,CEO Urgent Payment Request,Business Email Compromise,Hard,Finance,T1566,0,0.214,1,0,0,0,1,487,0,0
EVT004664,EMP0467,Legal,Legal Manager,High,1,70,PHISH004,Package Delivery Notification,Link Phishing,Easy,All,T1566.002,0,0.2647,1,1,0,0,0,0,1,1
EVT004665,EMP0467,Legal,Legal Manager,High,1,70,PHISH005,Shared Cloud Document,Cloud Credential Phishing,Medium,All,T1566.003,0,0.2444,1,0,0,0,1,160,0,0
EVT004666,EMP0467,Legal,Legal Manager,High,1,70,PHISH006,Fake MFA Verification Request,Identity Phishing,Hard,Information Technology,T1566.002,0,0.1965,1,0,0,0,1,85,0,0
EVT004667,EMP0467,Legal,Legal Manager,High,1,70,PHISH007,Payroll Account Verification,Credential Phishing,Medium,Human Resources,T1566.002,0,0.3123,1,1,0,0,0,0,1,1
EVT004668,EMP0467,Legal,Legal Manager,High,1,70,PHISH008,QR Code Security Verification,QR Phishing,Hard,All,T1566.002,0,0.2934,1,1,0,0,0,0,1,1
EVT004669,EMP0467,Legal,Legal Manager,High,1,70,PHISH009,Resume Attachment,Malicious Attachment Simulation,Medium,Human Resources,T1566.001,0,0.2942,1,0,1,0,0,0,1,1
EVT004670,EMP0467,Legal,Legal Manager,High,1,70,PHISH010,IT Helpdesk Account Verification,Credential Phishing,Hard,All,T1566.002,0,0.2606,1,0,0,0,1,222,0,0
EVT004671,EMP0468,Information Technology,System Administrator,Medium,1,81,PHISH001,Microsoft 365 Password Expiration,Credential Phishing,Easy,All,T1566.002,0,0.1619,1,0,0,0,1,88,0,0
EVT004672,EMP0468,Information Technology,System Administrator,Medium,1,81,PHISH002,HR Benefits Update,Malicious Attachment Simulation,Medium,All,T1566.001,0,0.2069,1,0,0,0,1,164,0,0
EVT004673,EMP0468,Information Technology,System Administrator,Medium,1,81,PHISH003,CEO Urgent Payment Request,Business Email Compromise,Hard,Finance,T1566,0,0.2256,1,0,0,0,0,0,0,0
EVT004674,EMP0468,Information Technology,System Administrator,Medium,1,81,PHISH004,Package Delivery Notification,Link Phishing,Easy,All,T1566.002,0,0.263,1,0,0,0,0,0,0,0
EVT004675,EMP0468,Information Technology,System Administrator,Medium,1,81,PHISH005,Shared Cloud Document,Cloud Credential Phishing,Medium,All,T1566.003,0,0.2781,1,1,0,0,0,0,1,1
EVT004676,EMP0468,Information Technology,System Administrator,Medium,1,81,PHISH006,Fake MFA Verification Request,Identity Phishing,Hard,Information Technology,T1566.002,1,0.3078,1,0,0,0,1,245,0,0
EVT004677,EMP0468,Information Technology,System Administrator,Medium,1,81,PHISH007,Payroll Account Verification,Credential Phishing,Medium,Human Resources,T1566.002,0,0.2241,1,1,0,1,0,0,1,1
EVT004678,EMP0468,Information Technology,System Administrator,Medium,1,81,PHISH008,QR Code Security Verification,QR Phishing,Hard,All,T1566.002,0,0.2899,1,1,0,0,1,189,1,1
EVT004679,EMP0468,Information Technology,System Administrator,Medium,1,81,PHISH009,Resume Attachment,Malicious Attachment Simulation,Medium,Human Resources,T1566.001,0,0.2845,1,0,0,0,1,172,0,0
EVT004680,EMP0468,Information Technology,System Administrator,Medium,1,81,PHISH010,IT Helpdesk Account Verification,Credential Phishing,Hard,All,T1566.002,0,0.1669,1,0,0,0,0,0,0,0
EVT004681,EMP0469,Executive,Vice President,Privileged,1,80,PHISH001,Microsoft 365 Password Expiration,Credential Phishing,Easy,All,T1566.002,0,0.2747,1,1,0,1,0,0,1,1
EVT004682,EMP0469,Executive,Vice President,Privileged,1,80,PHISH002,HR Benefits Update,Malicious Attachment Simulation,Medium,All,T1566.001,0,0.2344,1,0,1,0,1,348,1,1
EVT004683,EMP0469,Executive,Vice President,Privileged,1,80,PHISH003,CEO Urgent Payment Request,Business Email Compromise,Hard,Finance,T1566,0,0.2866,1,0,0,0,0,0,0,0
EVT004684,EMP0469,Executive,Vice President,Privileged,1,80,PHISH004,Package Delivery Notification,Link Phishing,Easy,All,T1566.002,0,0.19,0,0,0,0,1,364,0,0
EVT004685,EMP0469,Executive,Vice President,Privileged,1,80,PHISH005,Shared Cloud Document,Cloud Credential Phishing,Medium,All,T1566.003,0,0.2043,0,0,0,0,0,0,0,0
EVT004686,EMP0469,Executive,Vice President,Privileged,1,80,PHISH006,Fake MFA Verification Request,Identity Phishing,Hard,Information Technology,T1566.002,0,0.206,1,0,0,0,0,0,0,0
EVT004687,EMP0469,Executive,Vice President,Privileged,1,80,PHISH007,Payroll Account Verification,Credential Phishing,Medium,Human Resources,T1566.002,0,0.1724,1,0,0,0,1,268,0,0
EVT004688,EMP0469,Executive,Vice President,Privileged,1,80,PHISH008,QR Code Security Verification,QR Phishing,Hard,All,T1566.002,0,0.2714,0,0,0,0,1,224,0,0
EVT004689,EMP0469,Executive,Vice President,Privileged,1,80,PHISH009,Resume Attachment,Malicious Attachment Simulation,Medium,Human Resources,T1566.001,0,0.2169,1,0,0,0,0,0,0,0
EVT004690,EMP0469,Executive,Vice President,Privileged,1,80,PHISH010,IT Helpdesk Account Verification,Credential Phishing,Hard,All,T1566.002,0,0.2702,1,0,0,0,0,0,0,0
EVT004691,EMP0470,Operations,Operations Manager,Low,1,94,PHISH001,Microsoft 365 Password Expiration,Credential Phishing,Easy,All,T1566.002,0,0.2327,1,1,0,1,0,0,1,1
EVT004692,EMP0470,Operations,Operations Manager,Low,1,94,PHISH002,HR Benefits Update,Malicious Attachment Simulation,Medium,All,T1566.001,0,0.1981,1,0,0,0,1,128,0,0
EVT004693,EMP0470,Operations,Operations Manager,Low,1,94,PHISH003,CEO Urgent Payment Request,Business Email Compromise,Hard,Finance,T1566,0,0.159,1,0,0,0,0,0,0,0
EVT004694,EMP0470,Operations,Operations Manager,Low,1,94,PHISH004,Package Delivery Notification,Link Phishing,Easy,All,T1566.002,0,0.2635,0,0,0,0,0,0,0,0
EVT004695,EMP0470,Operations,Operations Manager,Low,1,94,PHISH005,Shared Cloud Document,Cloud Credential Phishing,Medium,All,T1566.003,0,0.1474,1,0,0,0,0,0,0,0
EVT004696,EMP0470,Operations,Operations Manager,Low,1,94,PHISH006,Fake MFA Verification Request,Identity Phishing,Hard,Information Technology,T1566.002,0,0.2042,1,0,0,0,1,150,0,0
EVT004697,EMP0470,Operations,Operations Manager,Low,1,94,PHISH007,Payroll Account Verification,Credential Phishing,Medium,Human Resources,T1566.002,0,0.0547,0,0,0,0,1,60,0,0
EVT004698,EMP0470,Operations,Operations Manager,Low,1,94,PHISH008,QR Code Security Verification,QR Phishing,Hard,All,T1566.002,0,0.2248,1,0,0,0,1,234,0,0
EVT004699,EMP0470,Operations,Operations Manager,Low,1,94,PHISH009,Resume Attachment,Malicious Attachment Simulation,Medium,Human Resources,T1566.001,0,0.1902,1,0,0,0,1,155,0,0
EVT004700,EMP0470,Operations,Operations Manager,Low,1,94,PHISH010,IT Helpdesk Account Verification,Credential Phishing,Hard,All,T1566.002,0,0.3069,0,0,0,0,1,279,1,1
EVT004701,EMP0471,Legal,Legal Manager,Medium,1,78,PHISH001,Microsoft 365 Password Expiration,Credential Phishing,Easy,All,T1566.002,0,0.3486,1,0,0,0,1,278,0,0
EVT004702,EMP0471,Legal,Legal Manager,Medium,1,78,PHISH002,HR Benefits Update,Malicious Attachment Simulation,Medium,All,T1566.001,0,0.3294,1,0,0,0,1,256,0,0
EVT004703,EMP0471,Legal,Legal Manager,Medium,1,78,PHISH003,CEO Urgent Payment Request,Business Email Compromise,Hard,Finance,T1566,0,0.4616,1,0,0,0,0,0,0,0
EVT004704,EMP0471,Legal,Legal Manager,Medium,1,78,PHISH004,Package Delivery Notification,Link Phishing,Easy,All,T1566.002,0,0.3976,1,0,0,0,1,352,0,0
EVT004705,EMP0471,Legal,Legal Manager,Medium,1,78,PHISH005,Shared Cloud Document,Cloud Credential Phishing,Medium,All,T1566.003,0,0.3684,1,0,0,0,0,0,0,0
EVT004706,EMP0471,Legal,Legal Manager,Medium,1,78,PHISH006,Fake MFA Verification Request,Identity Phishing,Hard,Information Technology,T1566.002,0,0.325,1,1,0,1,1,401,1,1
EVT004707,EMP0471,Legal,Legal Manager,Medium,1,78,PHISH007,Payroll Account Verification,Credential Phishing,Medium,Human Resources,T1566.002,0,0.3624,1,0,0,0,1,105,0,0
EVT004708,EMP0471,Legal,Legal Manager,Medium,1,78,PHISH008,QR Code Security Verification,QR Phishing,Hard,All,T1566.002,0,0.4122,1,0,0,0,1,287,0,0
EVT004709,EMP0471,Legal,Legal Manager,Medium,1,78,PHISH009,Resume Attachment,Malicious Attachment Simulation,Medium,Human Resources,T1566.001,0,0.3642,1,0,0,0,0,0,0,0
EVT004710,EMP0471,Legal,Legal Manager,Medium,1,78,PHISH010,IT Helpdesk Account Verification,Credential Phishing,Hard,All,T1566.002,0,0.3173,1,0,0,0,0,0,0,0
EVT004711,EMP0472,Operations,Operations Specialist,Medium,1,78,PHISH001,Microsoft 365 Password Expiration,Credential Phishing,Easy,All,T1566.002,0,0.2727,0,0,0,0,0,0,0,0
EVT004712,EMP0472,Operations,Operations Specialist,Medium,1,78,PHISH002,HR Benefits Update,Malicious Attachment Simulation,Medium,All,T1566.001,0,0.2127,1,0,0,0,0,0,0,0
EVT004713,EMP0472,Operations,Operations Specialist,Medium,1,78,PHISH003,CEO Urgent Payment Request,Business Email Compromise,Hard,Finance,T1566,0,0.2839,1,0,0,0,0,0,0,0
EVT004714,EMP0472,Operations,Operations Specialist,Medium,1,78,PHISH004,Package Delivery Notification,Link Phishing,Easy,All,T1566.002,0,0.2538,1,0,0,0,1,375,0,0
EVT004715,EMP0472,Operations,Operations Specialist,Medium,1,78,PHISH005,Shared Cloud Document,Cloud Credential Phishing,Medium,All,T1566.003,0,0.3006,1,1,0,1,0,0,1,1
EVT004716,EMP0472,Operations,Operations Specialist,Medium,1,78,PHISH006,Fake MFA Verification Request,Identity Phishing,Hard,Information Technology,T1566.002,0,0.2122,1,0,0,0,1,144,0,0
EVT004717,EMP0472,Operations,Operations Specialist,Medium,1,78,PHISH007,Payroll Account Verification,Credential Phishing,Medium,Human Resources,T1566.002,0,0.179,1,1,0,1,1,88,1,1
EVT004718,EMP0472,Operations,Operations Specialist,Medium,1,78,PHISH008,QR Code Security Verification,QR Phishing,Hard,All,T1566.002,0,0.1698,1,0,0,0,1,493,0,0
EVT004719,EMP0472,Operations,Operations Specialist,Medium,1,78,PHISH009,Resume Attachment,Malicious Attachment Simulation,Medium,Human Resources,T1566.001,0,0.2468,1,0,1,0,0,0,1,1
EVT004720,EMP0472,Operations,Operations Specialist,Medium,1,78,PHISH010,IT Helpdesk Account Verification,Credential Phishing,Hard,All,T1566.002,0,0.3345,1,0,0,0,0,0,0,0
EVT004721,EMP0473,Finance,Financial Analyst,High,1,63,PHISH001,Microsoft 365 Password Expiration,Credential Phishing,Easy,All,T1566.002,0,0.314,1,1,0,1,1,267,1,1
EVT004722,EMP0473,Finance,Financial Analyst,High,1,63,PHISH002,HR Benefits Update,Malicious Attachment Simulation,Medium,All,T1566.001,0,0.3637,1,0,0,0,0,0,0,0
EVT004723,EMP0473,Finance,Financial Analyst,High,1,63,PHISH003,CEO Urgent Payment Request,Business Email Compromise,Hard,Finance,T1566,1,0.3646,1,0,0,0,1,483,0,0
EVT004724,EMP0473,Finance,Financial Analyst,High,1,63,PHISH004,Package Delivery Notification,Link Phishing,Easy,All,T1566.002,0,0.1916,1,1,0,0,0,0,1,1
EVT004725,EMP0473,Finance,Financial Analyst,High,1,63,PHISH005,Shared Cloud Document,Cloud Credential Phishing,Medium,All,T1566.003,0,0.1431,1,0,0,0,0,0,0,0
EVT004726,EMP0473,Finance,Financial Analyst,High,1,63,PHISH006,Fake MFA Verification Request,Identity Phishing,Hard,Information Technology,T1566.002,0,0.3654,1,0,0,0,1,110,0,0
EVT004727,EMP0473,Finance,Financial Analyst,High,1,63,PHISH007,Payroll Account Verification,Credential Phishing,Medium,Human Resources,T1566.002,0,0.3174,1,1,0,0,0,0,1,1
EVT004728,EMP0473,Finance,Financial Analyst,High,1,63,PHISH008,QR Code Security Verification,QR Phishing,Hard,All,T1566.002,0,0.3819,1,1,0,0,0,0,1,1
EVT004729,EMP0473,Finance,Financial Analyst,High,1,63,PHISH009,Resume Attachment,Malicious Attachment Simulation,Medium,Human Resources,T1566.001,0,0.3451,1,0,0,0,1,181,0,0
EVT004730,EMP0473,Finance,Financial Analyst,High,1,63,PHISH010,IT Helpdesk Account Verification,Credential Phishing,Hard,All,T1566.002,0,0.3718,1,0,0,0,0,0,0,0
EVT004731,EMP0474,Operations,Operations Analyst,Low,1,69,PHISH001,Microsoft 365 Password Expiration,Credential Phishing,Easy,All,T1566.002,0,0.2636,1,0,0,0,1,167,0,0
EVT004732,EMP0474,Operations,Operations Analyst,Low,1,69,PHISH002,HR Benefits Update,Malicious Attachment Simulation,Medium,All,T1566.001,0,0.3519,0,0,0,0,0,0,1,1
EVT004733,EMP0474,Operations,Operations Analyst,Low,1,69,PHISH003,CEO Urgent Payment Request,Business Email Compromise,Hard,Finance,T1566,0,0.3778,0,0,0,0,0,0,0,0
EVT004734,EMP0474,Operations,Operations Analyst,Low,1,69,PHISH004,Package Delivery Notification,Link Phishing,Easy,All,T1566.002,0,0.2454,1,0,0,0,0,0,0,0
EVT004735,EMP0474,Operations,Operations Analyst,Low,1,69,PHISH005,Shared Cloud Document,Cloud Credential Phishing,Medium,All,T1566.003,0,0.41,1,1,0,0,0,0,1,1
EVT004736,EMP0474,Operations,Operations Analyst,Low,1,69,PHISH006,Fake MFA Verification Request,Identity Phishing,Hard,Information Technology,T1566.002,0,0.3564,1,0,0,0,1,304,0,0
EVT004737,EMP0474,Operations,Operations Analyst,Low,1,69,PHISH007,Payroll Account Verification,Credential Phishing,Medium,Human Resources,T1566.002,0,0.3112,1,0,0,0,0,0,0,0
EVT004738,EMP0474,Operations,Operations Analyst,Low,1,69,PHISH008,QR Code Security Verification,QR Phishing,Hard,All,T1566.002,0,0.3873,0,0,0,0,0,0,0,0
EVT004739,EMP0474,Operations,Operations Analyst,Low,1,69,PHISH009,Resume Attachment,Malicious Attachment Simulation,Medium,Human Resources,T1566.001,0,0.418,1,0,0,0,0,0,0,0
EVT004740,EMP0474,Operations,Operations Analyst,Low,1,69,PHISH010,IT Helpdesk Account Verification,Credential Phishing,Hard,All,T1566.002,0,0.3272,1,1,0,1,1,162,1,1
EVT004741,EMP0475,Marketing,Digital Marketing Analyst,Low,1,69,PHISH001,Microsoft 365 Password Expiration,Credential Phishing,Easy,All,T1566.002,0,0.2767,1,0,0,0,0,0,0,0
EVT004742,EMP0475,Marketing,Digital Marketing Analyst,Low,1,69,PHISH002,HR Benefits Update,Malicious Attachment Simulation,Medium,All,T1566.001,0,0.2005,1,0,0,0,0,0,0,0
EVT004743,EMP0475,Marketing,Digital Marketing Analyst,Low,1,69,PHISH003,CEO Urgent Payment Request,Business Email Compromise,Hard,Finance,T1566,0,0.2755,1,0,0,0,1,1216,0,0
EVT004744,EMP0475,Marketing,Digital Marketing Analyst,Low,1,69,PHISH004,Package Delivery Notification,Link Phishing,Easy,All,T1566.002,0,0.3192,1,0,0,0,0,0,0,0
EVT004745,EMP0475,Marketing,Digital Marketing Analyst,Low,1,69,PHISH005,Shared Cloud Document,Cloud Credential Phishing,Medium,All,T1566.003,0,0.3403,1,0,0,0,1,363,0,0
EVT004746,EMP0475,Marketing,Digital Marketing Analyst,Low,1,69,PHISH006,Fake MFA Verification Request,Identity Phishing,Hard,Information Technology,T1566.002,0,0.3212,1,0,0,0,0,0,0,0
EVT004747,EMP0475,Marketing,Digital Marketing Analyst,Low,1,69,PHISH007,Payroll Account Verification,Credential Phishing,Medium,Human Resources,T1566.002,0,0.2822,1,0,0,0,0,0,0,0
EVT004748,EMP0475,Marketing,Digital Marketing Analyst,Low,1,69,PHISH008,QR Code Security Verification,QR Phishing,Hard,All,T1566.002,0,0.282,1,0,0,0,1,187,0,0
EVT004749,EMP0475,Marketing,Digital Marketing Analyst,Low,1,69,PHISH009,Resume Attachment,Malicious Attachment Simulation,Medium,Human Resources,T1566.001,0,0.2182,1,0,1,0,1,154,1,1
EVT004750,EMP0475,Marketing,Digital Marketing Analyst,Low,1,69,PHISH010,IT Helpdesk Account Verification,Credential Phishing,Hard,All,T1566.002,0,0.3378,1,0,0,0,1,161,0,0
EVT004751,EMP0476,Executive,Chief Officer,High,1,81,PHISH001,Microsoft 365 Password Expiration,Credential Phishing,Easy,All,T1566.002,0,0.2592,1,0,0,0,1,167,0,0
EVT004752,EMP0476,Executive,Chief Officer,High,1,81,PHISH002,HR Benefits Update,Malicious Attachment Simulation,Medium,All,T1566.001,0,0.306,1,0,0,0,1,454,0,0
EVT004753,EMP0476,Executive,Chief Officer,High,1,81,PHISH003,CEO Urgent Payment Request,Business Email Compromise,Hard,Finance,T1566,0,0.3792,1,0,0,0,1,556,0,0
EVT004754,EMP0476,Executive,Chief Officer,High,1,81,PHISH004,Package Delivery Notification,Link Phishing,Easy,All,T1566.002,0,0.2585,1,0,0,0,0,0,0,0
EVT004755,EMP0476,Executive,Chief Officer,High,1,81,PHISH005,Shared Cloud Document,Cloud Credential Phishing,Medium,All,T1566.003,0,0.2548,0,0,0,0,1,531,0,0
EVT004756,EMP0476,Executive,Chief Officer,High,1,81,PHISH006,Fake MFA Verification Request,Identity Phishing,Hard,Information Technology,T1566.002,0,0.3075,1,0,0,0,1,377,0,0
EVT004757,EMP0476,Executive,Chief Officer,High,1,81,PHISH007,Payroll Account Verification,Credential Phishing,Medium,Human Resources,T1566.002,0,0.3564,1,1,0,1,0,0,1,1
EVT004758,EMP0476,Executive,Chief Officer,High,1,81,PHISH008,QR Code Security Verification,QR Phishing,Hard,All,T1566.002,0,0.3141,1,0,0,0,0,0,0,0
EVT004759,EMP0476,Executive,Chief Officer,High,1,81,PHISH009,Resume Attachment,Malicious Attachment Simulation,Medium,Human Resources,T1566.001,0,0.3548,0,0,0,0,0,0,1,1
EVT004760,EMP0476,Executive,Chief Officer,High,1,81,PHISH010,IT Helpdesk Account Verification,Credential Phishing,Hard,All,T1566.002,0,0.28,1,0,0,0,0,0,0,0
EVT004761,EMP0477,Legal,Legal Manager,High,1,85,PHISH001,Microsoft 365 Password Expiration,Credential Phishing,Easy,All,T1566.002,0,0.2991,1,0,0,0,1,272,0,0
EVT004762,EMP0477,Legal,Legal Manager,High,1,85,PHISH002,HR Benefits Update,Malicious Attachment Simulation,Medium,All,T1566.001,0,0.2977,1,0,0,0,0,0,0,0
EVT004763,EMP0477,Legal,Legal Manager,High,1,85,PHISH003,CEO Urgent Payment Request,Business Email Compromise,Hard,Finance,T1566,0,0.235,1,0,0,0,1,138,0,0
EVT004764,EMP0477,Legal,Legal Manager,High,1,85,PHISH004,Package Delivery Notification,Link Phishing,Easy,All,T1566.002,0,0.3545,0,0,0,0,0,0,0,0
EVT004765,EMP0477,Legal,Legal Manager,High,1,85,PHISH005,Shared Cloud Document,Cloud Credential Phishing,Medium,All,T1566.003,0,0.2621,1,1,0,1,0,0,1,1
EVT004766,EMP0477,Legal,Legal Manager,High,1,85,PHISH006,Fake MFA Verification Request,Identity Phishing,Hard,Information Technology,T1566.002,0,0.3623,1,0,0,0,1,205,0,0
EVT004767,EMP0477,Legal,Legal Manager,High,1,85,PHISH007,Payroll Account Verification,Credential Phishing,Medium,Human Resources,T1566.002,0,0.2639,1,0,0,0,0,0,0,0
EVT004768,EMP0477,Legal,Legal Manager,High,1,85,PHISH008,QR Code Security Verification,QR Phishing,Hard,All,T1566.002,0,0.2085,1,0,0,0,1,109,0,0
EVT004769,EMP0477,Legal,Legal Manager,High,1,85,PHISH009,Resume Attachment,Malicious Attachment Simulation,Medium,Human Resources,T1566.001,0,0.3591,1,0,0,0,0,0,0,0
EVT004770,EMP0477,Legal,Legal Manager,High,1,85,PHISH010,IT Helpdesk Account Verification,Credential Phishing,Hard,All,T1566.002,0,0.2173,1,0,0,0,1,391,0,0
EVT004771,EMP0478,Information Technology,IT Support Analyst,High,0,82,PHISH001,Microsoft 365 Password Expiration,Credential Phishing,Easy,All,T1566.002,0,0.3825,1,0,0,0,0,0,0,0
EVT004772,EMP0478,Information Technology,IT Support Analyst,High,0,82,PHISH002,HR Benefits Update,Malicious Attachment Simulation,Medium,All,T1566.001,0,0.4705,1,0,0,0,1,117,0,0
EVT004773,EMP0478,Information Technology,IT Support Analyst,High,0,82,PHISH003,CEO Urgent Payment Request,Business Email Compromise,Hard,Finance,T1566,0,0.3806,1,0,0,0,0,0,0,0
EVT004774,EMP0478,Information Technology,IT Support Analyst,High,0,82,PHISH004,Package Delivery Notification,Link Phishing,Easy,All,T1566.002,0,0.3203,0,0,0,0,1,222,0,0
EVT004775,EMP0478,Information Technology,IT Support Analyst,High,0,82,PHISH005,Shared Cloud Document,Cloud Credential Phishing,Medium,All,T1566.003,0,0.3808,1,1,0,0,1,118,1,1
EVT004776,EMP0478,Information Technology,IT Support Analyst,High,0,82,PHISH006,Fake MFA Verification Request,Identity Phishing,Hard,Information Technology,T1566.002,1,0.5511,1,1,0,0,0,0,1,1
EVT004777,EMP0478,Information Technology,IT Support Analyst,High,0,82,PHISH007,Payroll Account Verification,Credential Phishing,Medium,Human Resources,T1566.002,0,0.4604,1,0,0,0,0,0,0,0
EVT004778,EMP0478,Information Technology,IT Support Analyst,High,0,82,PHISH008,QR Code Security Verification,QR Phishing,Hard,All,T1566.002,0,0.4407,1,0,0,0,0,0,0,0
EVT004779,EMP0478,Information Technology,IT Support Analyst,High,0,82,PHISH009,Resume Attachment,Malicious Attachment Simulation,Medium,Human Resources,T1566.001,0,0.4329,1,0,0,0,0,0,0,0
EVT004780,EMP0478,Information Technology,IT Support Analyst,High,0,82,PHISH010,IT Helpdesk Account Verification,Credential Phishing,Hard,All,T1566.002,0,0.359,1,0,0,0,1,1145,0,0
EVT004781,EMP0479,Human Resources,Recruiter,Medium,1,89,PHISH001,Microsoft 365 Password Expiration,Credential Phishing,Easy,All,T1566.002,0,0.344,1,1,0,1,0,0,1,1
EVT004782,EMP0479,Human Resources,Recruiter,Medium,1,89,PHISH002,HR Benefits Update,Malicious Attachment Simulation,Medium,All,T1566.001,0,0.3664,1,0,0,0,1,134,0,0
EVT004783,EMP0479,Human Resources,Recruiter,Medium,1,89,PHISH003,CEO Urgent Payment Request,Business Email Compromise,Hard,Finance,T1566,0,0.2464,1,0,0,0,1,217,1,1
EVT004784,EMP0479,Human Resources,Recruiter,Medium,1,89,PHISH004,Package Delivery Notification,Link Phishing,Easy,All,T1566.002,0,0.3063,0,0,0,0,1,342,1,1
EVT004785,EMP0479,Human Resources,Recruiter,Medium,1,89,PHISH005,Shared Cloud Document,Cloud Credential Phishing,Medium,All,T1566.003,0,0.3439,1,0,0,0,1,97,0,0
EVT004786,EMP0479,Human Resources,Recruiter,Medium,1,89,PHISH006,Fake MFA Verification Request,Identity Phishing,Hard,Information Technology,T1566.002,0,0.3523,0,0,0,0,0,0,0,0
EVT004787,EMP0479,Human Resources,Recruiter,Medium,1,89,PHISH007,Payroll Account Verification,Credential Phishing,Medium,Human Resources,T1566.002,1,0.4574,0,0,0,0,0,0,1,1
EVT004788,EMP0479,Human Resources,Recruiter,Medium,1,89,PHISH008,QR Code Security Verification,QR Phishing,Hard,All,T1566.002,0,0.2692,1,1,0,0,1,142,1,1
EVT004789,EMP0479,Human Resources,Recruiter,Medium,1,89,PHISH009,Resume Attachment,Malicious Attachment Simulation,Medium,Human Resources,T1566.001,1,0.3944,1,0,1,0,0,0,1,1
EVT004790,EMP0479,Human Resources,Recruiter,Medium,1,89,PHISH010,IT Helpdesk Account Verification,Credential Phishing,Hard,All,T1566.002,0,0.3055,1,1,0,0,0,0,1,1
EVT004791,EMP0480,Information Technology,IT Support Analyst,Medium,1,100,PHISH001,Microsoft 365 Password Expiration,Credential Phishing,Easy,All,T1566.002,0,0.1477,1,0,0,0,0,0,0,0
EVT004792,EMP0480,Information Technology,IT Support Analyst,Medium,1,100,PHISH002,HR Benefits Update,Malicious Attachment Simulation,Medium,All,T1566.001,0,0.195,0,0,0,0,1,302,0,0
EVT004793,EMP0480,Information Technology,IT Support Analyst,Medium,1,100,PHISH003,CEO Urgent Payment Request,Business Email Compromise,Hard,Finance,T1566,0,0.03,1,0,0,0,1,723,0,0
EVT004794,EMP0480,Information Technology,IT Support Analyst,Medium,1,100,PHISH004,Package Delivery Notification,Link Phishing,Easy,All,T1566.002,0,0.1551,1,0,0,0,1,137,0,0
EVT004795,EMP0480,Information Technology,IT Support Analyst,Medium,1,100,PHISH005,Shared Cloud Document,Cloud Credential Phishing,Medium,All,T1566.003,0,0.1325,1,0,0,0,0,0,0,0
EVT004796,EMP0480,Information Technology,IT Support Analyst,Medium,1,100,PHISH006,Fake MFA Verification Request,Identity Phishing,Hard,Information Technology,T1566.002,1,0.271,1,0,0,0,1,283,0,0
EVT004797,EMP0480,Information Technology,IT Support Analyst,Medium,1,100,PHISH007,Payroll Account Verification,Credential Phishing,Medium,Human Resources,T1566.002,0,0.1844,1,1,0,1,0,0,1,1
EVT004798,EMP0480,Information Technology,IT Support Analyst,Medium,1,100,PHISH008,QR Code Security Verification,QR Phishing,Hard,All,T1566.002,0,0.1384,1,0,0,0,0,0,0,0
EVT004799,EMP0480,Information Technology,IT Support Analyst,Medium,1,100,PHISH009,Resume Attachment,Malicious Attachment Simulation,Medium,Human Resources,T1566.001,0,0.2016,1,0,0,0,0,0,0,0
EVT004800,EMP0480,Information Technology,IT Support Analyst,Medium,1,100,PHISH010,IT Helpdesk Account Verification,Credential Phishing,Hard,All,T1566.002,0,0.2121,1,0,0,0,0,0,0,0
EVT004801,EMP0481,Executive,Vice President,High,1,68,PHISH001,Microsoft 365 Password Expiration,Credential Phishing,Easy,All,T1566.002,0,0.2245,1,0,0,0,1,216,0,0
EVT004802,EMP0481,Executive,Vice President,High,1,68,PHISH002,HR Benefits Update,Malicious Attachment Simulation,Medium,All,T1566.001,0,0.2283,1,0,0,0,1,73,0,0
EVT004803,EMP0481,Executive,Vice President,High,1,68,PHISH003,CEO Urgent Payment Request,Business Email Compromise,Hard,Finance,T1566,0,0.2394,1,0,0,0,0,0,0,0
EVT004804,EMP0481,Executive,Vice President,High,1,68,PHISH004,Package Delivery Notification,Link Phishing,Easy,All,T1566.002,0,0.2502,0,0,0,0,1,196,0,0
EVT004805,EMP0481,Executive,Vice President,High,1,68,PHISH005,Shared Cloud Document,Cloud Credential Phishing,Medium,All,T1566.003,0,0.2147,1,0,0,0,0,0,0,0
EVT004806,EMP0481,Executive,Vice President,High,1,68,PHISH006,Fake MFA Verification Request,Identity Phishing,Hard,Information Technology,T1566.002,0,0.2528,1,1,0,1,0,0,1,1
EVT004807,EMP0481,Executive,Vice President,High,1,68,PHISH007,Payroll Account Verification,Credential Phishing,Medium,Human Resources,T1566.002,0,0.1676,1,0,0,0,0,0,0,0
EVT004808,EMP0481,Executive,Vice President,High,1,68,PHISH008,QR Code Security Verification,QR Phishing,Hard,All,T1566.002,0,0.3171,1,0,0,0,1,333,0,0
EVT004809,EMP0481,Executive,Vice President,High,1,68,PHISH009,Resume Attachment,Malicious Attachment Simulation,Medium,Human Resources,T1566.001,0,0.3312,1,0,0,0,1,111,0,0
EVT004810,EMP0481,Executive,Vice President,High,1,68,PHISH010,IT Helpdesk Account Verification,Credential Phishing,Hard,All,T1566.002,0,0.2303,1,0,0,0,1,202,0,0
EVT004811,EMP0482,Legal,Compliance Analyst,High,1,97,PHISH001,Microsoft 365 Password Expiration,Credential Phishing,Easy,All,T1566.002,0,0.1115,1,0,0,0,0,0,0,0
EVT004812,EMP0482,Legal,Compliance Analyst,High,1,97,PHISH002,HR Benefits Update,Malicious Attachment Simulation,Medium,All,T1566.001,0,0.1389,1,0,0,0,1,222,0,0
EVT004813,EMP0482,Legal,Compliance Analyst,High,1,97,PHISH003,CEO Urgent Payment Request,Business Email Compromise,Hard,Finance,T1566,0,0.1968,1,0,0,0,0,0,1,1
EVT004814,EMP0482,Legal,Compliance Analyst,High,1,97,PHISH004,Package Delivery Notification,Link Phishing,Easy,All,T1566.002,0,0.1837,1,0,0,0,1,617,0,0
EVT004815,EMP0482,Legal,Compliance Analyst,High,1,97,PHISH005,Shared Cloud Document,Cloud Credential Phishing,Medium,All,T1566.003,0,0.3075,1,1,0,1,1,400,1,1
EVT004816,EMP0482,Legal,Compliance Analyst,High,1,97,PHISH006,Fake MFA Verification Request,Identity Phishing,Hard,Information Technology,T1566.002,0,0.1693,1,1,0,1,0,0,1,1
EVT004817,EMP0482,Legal,Compliance Analyst,High,1,97,PHISH007,Payroll Account Verification,Credential Phishing,Medium,Human Resources,T1566.002,0,0.277,1,0,0,0,1,368,0,0
EVT004818,EMP0482,Legal,Compliance Analyst,High,1,97,PHISH008,QR Code Security Verification,QR Phishing,Hard,All,T1566.002,0,0.2398,0,0,0,0,0,0,0,0
EVT004819,EMP0482,Legal,Compliance Analyst,High,1,97,PHISH009,Resume Attachment,Malicious Attachment Simulation,Medium,Human Resources,T1566.001,0,0.2248,1,0,0,0,0,0,0,0
EVT004820,EMP0482,Legal,Compliance Analyst,High,1,97,PHISH010,IT Helpdesk Account Verification,Credential Phishing,Hard,All,T1566.002,0,0.3007,1,1,0,1,1,88,1,1
EVT004821,EMP0483,Marketing,Digital Marketing Analyst,Medium,1,84,PHISH001,Microsoft 365 Password Expiration,Credential Phishing,Easy,All,T1566.002,0,0.1192,1,0,0,0,1,148,0,0
EVT004822,EMP0483,Marketing,Digital Marketing Analyst,Medium,1,84,PHISH002,HR Benefits Update,Malicious Attachment Simulation,Medium,All,T1566.001,0,0.3357,1,0,1,0,1,103,1,1
EVT004823,EMP0483,Marketing,Digital Marketing Analyst,Medium,1,84,PHISH003,CEO Urgent Payment Request,Business Email Compromise,Hard,Finance,T1566,0,0.2914,1,0,0,0,0,0,1,1
EVT004824,EMP0483,Marketing,Digital Marketing Analyst,Medium,1,84,PHISH004,Package Delivery Notification,Link Phishing,Easy,All,T1566.002,0,0.2958,1,0,0,0,1,452,0,0
EVT004825,EMP0483,Marketing,Digital Marketing Analyst,Medium,1,84,PHISH005,Shared Cloud Document,Cloud Credential Phishing,Medium,All,T1566.003,0,0.3285,0,0,0,0,1,304,0,0
EVT004826,EMP0483,Marketing,Digital Marketing Analyst,Medium,1,84,PHISH006,Fake MFA Verification Request,Identity Phishing,Hard,Information Technology,T1566.002,0,0.264,1,0,0,0,1,1177,0,0
EVT004827,EMP0483,Marketing,Digital Marketing Analyst,Medium,1,84,PHISH007,Payroll Account Verification,Credential Phishing,Medium,Human Resources,T1566.002,0,0.3401,1,1,0,0,1,868,1,1
EVT004828,EMP0483,Marketing,Digital Marketing Analyst,Medium,1,84,PHISH008,QR Code Security Verification,QR Phishing,Hard,All,T1566.002,0,0.2833,1,1,0,0,0,0,1,1
EVT004829,EMP0483,Marketing,Digital Marketing Analyst,Medium,1,84,PHISH009,Resume Attachment,Malicious Attachment Simulation,Medium,Human Resources,T1566.001,0,0.2402,1,0,0,0,0,0,0,0
EVT004830,EMP0483,Marketing,Digital Marketing Analyst,Medium,1,84,PHISH010,IT Helpdesk Account Verification,Credential Phishing,Hard,All,T1566.002,0,0.3377,0,0,0,0,0,0,1,1
EVT004831,EMP0484,Finance,Finance Manager,High,0,97,PHISH001,Microsoft 365 Password Expiration,Credential Phishing,Easy,All,T1566.002,0,0.2374,0,0,0,0,1,204,0,0
EVT004832,EMP0484,Finance,Finance Manager,High,0,97,PHISH002,HR Benefits Update,Malicious Attachment Simulation,Medium,All,T1566.001,0,0.2519,1,0,0,0,1,444,0,0
EVT004833,EMP0484,Finance,Finance Manager,High,0,97,PHISH003,CEO Urgent Payment Request,Business Email Compromise,Hard,Finance,T1566,1,0.2966,1,0,0,0,1,232,1,1
EVT004834,EMP0484,Finance,Finance Manager,High,0,97,PHISH004,Package Delivery Notification,Link Phishing,Easy,All,T1566.002,0,0.2837,1,0,0,0,1,120,0,0
EVT004835,EMP0484,Finance,Finance Manager,High,0,97,PHISH005,Shared Cloud Document,Cloud Credential Phishing,Medium,All,T1566.003,0,0.2791,1,0,0,0,0,0,0,0
EVT004836,EMP0484,Finance,Finance Manager,High,0,97,PHISH006,Fake MFA Verification Request,Identity Phishing,Hard,Information Technology,T1566.002,0,0.3024,1,1,0,0,0,0,1,1
EVT004837,EMP0484,Finance,Finance Manager,High,0,97,PHISH007,Payroll Account Verification,Credential Phishing,Medium,Human Resources,T1566.002,0,0.3099,1,0,0,0,1,321,0,0
EVT004838,EMP0484,Finance,Finance Manager,High,0,97,PHISH008,QR Code Security Verification,QR Phishing,Hard,All,T1566.002,0,0.1933,1,1,0,0,1,213,1,1
EVT004839,EMP0484,Finance,Finance Manager,High,0,97,PHISH009,Resume Attachment,Malicious Attachment Simulation,Medium,Human Resources,T1566.001,0,0.3852,0,0,0,0,0,0,0,0
EVT004840,EMP0484,Finance,Finance Manager,High,0,97,PHISH010,IT Helpdesk Account Verification,Credential Phishing,Hard,All,T1566.002,0,0.2887,1,0,0,0,0,0,0,0
EVT004841,EMP0485,Human Resources,Recruiter,Medium,1,71,PHISH001,Microsoft 365 Password Expiration,Credential Phishing,Easy,All,T1566.002,0,0.2831,1,0,0,0,0,0,0,0
EVT004842,EMP0485,Human Resources,Recruiter,Medium,1,71,PHISH002,HR Benefits Update,Malicious Attachment Simulation,Medium,All,T1566.001,0,0.2613,1,0,1,0,0,0,1,1
EVT004843,EMP0485,Human Resources,Recruiter,Medium,1,71,PHISH003,CEO Urgent Payment Request,Business Email Compromise,Hard,Finance,T1566,0,0.2598,0,0,0,0,0,0,0,0
EVT004844,EMP0485,Human Resources,Recruiter,Medium,1,71,PHISH004,Package Delivery Notification,Link Phishing,Easy,All,T1566.002,0,0.2065,1,0,0,0,1,295,0,0
EVT004845,EMP0485,Human Resources,Recruiter,Medium,1,71,PHISH005,Shared Cloud Document,Cloud Credential Phishing,Medium,All,T1566.003,0,0.3,0,0,0,0,1,209,0,0
EVT004846,EMP0485,Human Resources,Recruiter,Medium,1,71,PHISH006,Fake MFA Verification Request,Identity Phishing,Hard,Information Technology,T1566.002,0,0.1825,1,0,0,0,0,0,0,0
EVT004847,EMP0485,Human Resources,Recruiter,Medium,1,71,PHISH007,Payroll Account Verification,Credential Phishing,Medium,Human Resources,T1566.002,1,0.4542,1,1,0,1,0,0,1,1
EVT004848,EMP0485,Human Resources,Recruiter,Medium,1,71,PHISH008,QR Code Security Verification,QR Phishing,Hard,All,T1566.002,0,0.3518,1,0,0,0,1,143,0,0
EVT004849,EMP0485,Human Resources,Recruiter,Medium,1,71,PHISH009,Resume Attachment,Malicious Attachment Simulation,Medium,Human Resources,T1566.001,1,0.2894,1,0,0,0,1,235,0,0
EVT004850,EMP0485,Human Resources,Recruiter,Medium,1,71,PHISH010,IT Helpdesk Account Verification,Credential Phishing,Hard,All,T1566.002,0,0.2603,1,0,0,0,0,0,0,0
EVT004851,EMP0486,Marketing,Digital Marketing Analyst,Medium,1,65,PHISH001,Microsoft 365 Password Expiration,Credential Phishing,Easy,All,T1566.002,0,0.2892,1,0,0,0,0,0,0,0
EVT004852,EMP0486,Marketing,Digital Marketing Analyst,Medium,1,65,PHISH002,HR Benefits Update,Malicious Attachment Simulation,Medium,All,T1566.001,0,0.3273,0,0,0,0,0,0,0,0
EVT004853,EMP0486,Marketing,Digital Marketing Analyst,Medium,1,65,PHISH003,CEO Urgent Payment Request,Business Email Compromise,Hard,Finance,T1566,0,0.4771,0,0,0,0,1,204,1,1
EVT004854,EMP0486,Marketing,Digital Marketing Analyst,Medium,1,65,PHISH004,Package Delivery Notification,Link Phishing,Easy,All,T1566.002,0,0.3563,0,0,0,0,0,0,0,0
EVT004855,EMP0486,Marketing,Digital Marketing Analyst,Medium,1,65,PHISH005,Shared Cloud Document,Cloud Credential Phishing,Medium,All,T1566.003,0,0.3908,1,0,0,0,1,152,0,0
EVT004856,EMP0486,Marketing,Digital Marketing Analyst,Medium,1,65,PHISH006,Fake MFA Verification Request,Identity Phishing,Hard,Information Technology,T1566.002,0,0.3391,1,1,0,0,0,0,1,1
EVT004857,EMP0486,Marketing,Digital Marketing Analyst,Medium,1,65,PHISH007,Payroll Account Verification,Credential Phishing,Medium,Human Resources,T1566.002,0,0.3301,1,0,0,0,1,388,0,0
EVT004858,EMP0486,Marketing,Digital Marketing Analyst,Medium,1,65,PHISH008,QR Code Security Verification,QR Phishing,Hard,All,T1566.002,0,0.4045,0,0,0,0,0,0,0,0
EVT004859,EMP0486,Marketing,Digital Marketing Analyst,Medium,1,65,PHISH009,Resume Attachment,Malicious Attachment Simulation,Medium,Human Resources,T1566.001,0,0.3446,1,0,1,0,0,0,1,1
EVT004860,EMP0486,Marketing,Digital Marketing Analyst,Medium,1,65,PHISH010,IT Helpdesk Account Verification,Credential Phishing,Hard,All,T1566.002,0,0.5051,1,0,0,0,1,680,0,0
EVT004861,EMP0487,Information Technology,System Administrator,Medium,1,80,PHISH001,Microsoft 365 Password Expiration,Credential Phishing,Easy,All,T1566.002,0,0.2993,1,0,0,0,1,244,0,0
EVT004862,EMP0487,Information Technology,System Administrator,Medium,1,80,PHISH002,HR Benefits Update,Malicious Attachment Simulation,Medium,All,T1566.001,0,0.3828,0,0,0,0,0,0,0,0
EVT004863,EMP0487,Information Technology,System Administrator,Medium,1,80,PHISH003,CEO Urgent Payment Request,Business Email Compromise,Hard,Finance,T1566,0,0.2605,1,0,0,0,1,80,0,0
EVT004864,EMP0487,Information Technology,System Administrator,Medium,1,80,PHISH004,Package Delivery Notification,Link Phishing,Easy,All,T1566.002,0,0.2176,1,0,0,0,0,0,0,0
EVT004865,EMP0487,Information Technology,System Administrator,Medium,1,80,PHISH005,Shared Cloud Document,Cloud Credential Phishing,Medium,All,T1566.003,0,0.1771,1,0,0,0,0,0,0,0
EVT004866,EMP0487,Information Technology,System Administrator,Medium,1,80,PHISH006,Fake MFA Verification Request,Identity Phishing,Hard,Information Technology,T1566.002,1,0.3403,1,1,0,1,1,574,1,1
EVT004867,EMP0487,Information Technology,System Administrator,Medium,1,80,PHISH007,Payroll Account Verification,Credential Phishing,Medium,Human Resources,T1566.002,0,0.251,1,0,0,0,1,357,0,0
EVT004868,EMP0487,Information Technology,System Administrator,Medium,1,80,PHISH008,QR Code Security Verification,QR Phishing,Hard,All,T1566.002,0,0.2807,1,0,0,0,1,311,0,0
EVT004869,EMP0487,Information Technology,System Administrator,Medium,1,80,PHISH009,Resume Attachment,Malicious Attachment Simulation,Medium,Human Resources,T1566.001,0,0.256,0,0,0,0,1,480,0,0
EVT004870,EMP0487,Information Technology,System Administrator,Medium,1,80,PHISH010,IT Helpdesk Account Verification,Credential Phishing,Hard,All,T1566.002,0,0.205,0,0,0,0,0,0,0,0
EVT004871,EMP0488,Information Technology,System Administrator,High,1,59,PHISH001,Microsoft 365 Password Expiration,Credential Phishing,Easy,All,T1566.002,0,0.4484,0,0,0,0,0,0,0,0
EVT004872,EMP0488,Information Technology,System Administrator,High,1,59,PHISH002,HR Benefits Update,Malicious Attachment Simulation,Medium,All,T1566.001,0,0.4018,0,0,0,0,1,851,0,0
EVT004873,EMP0488,Information Technology,System Administrator,High,1,59,PHISH003,CEO Urgent Payment Request,Business Email Compromise,Hard,Finance,T1566,0,0.3645,1,0,0,0,0,0,1,1
EVT004874,EMP0488,Information Technology,System Administrator,High,1,59,PHISH004,Package Delivery Notification,Link Phishing,Easy,All,T1566.002,0,0.2812,0,0,0,0,1,251,0,0
EVT004875,EMP0488,Information Technology,System Administrator,High,1,59,PHISH005,Shared Cloud Document,Cloud Credential Phishing,Medium,All,T1566.003,0,0.4231,1,1,0,0,1,357,1,1
EVT004876,EMP0488,Information Technology,System Administrator,High,1,59,PHISH006,Fake MFA Verification Request,Identity Phishing,Hard,Information Technology,T1566.002,1,0.4519,1,1,0,1,0,0,1,1
EVT004877,EMP0488,Information Technology,System Administrator,High,1,59,PHISH007,Payroll Account Verification,Credential Phishing,Medium,Human Resources,T1566.002,0,0.3364,1,0,0,0,1,241,0,0
EVT004878,EMP0488,Information Technology,System Administrator,High,1,59,PHISH008,QR Code Security Verification,QR Phishing,Hard,All,T1566.002,0,0.2404,0,0,0,0,0,0,0,0
EVT004879,EMP0488,Information Technology,System Administrator,High,1,59,PHISH009,Resume Attachment,Malicious Attachment Simulation,Medium,Human Resources,T1566.001,0,0.382,1,0,0,0,0,0,0,0
EVT004880,EMP0488,Information Technology,System Administrator,High,1,59,PHISH010,IT Helpdesk Account Verification,Credential Phishing,Hard,All,T1566.002,0,0.3676,1,1,0,1,0,0,1,1
EVT004881,EMP0489,Marketing,Marketing Specialist,Low,1,92,PHISH001,Microsoft 365 Password Expiration,Credential Phishing,Easy,All,T1566.002,0,0.3554,1,1,0,1,0,0,1,1
EVT004882,EMP0489,Marketing,Marketing Specialist,Low,1,92,PHISH002,HR Benefits Update,Malicious Attachment Simulation,Medium,All,T1566.001,0,0.2875,0,0,0,0,1,517,0,0
EVT004883,EMP0489,Marketing,Marketing Specialist,Low,1,92,PHISH003,CEO Urgent Payment Request,Business Email Compromise,Hard,Finance,T1566,0,0.362,1,0,0,0,1,727,0,0
EVT004884,EMP0489,Marketing,Marketing Specialist,Low,1,92,PHISH004,Package Delivery Notification,Link Phishing,Easy,All,T1566.002,0,0.3969,0,0,0,0,1,243,0,0
EVT004885,EMP0489,Marketing,Marketing Specialist,Low,1,92,PHISH005,Shared Cloud Document,Cloud Credential Phishing,Medium,All,T1566.003,0,0.2767,0,0,0,0,0,0,1,1
EVT004886,EMP0489,Marketing,Marketing Specialist,Low,1,92,PHISH006,Fake MFA Verification Request,Identity Phishing,Hard,Information Technology,T1566.002,0,0.3622,1,0,0,0,0,0,0,0
EVT004887,EMP0489,Marketing,Marketing Specialist,Low,1,92,PHISH007,Payroll Account Verification,Credential Phishing,Medium,Human Resources,T1566.002,0,0.2039,1,0,0,0,1,107,0,0
EVT004888,EMP0489,Marketing,Marketing Specialist,Low,1,92,PHISH008,QR Code Security Verification,QR Phishing,Hard,All,T1566.002,0,0.2181,1,1,0,0,0,0,1,1
EVT004889,EMP0489,Marketing,Marketing Specialist,Low,1,92,PHISH009,Resume Attachment,Malicious Attachment Simulation,Medium,Human Resources,T1566.001,0,0.255,0,0,0,0,1,505,0,0
EVT004890,EMP0489,Marketing,Marketing Specialist,Low,1,92,PHISH010,IT Helpdesk Account Verification,Credential Phishing,Hard,All,T1566.002,0,0.2579,1,0,0,0,0,0,0,0
EVT004891,EMP0490,Operations,Operations Manager,Medium,1,63,PHISH001,Microsoft 365 Password Expiration,Credential Phishing,Easy,All,T1566.002,0,0.3542,0,0,0,0,0,0,0,0
EVT004892,EMP0490,Operations,Operations Manager,Medium,1,63,PHISH002,HR Benefits Update,Malicious Attachment Simulation,Medium,All,T1566.001,0,0.4898,1,0,1,0,0,0,1,1
EVT004893,EMP0490,Operations,Operations Manager,Medium,1,63,PHISH003,CEO Urgent Payment Request,Business Email Compromise,Hard,Finance,T1566,0,0.4055,1,0,0,0,0,0,1,1
EVT004894,EMP0490,Operations,Operations Manager,Medium,1,63,PHISH004,Package Delivery Notification,Link Phishing,Easy,All,T1566.002,0,0.4134,1,0,0,0,0,0,0,0
EVT004895,EMP0490,Operations,Operations Manager,Medium,1,63,PHISH005,Shared Cloud Document,Cloud Credential Phishing,Medium,All,T1566.003,0,0.4307,1,1,0,1,0,0,1,1
EVT004896,EMP0490,Operations,Operations Manager,Medium,1,63,PHISH006,Fake MFA Verification Request,Identity Phishing,Hard,Information Technology,T1566.002,0,0.3318,1,0,0,0,1,340,0,0
EVT004897,EMP0490,Operations,Operations Manager,Medium,1,63,PHISH007,Payroll Account Verification,Credential Phishing,Medium,Human Resources,T1566.002,0,0.3371,1,1,0,1,0,0,1,1
EVT004898,EMP0490,Operations,Operations Manager,Medium,1,63,PHISH008,QR Code Security Verification,QR Phishing,Hard,All,T1566.002,0,0.4252,0,0,0,0,1,65,0,0
EVT004899,EMP0490,Operations,Operations Manager,Medium,1,63,PHISH009,Resume Attachment,Malicious Attachment Simulation,Medium,Human Resources,T1566.001,0,0.4502,1,0,0,0,0,0,0,0
EVT004900,EMP0490,Operations,Operations Manager,Medium,1,63,PHISH010,IT Helpdesk Account Verification,Credential Phishing,Hard,All,T1566.002,0,0.5029,1,0,0,0,0,0,0,0
EVT004901,EMP0491,Legal,Legal Assistant,Medium,1,69,PHISH001,Microsoft 365 Password Expiration,Credential Phishing,Easy,All,T1566.002,0,0.2349,0,0,0,0,1,498,0,0
EVT004902,EMP0491,Legal,Legal Assistant,Medium,1,69,PHISH002,HR Benefits Update,Malicious Attachment Simulation,Medium,All,T1566.001,0,0.3499,1,0,1,0,0,0,1,1
EVT004903,EMP0491,Legal,Legal Assistant,Medium,1,69,PHISH003,CEO Urgent Payment Request,Business Email Compromise,Hard,Finance,T1566,0,0.2282,1,0,0,0,0,0,0,0
EVT004904,EMP0491,Legal,Legal Assistant,Medium,1,69,PHISH004,Package Delivery Notification,Link Phishing,Easy,All,T1566.002,0,0.2577,1,1,0,0,0,0,1,1
EVT004905,EMP0491,Legal,Legal Assistant,Medium,1,69,PHISH005,Shared Cloud Document,Cloud Credential Phishing,Medium,All,T1566.003,0,0.2697,1,0,0,0,0,0,0,0
EVT004906,EMP0491,Legal,Legal Assistant,Medium,1,69,PHISH006,Fake MFA Verification Request,Identity Phishing,Hard,Information Technology,T1566.002,0,0.285,1,0,0,0,1,332,0,0
EVT004907,EMP0491,Legal,Legal Assistant,Medium,1,69,PHISH007,Payroll Account Verification,Credential Phishing,Medium,Human Resources,T1566.002,0,0.4145,1,1,0,1,0,0,1,1
EVT004908,EMP0491,Legal,Legal Assistant,Medium,1,69,PHISH008,QR Code Security Verification,QR Phishing,Hard,All,T1566.002,0,0.2881,1,1,0,0,0,0,1,1
EVT004909,EMP0491,Legal,Legal Assistant,Medium,1,69,PHISH009,Resume Attachment,Malicious Attachment Simulation,Medium,Human Resources,T1566.001,0,0.2502,1,0,0,0,1,170,0,0
EVT004910,EMP0491,Legal,Legal Assistant,Medium,1,69,PHISH010,IT Helpdesk Account Verification,Credential Phishing,Hard,All,T1566.002,0,0.4075,1,0,0,0,0,0,0,0
EVT004911,EMP0492,Marketing,Marketing Manager,Medium,1,77,PHISH001,Microsoft 365 Password Expiration,Credential Phishing,Easy,All,T1566.002,0,0.1591,1,0,0,0,1,335,0,0
EVT004912,EMP0492,Marketing,Marketing Manager,Medium,1,77,PHISH002,HR Benefits Update,Malicious Attachment Simulation,Medium,All,T1566.001,0,0.2069,1,0,0,0,1,300,0,0
EVT004913,EMP0492,Marketing,Marketing Manager,Medium,1,77,PHISH003,CEO Urgent Payment Request,Business Email Compromise,Hard,Finance,T1566,0,0.3641,1,0,0,0,0,0,1,1
EVT004914,EMP0492,Marketing,Marketing Manager,Medium,1,77,PHISH004,Package Delivery Notification,Link Phishing,Easy,All,T1566.002,0,0.2359,1,0,0,0,1,114,0,0
EVT004915,EMP0492,Marketing,Marketing Manager,Medium,1,77,PHISH005,Shared Cloud Document,Cloud Credential Phishing,Medium,All,T1566.003,0,0.2679,1,0,0,0,0,0,0,0
EVT004916,EMP0492,Marketing,Marketing Manager,Medium,1,77,PHISH006,Fake MFA Verification Request,Identity Phishing,Hard,Information Technology,T1566.002,0,0.2937,1,0,0,0,0,0,0,0
EVT004917,EMP0492,Marketing,Marketing Manager,Medium,1,77,PHISH007,Payroll Account Verification,Credential Phishing,Medium,Human Resources,T1566.002,0,0.2578,0,0,0,0,0,0,0,0
EVT004918,EMP0492,Marketing,Marketing Manager,Medium,1,77,PHISH008,QR Code Security Verification,QR Phishing,Hard,All,T1566.002,0,0.3024,1,1,0,0,1,225,1,1
EVT004919,EMP0492,Marketing,Marketing Manager,Medium,1,77,PHISH009,Resume Attachment,Malicious Attachment Simulation,Medium,Human Resources,T1566.001,0,0.2259,1,0,1,0,0,0,1,1
EVT004920,EMP0492,Marketing,Marketing Manager,Medium,1,77,PHISH010,IT Helpdesk Account Verification,Credential Phishing,Hard,All,T1566.002,0,0.4396,1,0,0,0,1,118,0,0
EVT004921,EMP0493,Finance,Accountant,High,1,80,PHISH001,Microsoft 365 Password Expiration,Credential Phishing,Easy,All,T1566.002,0,0.198,1,1,0,1,0,0,1,1
EVT004922,EMP0493,Finance,Accountant,High,1,80,PHISH002,HR Benefits Update,Malicious Attachment Simulation,Medium,All,T1566.001,0,0.0704,1,0,0,0,0,0,0,0
EVT004923,EMP0493,Finance,Accountant,High,1,80,PHISH003,CEO Urgent Payment Request,Business Email Compromise,Hard,Finance,T1566,1,0.2868,1,0,0,0,0,0,0,0
EVT004924,EMP0493,Finance,Accountant,High,1,80,PHISH004,Package Delivery Notification,Link Phishing,Easy,All,T1566.002,0,0.3156,1,1,0,0,0,0,1,1
EVT004925,EMP0493,Finance,Accountant,High,1,80,PHISH005,Shared Cloud Document,Cloud Credential Phishing,Medium,All,T1566.003,0,0.2324,1,1,0,1,0,0,1,1
EVT004926,EMP0493,Finance,Accountant,High,1,80,PHISH006,Fake MFA Verification Request,Identity Phishing,Hard,Information Technology,T1566.002,0,0.275,1,0,0,0,1,342,0,0
EVT004927,EMP0493,Finance,Accountant,High,1,80,PHISH007,Payroll Account Verification,Credential Phishing,Medium,Human Resources,T1566.002,0,0.258,1,0,0,0,1,127,0,0
EVT004928,EMP0493,Finance,Accountant,High,1,80,PHISH008,QR Code Security Verification,QR Phishing,Hard,All,T1566.002,0,0.2006,1,0,0,0,0,0,0,0
EVT004929,EMP0493,Finance,Accountant,High,1,80,PHISH009,Resume Attachment,Malicious Attachment Simulation,Medium,Human Resources,T1566.001,0,0.3544,1,0,0,0,0,0,0,0
EVT004930,EMP0493,Finance,Accountant,High,1,80,PHISH010,IT Helpdesk Account Verification,Credential Phishing,Hard,All,T1566.002,0,0.2752,1,0,0,0,0,0,0,0
EVT004931,EMP0494,Information Technology,IT Support Analyst,High,1,61,PHISH001,Microsoft 365 Password Expiration,Credential Phishing,Easy,All,T1566.002,0,0.4102,1,0,0,0,1,262,0,0
EVT004932,EMP0494,Information Technology,IT Support Analyst,High,1,61,PHISH002,HR Benefits Update,Malicious Attachment Simulation,Medium,All,T1566.001,0,0.377,1,0,1,0,0,0,1,1
EVT004933,EMP0494,Information Technology,IT Support Analyst,High,1,61,PHISH003,CEO Urgent Payment Request,Business Email Compromise,Hard,Finance,T1566,0,0.4725,1,0,0,0,0,0,0,0
EVT004934,EMP0494,Information Technology,IT Support Analyst,High,1,61,PHISH004,Package Delivery Notification,Link Phishing,Easy,All,T1566.002,0,0.3811,1,1,0,0,0,0,1,1
EVT004935,EMP0494,Information Technology,IT Support Analyst,High,1,61,PHISH005,Shared Cloud Document,Cloud Credential Phishing,Medium,All,T1566.003,0,0.4307,1,1,0,0,0,0,1,1
EVT004936,EMP0494,Information Technology,IT Support Analyst,High,1,61,PHISH006,Fake MFA Verification Request,Identity Phishing,Hard,Information Technology,T1566.002,1,0.6096,1,1,0,0,0,0,1,1
EVT004937,EMP0494,Information Technology,IT Support Analyst,High,1,61,PHISH007,Payroll Account Verification,Credential Phishing,Medium,Human Resources,T1566.002,0,0.4141,0,0,0,0,0,0,1,1
EVT004938,EMP0494,Information Technology,IT Support Analyst,High,1,61,PHISH008,QR Code Security Verification,QR Phishing,Hard,All,T1566.002,0,0.4017,1,0,0,0,1,232,0,0
EVT004939,EMP0494,Information Technology,IT Support Analyst,High,1,61,PHISH009,Resume Attachment,Malicious Attachment Simulation,Medium,Human Resources,T1566.001,0,0.3331,0,0,0,0,0,0,0,0
EVT004940,EMP0494,Information Technology,IT Support Analyst,High,1,61,PHISH010,IT Helpdesk Account Verification,Credential Phishing,Hard,All,T1566.002,0,0.4398,0,0,0,0,0,0,0,0
EVT004941,EMP0495,Executive,Director,High,1,91,PHISH001,Microsoft 365 Password Expiration,Credential Phishing,Easy,All,T1566.002,0,0.1813,1,0,0,0,1,565,0,0
EVT004942,EMP0495,Executive,Director,High,1,91,PHISH002,HR Benefits Update,Malicious Attachment Simulation,Medium,All,T1566.001,0,0.2565,1,0,0,0,1,361,0,0
EVT004943,EMP0495,Executive,Director,High,1,91,PHISH003,CEO Urgent Payment Request,Business Email Compromise,Hard,Finance,T1566,0,0.1981,1,0,0,0,1,261,0,0
EVT004944,EMP0495,Executive,Director,High,1,91,PHISH004,Package Delivery Notification,Link Phishing,Easy,All,T1566.002,0,0.2806,1,1,0,0,0,0,1,1
EVT004945,EMP0495,Executive,Director,High,1,91,PHISH005,Shared Cloud Document,Cloud Credential Phishing,Medium,All,T1566.003,0,0.3375,1,0,0,0,1,430,0,0
EVT004946,EMP0495,Executive,Director,High,1,91,PHISH006,Fake MFA Verification Request,Identity Phishing,Hard,Information Technology,T1566.002,0,0.3316,1,1,0,1,0,0,1,1
EVT004947,EMP0495,Executive,Director,High,1,91,PHISH007,Payroll Account Verification,Credential Phishing,Medium,Human Resources,T1566.002,0,0.3345,1,0,0,0,1,345,0,0
EVT004948,EMP0495,Executive,Director,High,1,91,PHISH008,QR Code Security Verification,QR Phishing,Hard,All,T1566.002,0,0.341,1,1,0,0,0,0,1,1
EVT004949,EMP0495,Executive,Director,High,1,91,PHISH009,Resume Attachment,Malicious Attachment Simulation,Medium,Human Resources,T1566.001,0,0.2509,1,0,0,0,0,0,0,0
EVT004950,EMP0495,Executive,Director,High,1,91,PHISH010,IT Helpdesk Account Verification,Credential Phishing,Hard,All,T1566.002,0,0.1879,1,0,0,0,1,120,0,0
EVT004951,EMP0496,Information Technology,IT Support Analyst,Medium,1,85,PHISH001,Microsoft 365 Password Expiration,Credential Phishing,Easy,All,T1566.002,0,0.2669,1,0,0,0,0,0,0,0
EVT004952,EMP0496,Information Technology,IT Support Analyst,Medium,1,85,PHISH002,HR Benefits Update,Malicious Attachment Simulation,Medium,All,T1566.001,0,0.315,1,0,0,0,0,0,0,0
EVT004953,EMP0496,Information Technology,IT Support Analyst,Medium,1,85,PHISH003,CEO Urgent Payment Request,Business Email Compromise,Hard,Finance,T1566,0,0.2425,1,0,0,0,1,205,0,0
EVT004954,EMP0496,Information Technology,IT Support Analyst,Medium,1,85,PHISH004,Package Delivery Notification,Link Phishing,Easy,All,T1566.002,0,0.3137,1,0,0,0,0,0,0,0
EVT004955,EMP0496,Information Technology,IT Support Analyst,Medium,1,85,PHISH005,Shared Cloud Document,Cloud Credential Phishing,Medium,All,T1566.003,0,0.3464,1,1,0,1,0,0,1,1
EVT004956,EMP0496,Information Technology,IT Support Analyst,Medium,1,85,PHISH006,Fake MFA Verification Request,Identity Phishing,Hard,Information Technology,T1566.002,1,0.336,1,0,0,0,0,0,0,0
EVT004957,EMP0496,Information Technology,IT Support Analyst,Medium,1,85,PHISH007,Payroll Account Verification,Credential Phishing,Medium,Human Resources,T1566.002,0,0.3568,1,1,0,0,0,0,1,1
EVT004958,EMP0496,Information Technology,IT Support Analyst,Medium,1,85,PHISH008,QR Code Security Verification,QR Phishing,Hard,All,T1566.002,0,0.3678,1,0,0,0,1,168,0,0
EVT004959,EMP0496,Information Technology,IT Support Analyst,Medium,1,85,PHISH009,Resume Attachment,Malicious Attachment Simulation,Medium,Human Resources,T1566.001,0,0.3498,1,0,1,0,0,0,1,1
EVT004960,EMP0496,Information Technology,IT Support Analyst,Medium,1,85,PHISH010,IT Helpdesk Account Verification,Credential Phishing,Hard,All,T1566.002,0,0.27,1,1,0,1,0,0,1,1
EVT004961,EMP0497,Operations,Operations Analyst,Low,1,92,PHISH001,Microsoft 365 Password Expiration,Credential Phishing,Easy,All,T1566.002,0,0.1313,1,0,0,0,0,0,0,0
EVT004962,EMP0497,Operations,Operations Analyst,Low,1,92,PHISH002,HR Benefits Update,Malicious Attachment Simulation,Medium,All,T1566.001,0,0.1511,1,0,0,0,0,0,0,0
EVT004963,EMP0497,Operations,Operations Analyst,Low,1,92,PHISH003,CEO Urgent Payment Request,Business Email Compromise,Hard,Finance,T1566,0,0.3049,1,0,0,0,1,147,0,0
EVT004964,EMP0497,Operations,Operations Analyst,Low,1,92,PHISH004,Package Delivery Notification,Link Phishing,Easy,All,T1566.002,0,0.109,1,0,0,0,1,166,0,0
EVT004965,EMP0497,Operations,Operations Analyst,Low,1,92,PHISH005,Shared Cloud Document,Cloud Credential Phishing,Medium,All,T1566.003,0,0.1451,0,0,0,0,1,190,0,0
EVT004966,EMP0497,Operations,Operations Analyst,Low,1,92,PHISH006,Fake MFA Verification Request,Identity Phishing,Hard,Information Technology,T1566.002,0,0.2472,1,0,0,0,0,0,0,0
EVT004967,EMP0497,Operations,Operations Analyst,Low,1,92,PHISH007,Payroll Account Verification,Credential Phishing,Medium,Human Resources,T1566.002,0,0.0891,1,0,0,0,1,110,0,0
EVT004968,EMP0497,Operations,Operations Analyst,Low,1,92,PHISH008,QR Code Security Verification,QR Phishing,Hard,All,T1566.002,0,0.0497,1,0,0,0,0,0,0,0
EVT004969,EMP0497,Operations,Operations Analyst,Low,1,92,PHISH009,Resume Attachment,Malicious Attachment Simulation,Medium,Human Resources,T1566.001,0,0.1163,1,0,0,0,1,183,0,0
EVT004970,EMP0497,Operations,Operations Analyst,Low,1,92,PHISH010,IT Helpdesk Account Verification,Credential Phishing,Hard,All,T1566.002,0,0.1374,1,1,0,0,1,210,1,1
EVT004971,EMP0498,Legal,Legal Manager,Medium,1,79,PHISH001,Microsoft 365 Password Expiration,Credential Phishing,Easy,All,T1566.002,0,0.323,1,0,0,0,1,505,0,0
EVT004972,EMP0498,Legal,Legal Manager,Medium,1,79,PHISH002,HR Benefits Update,Malicious Attachment Simulation,Medium,All,T1566.001,0,0.2473,1,0,0,0,0,0,0,0
EVT004973,EMP0498,Legal,Legal Manager,Medium,1,79,PHISH003,CEO Urgent Payment Request,Business Email Compromise,Hard,Finance,T1566,0,0.2269,0,0,0,0,1,254,0,0
EVT004974,EMP0498,Legal,Legal Manager,Medium,1,79,PHISH004,Package Delivery Notification,Link Phishing,Easy,All,T1566.002,0,0.2516,1,0,0,0,1,552,0,0
EVT004975,EMP0498,Legal,Legal Manager,Medium,1,79,PHISH005,Shared Cloud Document,Cloud Credential Phishing,Medium,All,T1566.003,0,0.3641,1,1,0,0,0,0,1,1
EVT004976,EMP0498,Legal,Legal Manager,Medium,1,79,PHISH006,Fake MFA Verification Request,Identity Phishing,Hard,Information Technology,T1566.002,0,0.3551,1,0,0,0,1,285,0,0
EVT004977,EMP0498,Legal,Legal Manager,Medium,1,79,PHISH007,Payroll Account Verification,Credential Phishing,Medium,Human Resources,T1566.002,0,0.2426,1,0,0,0,1,219,0,0
EVT004978,EMP0498,Legal,Legal Manager,Medium,1,79,PHISH008,QR Code Security Verification,QR Phishing,Hard,All,T1566.002,0,0.2746,0,0,0,0,1,116,0,0
EVT004979,EMP0498,Legal,Legal Manager,Medium,1,79,PHISH009,Resume Attachment,Malicious Attachment Simulation,Medium,Human Resources,T1566.001,0,0.1352,1,0,0,0,0,0,0,0
EVT004980,EMP0498,Legal,Legal Manager,Medium,1,79,PHISH010,IT Helpdesk Account Verification,Credential Phishing,Hard,All,T1566.002,0,0.2452,1,0,0,0,0,0,0,0
EVT004981,EMP0499,Marketing,Marketing Specialist,Low,1,79,PHISH001,Microsoft 365 Password Expiration,Credential Phishing,Easy,All,T1566.002,0,0.168,1,0,0,0,1,173,0,0
EVT004982,EMP0499,Marketing,Marketing Specialist,Low,1,79,PHISH002,HR Benefits Update,Malicious Attachment Simulation,Medium,All,T1566.001,0,0.1582,1,0,0,0,0,0,0,0
EVT004983,EMP0499,Marketing,Marketing Specialist,Low,1,79,PHISH003,CEO Urgent Payment Request,Business Email Compromise,Hard,Finance,T1566,0,0.2708,1,0,0,0,1,448,0,0
EVT004984,EMP0499,Marketing,Marketing Specialist,Low,1,79,PHISH004,Package Delivery Notification,Link Phishing,Easy,All,T1566.002,0,0.285,0,0,0,0,1,351,0,0
EVT004985,EMP0499,Marketing,Marketing Specialist,Low,1,79,PHISH005,Shared Cloud Document,Cloud Credential Phishing,Medium,All,T1566.003,0,0.2282,1,0,0,0,0,0,0,0
EVT004986,EMP0499,Marketing,Marketing Specialist,Low,1,79,PHISH006,Fake MFA Verification Request,Identity Phishing,Hard,Information Technology,T1566.002,0,0.2511,1,0,0,0,1,143,0,0
EVT004987,EMP0499,Marketing,Marketing Specialist,Low,1,79,PHISH007,Payroll Account Verification,Credential Phishing,Medium,Human Resources,T1566.002,0,0.0725,1,0,0,0,0,0,0,0
EVT004988,EMP0499,Marketing,Marketing Specialist,Low,1,79,PHISH008,QR Code Security Verification,QR Phishing,Hard,All,T1566.002,0,0.3676,1,0,0,0,1,212,0,0
EVT004989,EMP0499,Marketing,Marketing Specialist,Low,1,79,PHISH009,Resume Attachment,Malicious Attachment Simulation,Medium,Human Resources,T1566.001,0,0.1759,1,0,1,0,1,177,1,1
EVT004990,EMP0499,Marketing,Marketing Specialist,Low,1,79,PHISH010,IT Helpdesk Account Verification,Credential Phishing,Hard,All,T1566.002,0,0.3855,1,1,0,1,0,0,1,1
EVT004991,EMP0500,Information Technology,Security Analyst,Privileged,1,76,PHISH001,Microsoft 365 Password Expiration,Credential Phishing,Easy,All,T1566.002,0,0.2396,1,0,0,0,1,221,0,0
EVT004992,EMP0500,Information Technology,Security Analyst,Privileged,1,76,PHISH002,HR Benefits Update,Malicious Attachment Simulation,Medium,All,T1566.001,0,0.2334,1,0,0,0,0,0,0,0
EVT004993,EMP0500,Information Technology,Security Analyst,Privileged,1,76,PHISH003,CEO Urgent Payment Request,Business Email Compromise,Hard,Finance,T1566,0,0.3432,1,0,0,0,0,0,1,1
EVT004994,EMP0500,Information Technology,Security Analyst,Privileged,1,76,PHISH004,Package Delivery Notification,Link Phishing,Easy,All,T1566.002,0,0.2673,1,0,0,0,1,55,0,0
EVT004995,EMP0500,Information Technology,Security Analyst,Privileged,1,76,PHISH005,Shared Cloud Document,Cloud Credential Phishing,Medium,All,T1566.003,0,0.1519,1,1,0,1,1,99,1,1
EVT004996,EMP0500,Information Technology,Security Analyst,Privileged,1,76,PHISH006,Fake MFA Verification Request,Identity Phishing,Hard,Information Technology,T1566.002,1,0.2855,1,0,0,0,0,0,0,0
EVT004997,EMP0500,Information Technology,Security Analyst,Privileged,1,76,PHISH007,Payroll Account Verification,Credential Phishing,Medium,Human Resources,T1566.002,0,0.2319,1,1,0,1,0,0,1,1
EVT004998,EMP0500,Information Technology,Security Analyst,Privileged,1,76,PHISH008,QR Code Security Verification,QR Phishing,Hard,All,T1566.002,0,0.1694,1,0,0,0,1,251,0,0
EVT004999,EMP0500,Information Technology,Security Analyst,Privileged,1,76,PHISH009,Resume Attachment,Malicious Attachment Simulation,Medium,Human Resources,T1566.001,0,0.2284,1,0,0,0,0,0,0,0
EVT005000,EMP0500,Information Technology,Security Analyst,Privileged,1,76,PHISH010,IT Helpdesk Account Verification,Credential Phishing,Hard,All,T1566.002,0,0.3162,1,1,0,0,1,412,1,1
